<?xml version="1.0" encoding="UTF-8"?>
<?xml-model href="http://www.tei-c.org/release/xml/tei/custom/schema/relaxng/tei_lite.rng" type="application/xml" schematypens="http://relaxng.org/ns/structure/1.0"?>
<?xml-model href="http://www.tei-c.org/release/xml/tei/custom/schema/relaxng/tei_lite.rng" type="application/xml"
	schematypens="http://purl.oclc.org/dsdl/schematron"?>
<TEI xmlns="http://www.tei-c.org/ns/1.0">
  <teiHeader>
      <fileDesc>
         <titleStmt>
            <title>Frauenbüchlein
            </title>
            <author>Unknown</author>
         </titleStmt>
         <editionStmt>
            <edition>1910 printed facsimile copy, ed. Gustav Klein</edition>
            <respStmt><resp>transliterator, TXT and XML encoder</resp>
               <name>Whitt, Richard J.</name></respStmt></editionStmt>
         <publicationStmt>
            <p>Place of Publication: Unknown</p>
            <p>Year: <date>before 1500</date></p>
            <p>Extract: entire text</p>
         </publicationStmt>
         <sourceDesc>
            <bibl>1910 edition, ed. Gustav Klein, Munich: Verlag Carl Kuhn</bibl>
         </sourceDesc>
      </fileDesc>
  </teiHeader>
  <text>
      <body>
         <pb/>
         <p>¶ Diſz biechlin ſagt wie ſich die
            <lb/>ſchwangern frawen halten ſüllẽ
            <lb/>vor der gepurt in der gepurt vnd
            <lb/>nach der gepurd.</p>
         <figure/>
         <p>¶ Ich Ortolffus doctor in der ertzney von <choice><orig>fleyſſi-<lb break="no"/>ger</orig><reg>fleyſſiger</reg></choice>
            gebede willen bin jch gebeten worden von <choice><orig>er<lb break="no"/>beren</orig><reg>erberen</reg></choice>
         frawen/ das jch jhnen geſchriben war geben
            <lb/>ein kurtze lere/ als wenn die ſchwangeren <choice><orig>frau<lb break="no"/>wen</orig><reg>frauwen</reg></choice>
         ſind nachnen der gepurd/ wye ſy ſich darinn
            <lb/>hallten ſoͤllen vnd auch die hefamme zuͦ der <choice><orig>frau<lb break="no"/>wen</orig><reg>frauwen</reg></choice>
            vindeſt du hienach in diſem buͤchlin <choice><orig>geſchri<lb break="no"/>ben</orig><reg>geſchriben</reg></choice>.</p>
<pb n="3"/>
<p>VMb ſunders gebetes willẽ bin jch
   <lb/>Ortholffus doctor in der ertznej <choice><orig>ge<lb break="no"/>beten</orig><reg>gebeten</reg></choice>
worden von erberen frawen
   <lb/>etwas kurtzlichs zeſchreiben wie
   <lb/>ſich die ſchwangeren frawen <choice><orig>hall<lb break="no"/>ten</orig><reg>hallten</reg></choice>
ſoͤllen in jrem tragen/ auch in
   <lb/>jrem geperen vnd wie ſich die <choice><orig>hef<lb break="no"/>amme</orig><reg>hefamme</reg></choice>
bey der frawen vor vnd nach halten ſoͤlle
   <lb/>daruon diſes buͤchlin ſagen wirt. So vermerckt
   <lb/>zuͦ dem erſten drey ſtuck. Zuͦ dem erſten wye ſich
   <lb/>ein fraw hallten ſol/ wenn als bey <num>xiiij.</num> tagen ſo
   <lb/>ſy niderkũmen ſol. Zuͦ dem anderen wie ſich eyn
   <lb/>fraw vnd auch die hefamme halten ſol in der <choice><orig>ge<lb break="no"/>purd</orig><reg>gepurd</reg></choice>
ſy ſey recht oder vnrecht. Zuͦm dritten/ wie
   <lb/>ſich die fraw hallten ſol die weyl ſy in der kindt
   <lb/>ligt. ¶ Zuͦ dem erſten ſo die zeyt nun ſchier iſt dz
   <lb/>ein fraw geperen ſol/ ſo ſol ſy gedencken das ſye
   <lb/>lind mit jren ſtuͤlen ſey/ wann herttung der ſtuͦll
   <lb/>groß vngemach pringt zuͦ diſen zeyten. vnd ob
   <lb/>man die nitt natürlich hat/ ſo ſol man ſy machen
   <lb/>mit zaͤpflein oder mit gepraten oͤpflen mit zucker
   <lb/>fruͤ geeſſen/ vnd darauff getruncken einen trunck
   <lb/>weins oder mit oͤpfel ſafft der auß ſuͤſſen oͤppfeln
   <lb/>getruckt ſey. doch woͤt jr keins helffen ſo nempt
   <lb/>einen geringen triſtir von einer hennenpruͤe oder
   <lb/>flaiſchpruͤ als jr wol wißt vnd mit aimẽ all vñ iſt
   <lb/>on alle ſorg vñ pringt zuͦ den zeiten groſſen nutz</p>
<p>¶ Item es ſol ſich auch kein frow die letztẽ <num>xiiij.</num>
   <lb/>tag nicht vaſt bewegen als ſtiegẽ auff geen oder
<pb n="4"/>
berg/ deßgleichen nit tantzen/ noch auff keinem
   <lb/>wagen faren der hart geet/ deßgleichen nit reiten
   <lb/>kein harttrabent pferd.</p>
<p>¶ Item es ſol ſich ein yegliche ſchwangere fraw
   <lb/>huͤten die letzten <num>xiiij.</num> tag daz ſy nit bad vnd <choice><orig>vor<lb break="no"/>auß</orig><reg>vorauß</reg></choice>
   lang i keinem ſchwais bad oder ſunft in <choice><orig>tru<lb break="no"/>ckem</orig><reg>truckem</reg></choice>
   bad. vnd als ſchad das den frawen iſt. alſo
   <lb/>guͦt iſt das volbad den frawen</p>
         <p>¶ Item es ſol keĩ tragende fraw als jr vil <choice><orig>gewõ<lb break="no"/>heit</orig><reg>gewõheit</reg></choice>
            haben die puͤrſten mit ſchmaltz oder oͤl ſalbẽ
            <lb/>vnd jhnen alſo darnach ſtraͤlen oder pürſten wañ
            <lb/>es pringt in groſſen ſchaden</p>
         <p>¶ Item es ſol ſich auch ein yegliche ſchwangere
            <lb/>fraw die letzten <num>xiiij.</num> tag huͤten vor fallen. <choice><orig>ſchla-<lb break="no"/>hen</orig><reg>ſchlahen</reg></choice>.
            vor groſſem zorẽ. vor groſſer trauikeit. vor
            <lb/>groſſem erſchrecken. auch vor vnkeüſcheit. wañ
            <lb/>ſy iſt vaſt ſchad zuͦ der zeyt</p>
         <p>¶ Item es ſol auch ein yegkliche tragende fraw
            <lb/>die ſchwanger iſt tragen auff jrem leyb ein vier
            <lb/>oder ſechs fahes tuͦch oder ein guͦts lindes lemers
            <lb/>fel auff jrem leib vnd vorauß auf dem nabel vnd
            <lb/>gantz hinab tragen.</p>
         <p>¶ Item das prot das dye ſchwangeren frauwen
            <lb/>eſſen ſoͤllen ſol ſeim gantz lautter on alle kleyben
            <lb/>vnd ſol nicht haben vil vrhab</p>
         <p>¶ Item was ſy auch ißt von eſſen das iſt zuͦ den
            <lb/>zeyten bey den <num>xiiij.</num> tagen geſünder geſotten dañ
            <lb/>gepraten. ſy ſol auch vil eſſen von ſuppen/ ſy ſoll
            <lb/>auch ein falſtikeit haben damit das der leib <choice><orig>gelin<pb break="no" n="5"/>deret</orig><reg>gelinderet</reg></choice> 
            werd/ vnd das ſich die flüß leicht auff thuͤen</p>
         <p>¶ Item ein yegliche ſchwangere fraw die weyl
            <lb/>ſy ſchwanger iſt/ ſol ſy ſich huͤtẽ vor ſaurem ding
            <lb/>oder das bitter iſt/ als ſenff knoblach. kren vñ der
            <lb/>gleichen vnd alles das ſaur iſt.</p>
         <p>¶ Item es ſol ſich auch ein yegliche ſchwangere
            <lb/>fraw huͤten vor allen den eſſen vnnd ertzney die
            <lb/>frawen kranckheit pringẽ. als da iſt <choice><orig>peterſilwur-<lb break="no"/>tzen</orig><reg>peterſilwurtzem</reg></choice>.
            raͤttich wurtz. lannger pfeffer. ſaffran. vnnd
            <lb/>cymatrinden vnd der gleichen</p>
         <p>¶ Item den wein den die ſchwanger frawen <choice><orig>trin<lb break="no"/>cken</orig><reg>trincken</reg></choice>
            ſoͤllen der ſol ſein lauter weiß vñ on alle <choice><orig>ge<lb break="no"/>maͤcht</orig><reg>gemaͤcht</reg></choice>/
            vnd der ſich geren harmen laſt/ vnnd doch
            <lb/>der ein guͦte ſtercke hab.</p>
         <p>¶ Item von früchten die die ſchwangeren <choice><orig>frau-<lb break="no"/>wen</orig><reg>frauwen</reg></choice>
            nuͤſſen ſoͤllen das ſind weinper. vnnd oͤpffel
            <lb/>die nicht zuͦ ſaur ſind. ſy ſoͤllen auch kein pieren
            <lb/>eſſen/ vnnd vorauß die letzten <num>xiiij.</num> tag</p>
         <p>¶ Item jch will auch nicht raten das den <choice><orig>ſchwan<lb break="no"/>geren</orig><reg>ſchwangeren</reg></choice>
            frawen keinerley gewürtz guͦt ſey.</p>
         <p>¶ Item es ſol auch die zeyt eĩ yegliche fraw die
            <lb/>das vermag beſehen vmb ein guͦte hefamme die
            <lb/>wol bewaͤrt ſey/ vnd die ſubtil hend hab/ vñ dye
            <lb/>nicht erſchrocken ſey/ auch die nit vil wort habe.
            <lb/>wãn die ſach will nit wort haben ſund’ die werck</p>
            <p>¶ Item es iſt auch den ſchwangeren frauen nütz
               <lb/>das ſy die letzten tzehen tag ſich alle nacht vmb
               <lb/>die lende mit gamillen oͤle ſalben/ das ſich die <choice><orig>ſch<lb break="no"/>loß</orig><reg>ſchloß</reg></choice>
               deßter leichter auffthuͤen in der gepurd</p>
         <pb n="6"/>
<p>¶ Item die hefamme ſol mercken auff diſe ſtuck.
   <lb/>wann man vinder nur ein figur an dem <choice><orig>niderkũ-<lb break="no"/>men</orig><reg>niderkũmen</reg></choice>
   der frawen die dye beſt iſt. das iſt wenn das
   <lb/>haubt des kindes ſich am erſten erzaigt/ vnnd die
   <lb/>hendlin baide geſtracktes hat auf den hüfftlin. wz
   <lb/>aber figur ſind die nitt die geſtalt haben ſind alle
   <lb/>ſorgſam. Als wann ſich am erſten ein hand <choice><orig>erzai<lb break="no"/>get</orig><reg>erzaiget</reg></choice>
   od’ ſy all baid. Oder daz ſich am erſten erzaigt
   <lb/>ein hüff. oder die ſeyten. oder das knie/ od’ kompt
   <lb/>zwifach her/ oder kompt mit einem bain <choice><orig>geſtra-<lb break="no"/>cktes</orig><reg>geſtracktes</reg></choice>
   oder zwifachtig/ dye ſeind all ſorgſam. vnd
   <lb/>die bedürffen wol einer hefammẽ die ſolich figur
   <lb/>wenden künden vnd das kind vmbkeren/ vñ ein
   <lb/>yegliches glid wider an ſein ſtat zuͦ pringen. Vñ
   <lb/>die letzt vnnatürlich figur iſt wenn es mit baidẽ
   <lb/>fuͤßlin daher geet/ vnd die hendlin geſtracktz auf
   <lb/>den hüfftlin hat. die figur iſt auch der beſten eine
   <lb/>vnder den ſorgſamen/ vnd man ſol ſy nit wenden
   <lb/>doch die andern all ſol man nitt laſſen alſo <choice><orig>herkũ-<lb break="no"/>men</orig><reg>herkũmen</reg></choice>/
   auß genuͤmen die erſt vñ die letzt. was aber
   <lb/>die andern ſind/ ſol die hefamm darob ſein das/ ſy
   <lb/>das kind in muͦter leib vmbkere/ vnd die gelider
   <lb/>leg als dann gehoͤrt. Vnd wenn es ſich nun recht
   <lb/>erzaigt ſo ſol ſy der frawen helffen/ vnd auch dye
   <lb/>fraw jr ſelbſt mit anſich zuͦ ziehen den atem oder
   <lb/>mit ſchreyen vnd deßgleichen. Es ſol auch zuͦ den
   <lb/>zeyten die hefamme gar lindiklichen nachdauhẽ
   <lb/>vnd den bauch oberhalb des nabels vnd auch dye
   <lb/>hüff trucken. vnd kein hefamme ſol kein arbeyt
   <pb n="7"/>
   mit keiner frawen nicht anfahen/ dann es ſej daz
   <lb/>ſich das kindlin an dem erſten erzaig zuͦ dẽ <choice><orig>greif<lb break="no"/>fen</orig><reg>greiffen</reg></choice>
   oder das man es geſehen mag/ wann es iſt
   <lb/>die arbeyt vmbſunſt vnd verloren. vnd man <choice><orig>krẽ<lb break="no"/>cket</orig><reg>krẽcket</reg></choice>
   die frawen vaſt damit/ vnd arbeyten ſich ab
   <lb/>Vnd wenn es dann zuͦ der zeyt kompt ſo ſy <choice><orig>arbei<lb break="no"/>ten</orig><reg>arbeiten</reg></choice>
   ſol ſo iſt ſy zuͦ kranck vnd ſchwach worden</p>
         <p>¶ Item iſt aber ſach das die frawen alſo nicht <choice><orig>ni<lb break="no"/>der</orig><reg>nider</reg></choice>
            kũmen vnd ſich verzuge/ ſo ſol man jr eĩ nieß
            <lb/>ſtupp blaſen in die naſen dz ſy nieſſent werd. vñ
            <lb/>die heymlich ſtat ſalben mit einem baumoͤl oder
            <lb/>mit einem aͤnten ſchmaltz/ darein gemiſchet ſey
            <lb/>zwaier gerſten koͤrner ſchwaͤr geſtoſſen ſaffram.
            <lb/>vnd ein gerſten koren ſchwaͤr biſen daz alles <choice><orig>vn<lb break="no"/>dereinander</orig><reg>vndereinander</reg></choice>
            gemiſchet/ vnd damit der frauen die
            <lb/>heymlichen ſtat ſalben</p>
         <p>¶ Item wie aber ſich ein fraw ſtellen ſol ſo ſy <choice><orig>ny<lb break="no"/>der</orig><reg>nyder</reg></choice>
            der wil kũmen/ iſt das die beſt geſtallt das ſy eyn
            <lb/>fraw leg an den rugk/ doch das ſy nit gantz lige.
            <lb/>auch nicht recht ſtee/ ſunder ein mittel ſoll es ſein
            <lb/>vnder dem ligen vnd ſteen. vñ das haubt mer <choice><orig>hin<lb break="no"/>der</orig><reg>hinder</reg></choice>
            ſich ſoll ligen dann für ſich. vnnd in waͤlſchen
            <lb/>landen hat man beſunder ſtuͤll darzuͦ wenn ſy <choice><orig>ge-<lb break="no"/>peren</orig><reg>geperen</reg></choice>
            woͤllen/ vnd ſind ſchier als die ſtuͤll die mã
            <lb/>für die tiſch iſt ſetzẽ in vnſern landen do man ſich
            <lb/>hinden an lainen iſt mit dem rugken/ vnd füllen
            <lb/>ſy auch wol auß hinden mit tüchern. vnnd daran
            <lb/>lainen ſy dann die frawen mit dem ruggen/ vnd
            <lb/>über den ſtuͦl hinden ſo laſſen ſy dann das haubte
            <pb n="8"/>
            ein wenig hangen/ vnd ſeind nit hoch ſtuͦll. vñſo
            <lb/>es zeyt iſt/ ſo ſol die hefamme die diecher wol <choice><orig>er<lb break="no"/>heben</orig><reg>erheben</reg></choice>/
            vnd ſy keren yetzund auff die rechten <choice><orig>ſey-<lb break="no"/>ten</orig><reg>ſeyten</reg></choice>.
            yetzundt auff die gelincken/ vnd ſoll ſy ſelten
            <lb/>nider laſſen. die fraw ſol jr auch ſelber helfen mit
            <lb/>anſich zuͦziehen den atem/ vñ auch das man jr dz
            <lb/>beüchlin gemaͤchlich truck oberhalben des nabels
            <lb/>vnd der hüff. vnnd das iſt das beſt weſen d’ <choice><orig>mage<lb break="no"/>ren</orig><reg>mageren</reg></choice>
            frawen. Aber den groſſen faiſten weyber iſt
            <lb/>nützer ſy legen ſich auff den bauch/ vnd die knye
            <lb/>gegen dem hertzen. als die hefamme wol waißt.</p>
         <p>¶ Item in der gepurd ſo ſich erzaigt das püdlein
            <lb/>vnd zerpricht nicht/ ſo ſoll man es mit den neglẽ
            <lb/>oͤffnen/ oder einen tail nemen zwiſchen zwen <choice><orig>fin<lb break="no"/>ger</orig><reg>finger</reg></choice>
            vnd das oͤffnen mit einem ſcherle in damit dz
            <lb/>die feüchtike yt herauß ſey lauffen</p>
         <p>¶ Item ob es ſich waͤre begeben das das pürdlein
            <lb/>zerpraͤch bey einer frawen/ vnd nicht bald <choice><orig>darna<lb break="no"/>ch</orig><reg>darnach</reg></choice>
            volget das kindlein/ vnd das die heimlich ſtat
            <lb/>ettwas truckẽ wurd/ ſo ſol man ſy feücht machẽ
            <lb/>vnd flüſſig mit oͤle od’ mit mayſchem butter oder
            <lb/>das weiß von einem ay/ wann ſoliches thuͦt den
            <lb/>frawen zuͦ der zeyt groſſe hilffe.</p>
         <p>¶ Item ob es ſich ſuͤget das das pürdlin nitt von
            <lb/>ſtat woͤlt geen/ nach dem ſo das kindlin geporen
            <lb/>iſt. ſo ſol man die frawen nieſſent machen mit <choice><orig>ei<lb break="no"/>nem</orig><reg>einem</reg></choice>
            nießſtupp/ vnd man ſol jr mund vnd naſen
            <lb/>verhallten/ ſo lang vnd ſy müg das erleyden. vñ
            <lb/>iſt ſach das ſich daz pürdlin erzaigt/ ſo ſol man es
            <pb n="9"/>
            nicht mit krafft ziehen/ ſunder gemaͤchlichen das
            <lb/>es nicht zerriſſen werd. vnd ein tail bey d’ frauen
            <lb/>beleib. vnd iſt ſach daz man es zeucht vnd wil es
            <lb/>nicht leichtiklichẽ geen/ ſo pind das zuͦ dem bain
            <lb/>das herfornen iſt/ vnd das ander tail daz da jnnen
            <lb/>laß man ruͤen vnd gebent jr mer nießſtupp dz ſy
            <lb/>nieſent werd. vnd ſalbt ſy auff dem nabel/ vñ <choice><orig>pin<lb break="no"/>dent</orig><reg>pindent</reg></choice>
            jr ein nuſſchal vol baumoͤls darauff. vñ ſalbt
            <lb/>ſy jnnen vnd auſſen mit baumoͤl/ vnd reibt ſy an
            <lb/>baiden ſeyten/ vnd kert ſy hin vnd her biß ſo lãg
            <lb/>das es gantz herauß geet. Die welhin nemẽ ein
            <lb/>hefamme die klein hend hat/ vnd thuͤen darũb eĩ
            <lb/>tuͤchlin das da gedunckt iſt in baumoͤle. vnnd die
            <lb/>thuͦt dann die hand in die heymlich ſtat vñ ledigt
            <lb/>da ab gemaͤchlich das pürdlin dz iſt ein guͦter ſyn
            <lb/>wo es ein fraw erleyden mag. wann ſo das <choice><orig>pird<lb break="no"/>lin</orig><reg>pirdlin</reg></choice>
            ein weyl beleibt ſo hebt es an zuͦ faulen. vnnd
            <lb/>den ſelbigen faulen dampff d’ geet auf an dz hertz
            <lb/>haubt. leber vnd magen/ vñ verderbt alſo <choice><orig>fra<lb break="no"/>wen</orig><reg>frawen</reg></choice>.
            vnd darũb ſol die hefãme ſere eylen damit
            <lb/>das dz pürdlin von d’ frawẽ kũm. vnd ob anders
            <lb/>nichts helffen woͤlt ſo gebt jr wein rautẽ ſafft zuͦ
            <lb/>trincken oder ab rauten ſafft/ vnd das offt jm tag
            <lb/>oder ſegelbaum waſſer das treibt alles vaſt</p> 
         <p>¶ Nun kürtzlichen will jch auch ettwas <choice><orig>ſchrey<lb break="no"/>ben</orig><reg>ſchreyben</reg></choice>.
            wie ſich die kindtpedterin hallten ſoͤllẽ nach
            <lb/>d’ gepurd. wiewol ſich vil kranckheit begeben <choice><orig>na<lb break="no"/>ch</orig><reg>nach</reg></choice>
d’ gepurdt/ doch will jch eüch allein von einer
            <lb/>kranckheit ſchreiben/ die eüch am ſorgſamen iſt.
<pb n="10"/>
vnd dauon vil ander kranckheit kũmen. vñ iſt dz
            <lb/>ſy wol gereynigt wirt von dem vnflat d’ ſich dañ
            <lb/>ſamletalls lang dann eine ſchwanger iſt.</p>
<p>¶ Item das ſind die kranckheit nach d’ kindelpet.
   <lb/>Am erſten kompt es das ſye den haren nymmer
   <lb/>mügent verhallten. Die and’ das ſich die muͦter iſt
   <lb/>zerreiffen vnd die oͤffnet als ein truckens ertrich
   <lb/>zerſchrindet. Die dritt das ſy apoſtem vnd aiß <choice><orig>in-<lb break="no"/>wendig</orig><reg>inwendig</reg></choice>
   gewinnen. Die vierd das ſy den krebs <choice><orig>i<lb break="no"/>wendig</orig><reg>iwendig</reg></choice>
   gewinnẽ. Die fünfft. das die muͦter gãtz
   <lb/>miteinander herauß geet. Die ſechſt das ſy dẽ <choice><orig>ge<lb break="no"/>luſt</orig><reg>geluſt</reg></choice>
   gantz verlieren. Die ſybent. das ſy waſſer <choice><orig>ſuͤ-<lb break="no"/>chtig</orig><reg>ſuͤchtig</reg></choice>
   werden. Die achtet daz ſy das fieber <choice><orig>gewin<lb break="no"/>nen</orig><reg>gewinnen</reg></choice>
   vnd gewonlichen daran ſterbẽ. Dye neündt
   <lb/>das in die fuͦßs geſchwellen vnnd groß werden.
   <lb/>Die zehendt das ſy die walguͦß überkũmen. vnd
   <lb/>alſo durchſeyhen als ein außgetruckts tuͦch. Die
   <lb/><num>rj.</num> das ſy den fluß durch den leyb gewinnen/ vnd
   <lb/>alles das ſy eſſent vngedeüet von ĩ geet. Die <num>xij</num>
   <lb/>das ſy alles das vndeüen das ſy eſſent. Die <num>xiij.</num>
   <lb/>das ſy erkallten als bald das kind von in kompt
   <lb/>das ſy darnach nymer berhafft werden. Die <num>xiiij.</num>
   <lb/>das eine nicht mer geſchickt wirt das ſy <choice><orig>ſchwan-<lb break="no"/>ger</orig><reg>ſchwanger</reg></choice>
   werd. Die <num>rv.</num> das jnen die muͦter faulet Die
   <lb/><num>xvj.</num> das ſich die muͦter hin yſſet vnd heißt ſamt <choice><orig>an<lb break="no"/>thomus</orig><reg>anthomus</reg></choice>
   feüer. Die <num>xvij.</num> das ſy die jucken <choice><orig>ankum<lb break="no"/>met</orig><reg>ankummet</reg></choice>/
   vnd iſt die angſtlicheſt pein vnd’ den andern
   <lb/>Die <num>xviij.</num> das ſy fiſtel gewinnen Die <num>xix.</num> daz die
   <lb/>muͦter vnd d’ leib zeſamen kũmen. Die <num>xx.</num> das ſy
   <pb n="11"/>
   allweg wee darinn haben. Die <num>xxj.</num> das jnen <choice><orig>all-<lb break="no"/>wegen</orig><reg>allwegen</reg></choice>
   vnſauberkeit herauß rinnet. Die <num>xxij.</num> dz
   <lb/>ein ſtuck in einer wechſt als ſeye ſy ſchwanger.
   <lb/>Die <num>xxiij.</num> das ſich die muͦter auff ein ſeyten legt.
   <lb/>es ſey auff die gerecht od’ linck/ vnd iſt in allweg
   <lb/>wee darinn. Die <num>xxiij.</num> das ſich die muͦter über ſich
   <lb/>zeucht/ vnnd den atem verſtellt das geſchicht den
   <lb/>frawen gar offt. Die <num>xxv.</num> daz in der muͦter <choice><orig>wach<lb break="no"/>ſen</orig><reg>wachſen</reg></choice>
   wartzen od’ ander übrig fleyſch. Die <num>xxvj.</num> ſo
   <lb/>ſich in d’ muͦter waſſer ſamlet als ein halbe flaſch
   <lb/>mit weĩ wenn man ſy hin vñ her kert. Die <num>xxvij</num>
   <lb/>ſo ſich wind dariñ ſamlen/ vnnd darauß geen als
   <lb/>die ſtuͦll thuͦnd. Die <num>xxviij.</num> weñ die ſtuͦll jren <choice><orig>auß<lb break="no"/>gang</orig><reg>außgang</reg></choice>
   haben zuͦ d’ heymlichen ſtat/ als jch es dañ
   <lb/>offt geſehen hab/ das iſt hart zuͦ wendẽ. Die <num>xxix</num>
   <lb/>wenn eĩ fraw erkallt daz ſy nit mer berhafftig iſt
   <lb/>die ſind allweg weißplaich vnd’ den augen. Dye
   <lb/><num>xxx.</num> iſt ſo würm in d’ muͦter wachſſen als die <choice><orig>kür<lb break="no"/>bis</orig><reg>kürbis</reg></choice>
   kerẽ. Die <num>xxxj.</num> das ſy geprechen in d’ gepurd
   <lb/>das jnen offt des gedaͤrms einẽ tail herauß geet.
   <lb/>vnd auch ſunſt vil ander kranckheit danon zuͦlãg
   <lb/>zuͦ ſchreiben waͤr mügen kũmen einer gepererin
   <lb/>wenn ſy nicht wol bewart iſt mit einer guͦten <choice><orig>be-<lb break="no"/>waͤrten</orig><reg>bewaͤrten</reg></choice>
   hefammen als man zuͦ zeyten wol ſicht.</p>
         <p>¶ Nũ als jch eüch verheiſſen hab zeſchreibẽ wie
            <lb/>jr eüch halten ſoͤlt ſo jr gepert habt. ſo gedencket
            <lb/>das jr nicht erkaltendt/ ſunder das man eüch auff
            <lb/>den bauch der frawen leg ein leilach das linds <choice><orig>fa<lb break="no"/>den</orig><reg>faden</reg></choice>
            ſey/ vnd acht vach oder mer hab/ vnd das ſol
            <pb n="12"/>
            ſy allweg auff dem bauch haben. vnnd wenn ſy
            <lb/>darunder ſchwitzt/ ſo neme man jr ein ander <choice><orig>ley-<lb break="no"/>lach</orig><reg>leylach</reg></choice>.
            vñ die fraw ſol ſich huͤten das ſy nit ſchwitz
            <lb/>die erſten <num>xiiij.</num> tag oder ſo lang der fluß an jr <choice><orig>we<lb break="no"/>ret</orig><reg>weret</reg></choice>/
            wann das ſchwitzen verſtrellet den fluß</p>
         <p>¶ Item als bald die fraw geperẽ iſt. iſt ſy ſo <choice><orig>ſtar<lb break="no"/>ck</orig><reg>ſtarck</reg></choice>
            ſol man ſy ein wenig vmbſieren iſt das ſy den
            <lb/>fluß nit recht hat/ vnd ſol mit parfuͦß ſein/ vñ dye
            <lb/>fuͦß allwegen warm halltẽ die weyld’ fluß wert</p>
            <p>¶ Item es ſol kein kindtpedterin zuͦ vinſter ligẽ,
               <lb/>ſunder ſy ſol ein wenig liecht haben waſy dann
               <lb/>ligen iſt. jch hab es geſehen das frawen erplindt
               <lb/>ſind die zuͦ vinſter ſeind gelegen in der kindtpedt</p>
            <p>¶ Item die kintpedterin ſol ligen in dem pedt als
               <lb/>ſy den fluß hat. auch ſol das haubt vnd ſchulter <choice><orig>ho<lb break="no"/>ch</orig><reg>hoch</reg></choice>
               ligen/ ſo mag die vnſauberkeyt deßterbas <choice><orig>hin<lb break="no"/>auß</orig><reg>hinauß</reg></choice>
            flieſſen/ vnd wirt deßtbas gereyniget</p>
         <p>¶ Item ein yegleiche kindtpedterin ſol ſich huͤten
            <lb/>vor aller traurikeyt. vnd zoren. vnnd ſoll jr auch
            <lb/>nicht fürchten/ wann ſollich ſachen pringent den
            <lb/>frawẽ vil uͤbels/ vñ hat ſy forcht ſol man jr huͤtẽ</p>
<p>¶ Item ſy ſol auch ein ſlaͤten lautern wein habẽ
   <lb/>der an alle gemaͤcht ſey. vnd den nicht verkeren
   <lb/>wann es thuͤe dann groſſe nott die weyl ſy ligt.</p>
         <p>¶ Item die erſten tag als lang der flus weret ſo
            <lb/>ſol ſy ſich halten mit flüſſgẽ eſſen/ als da ſind <choice><orig>lau-<lb break="no"/>tere</orig><reg>lautere</reg></choice>
            aier dye friſch ſeyen vnd geſotten vnd nicht
            <lb/>gepraten. oder ein lauters ſüplin von eĩer hennẽ.
            <lb/>oder auch von einem lambfleyſch oder von einer
            <pb n="13"/>
            arbais pruͤ daran langer pfeffer geſotten ſey vnd
            <lb/>auch wol gegilbet. vnd an freytagen vnnd an <choice><orig>ta<lb break="no"/>gen</orig><reg>tagen</reg></choice>
            da man nicht flaiſch an yſſet ein arbais pruͤe
            <lb/>oder zizer ſuppen abgemacht mit langem pfeffer
            <lb/>vnd abgegilbet mit einem ſaffran</p>
         <p>¶ Item wẽn die kindtpedterin kompt über drey
            <lb/>oder vier tag/ ſo mag ſy wol eſſen eins geſtoſſẽs
            <lb/>huͤnlins. über ſechs tag eins geſottens huͤnlins.
            <lb/>vnd eins lamfleiſch das junck ſey/ oder einer <choice><orig>ge-<lb break="no"/>ſtoſſen</orig><reg>geſtoſſen</reg></choice>
            hennen. vnnd deßgleichen über zehen tag
            <lb/>mag ſy eſſen geſtoſſen voͤgel junck od’ allte huͤner
            <lb/>Item geſoten air/ vnd auch vnder weylen ein <choice><orig>mi<lb break="no"/>lich</orig><reg>milich</reg></choice>
            ſüpplin iſt das der frawen das haubt nit wee
            <lb/>thuͦt/ oder ein waitzens muͦßlin. oder eyn kraffte
            <lb/>muͤßlin. oder ein käßpruͤ von einem friſchen kaͤß.
            <lb/>Item air in ſchmaltz gepachen. eingeruͤrt. ein <choice><orig>ge<lb break="no"/>ſetzt</orig><reg>geſetzt</reg></choice>
            oder wie man ſy macht iſt den frawẽ keins
            <lb/>geſundt. Sy ſoͤllent auch keinerley kuͤchel eſſen.
            <lb/>wie man die bachen iſt.</p>
         <p>¶ Item keinerley obs iſt den frawen geſundt als
            <lb/>lang ſy in der kindtpedt ligen. Item als lanng ſy
            <lb/>habent den fluß ſo lang ſoͤllent ſy nit baden.</p>
         <p>¶ Item keinerley fiſch ſoͤlt jr eſſen wenig od’ vil.
            <lb/>Item ſy ſoͤllen weder pier noch met trincken Sy
            <lb/>ſoͤllent jnen auch nicht ſtraͤlen laſſen. als weyt jr
            <lb/>ſein überig mügt ſein dieweyl vnd jr den fluß <choice><orig>ha<lb break="no"/>bent</orig><reg>habent</reg></choice>.
            vnd alle nacht ſo ſol man den kindtpedterin
            <lb/>die fuͤß reyben mit warmen tuͤchern. vnd man ſol
            <lb/>auch die fuͤß warm hallten.</p>
         <pb n="14"/>
<p>¶ Item waͤre ſach das ein kintpedterin jren fluß
   <lb/>am erſten nicht fürderlichen hete. ſo mag man jr
   <lb/>machen deren tranck eins/ weliches jr am liebſtẽ
   <lb/>gehaben mügt. Das erſt. nempt ſechs lorber dye
   <lb/>wol geſchelet ſeyen vnd zerſchneydent die. vnd
   <lb/>nempt drey koͤrner von langẽ pfeffer. vñ ein <choice><orig>hal-<lb break="no"/>bes</orig><reg>halbes</reg></choice>
   quintlin ſaffran/ vnd pindent das alles in ein
   <lb/>tuͤchlin/ vnd gieſſent daran als vil as tzwo <choice><orig>ayer<lb break="no"/>ſchalen</orig><reg>ayerſchalen</reg></choice>
   voller weins. vnd man geb dann der <choice><orig>frau<lb break="no"/>wen</orig><reg>frauwen</reg></choice>
   dauon einen guͦten trunck vmb veſpertzeyt
   <lb/>auch ſol man der frawen dauon zuͦ trincken gebẽ
   <lb/>geg nachtz ſo ſy ſchlaffen will geen.</p>
         <p>¶  Item ein andere ertzney. es iſt guͦt den <choice><orig>kindtpe<lb break="no"/>terin</orig><reg>kindtpeterin</reg></choice>
            ſo ſy jren fluß nicht recht haben das ſy <choice><orig>trin-<lb break="no"/>cken</orig><reg>trincken</reg></choice>
            poley waſſer oder mayoram waſſer. kan mã
            <lb/>aber der waſſer keines gehaben. ſo ſiede man der
            <lb/>kreütter eins weliches man an dem baſten <choice><orig>geha<lb break="no"/>ben</orig><reg>gehaben</reg></choice>
            mag/ vnd trinckent darab wie ab dem erſten
            <lb/>tranck als oben geſchriben ſtat.</p>
         <p>¶ Darumb jr allerliebſten frawen nach dem als
            <lb/>jch gebeten bin worden von eüch etwas zuͦ <choice><orig>ſchrei<lb break="no"/>ben</orig><reg>ſchreiben</reg></choice>
            ben den ſchwangeren frauen/ bitt jch euͤerliebe dz
            <lb/>in keinem argen auff tzuͦnemen wa jch zuͦ grob
            <lb/>waͤr geweſen/ wann ſoliches hab jch nicht vmb
            <lb/>vnd vmb verkluͤgen künden. wenn es waͤr noch
            <lb/>gar vil darnon zeſchreiben/ will jch yetzo tzemal
            <lb/>vnderwegen laſſen/ vnd will eüch got dem herrẽ
            <lb/>vnd ſeiner werden muͦter Marie empfelhen dye
            <lb/>eüch erfreüen thuͤen mit einem froͤlichen anplick</p>
      </body>
  </text>
</TEI>
