<?xml version="1.0" encoding="UTF-8"?>
<?xml-model href="http://www.tei-c.org/release/xml/tei/custom/schema/relaxng/tei_lite.rng" type="application/xml" schematypens="http://relaxng.org/ns/structure/1.0"?>
<?xml-model href="http://www.tei-c.org/release/xml/tei/custom/schema/relaxng/tei_lite.rng" type="application/xml"
	schematypens="http://purl.oclc.org/dsdl/schematron"?>
<TEI xmlns="http://www.tei-c.org/ns/1.0">
<teiHeader>
<fileDesc>
 <titleStmt>
<title>Reformation/ oder <lb/>Ordnung fuͤr die Heb-
<lb/>Ammen/
 <lb/>Allen guten Policeyen dienſtlich. <lb/>Geſtelt an einen Erbarn Rath des <choice>
<orig>Hey-<lb break="no"/>ligen</orig>
<reg>Heyligen</reg>
</choice> Reichs Statt Franckfurt/ <lb/>am Meyn/ <lb/>Durch <lb/><hi rend="antiqua">Adamum
Lonicerum Medicum <lb/>Phyſicum</hi> daſelbſt. <lb/>Deren vnderſchiedlicher Inhalt/ vnd
nutz/ <lb/>nechſt nach der Vorred zufinden. <lb/><date>1573.</date>
<lb/><foreign xml:lang="Latin" rend="antiqua">Cum Caſ. Maieſt. Priuilegio ad
octennium.</foreign>
</title>
<author>Adam Lonitzer</author>
 </titleStmt>
 <editionStmt>
<edition>Digital Facsimile from Bayerische Staatsbibliothek</edition>
<respStmt><resp>transliterator, TXT and XML encoder</resp>
 <name>Whitt, Richard J.</name></respStmt></editionStmt>
 <publicationStmt>
<p>Place of Publication: Frankfurt am Main</p>
<p>Year: <date>1573</date></p>
<p>Extract: Entirety of main text (Section of Psalms and Sermon by Caspar Huber excluded)</p>
 </publicationStmt>
 <sourceDesc>
<bibl>URL: http://reader.digitale-sammlungen.de/resolve/display/bsb10987882.html</bibl>
 </sourceDesc>
</fileDesc>
</teiHeader>
<text>
<body>
 <pb n="B iiij.r"/>
<div type="part" n="1"><head>Erſter Theil.</head>
<div type="chapter" n="1"><head>Von erwehlung der
<lb/>Perſon der Ammen.
 <lb/><abbr>Cap.</abbr> 1.</head>
<p>DIeweil wir alle durch den <lb/>ſchmertzen/ von wegẽ des erſten falls/ <lb/>vnd aufferlegten
fluchs/ geboren <choice>
<orig>wer-<lb break="no"/>den</orig>
<reg>werden</reg>
</choice>/ vnd nicht wenig vnraths in der <lb/>Geburt/ nicht allein der Mutter/ ſondern
auch der <lb/>Frucht/ durch vngeſchickligkeit/ vnd auch zuweilen <lb/>durch boßheit
etlicher Ammen/ widerfaren kan/ <lb/>Sol man billich zur erwehlung der Ammen <choice>
<orig>fleiſ-<lb break="no"/>ſig</orig>
<reg>fleiſſig</reg>
</choice> achtung vnd auffſehens haben/ Als nemlich:</p>
 <p>Es ſol die jenige welche zu einer Ammen <choice>
<orig>auff-<lb break="no"/>genom̃en</orig>
<reg>auffgenom̃en</reg>
</choice> wirt/ eine Erbare Gottsfuͤrchtige Fraw <lb/>ſein/ eines ehrlichen lebens/
guter ſitten vnd <choice>
<orig>geper-<lb break="no"/>den</orig>
<reg>geperden</reg>
</choice>/ nuͤchtern/ erbarer geſtalt von angeſicht/ <choice>
<orig>glid-<lb break="no"/>muͤſſiges</orig>
<reg>glidmuͤſſiges</reg>
</choice> leibs/ ſonderlich gerade gelencke hende <lb/>haben/ damit ſie fertig vnd
geſchicklich mit der <choice>
<orig>ge-<lb break="no"/>burt</orig>
<reg>geburt</reg>
</choice> vmbgehen moͤge. Nicht haͤſſig/ nicht neidiſch/ <pb n="B iiij.v"/> nicht
zaͤnkiſch/ nicht frech/ nicht hoffertig/ nicht <lb/>trutzig oder bolleriſch vnnd
murriſch mit worten/ <lb/>Sonderen freundtlich/ ſanfftmuͤtig/ troͤſtlich/ <lb/>Sol auch
gehertzt vnnd kurtzweiliges <choice>
<orig>geſpre-<lb break="no"/>ches</orig>
<reg>geſpreches</reg>
</choice> ſein/ daß ſie den verzagten vnnd <choice>
<orig>kleinmuͤ-<lb break="no"/>tigen</orig>
<reg>kleinmuͤtigen</reg>
</choice> nach notturfft koͤndte zureden/ Vnnd ſie <lb/>luſtig vnnd gehertzt zur arbeit
machen/ vnnd im <lb/>fall der not troͤſten moͤge. Sie ſol auch ein <choice>
<orig>zeit-<lb break="no"/>lang</orig>
<reg>zeitlang</reg>
</choice> ſich zu andern Ammen gehalten haben/ daß <lb/>ſie in allen zufaͤllen/ ſo ſich
bey den geberenden <choice>
<orig>zu-<lb break="no"/>tragen</orig>
<reg>zutragen</reg>
</choice> moͤgen/ guten bericht vnnd erfarung habe/ <lb/>vnnd ſchnellen rath in
gefaͤhrlichen faͤllen zu geben <lb/>wiſſe.</p></div>
<div type="chapter" n="2"><head>Von dem beruff vnd Ampt der
<lb/>Ammen. <abbr>Cap.</abbr> 2.</head>
 <p><note n="1" place="left margin"><label>I.</label>
<lb/>Ammen <lb/>ſeind in <lb/><choice>
<orig>Gottſe-<lb break="no"/>ligem</orig>
<reg>Gottſeligem</reg>
</choice>
<choice>
<orig>be<lb break="no"/>ruff</orig>
<reg>beruff</reg>
</choice>.</note>ES ſollen die Ammen wiſſen/ das ſie in <choice>
<orig>ei-<lb break="no"/>nem</orig>
<reg>einem</reg>
</choice> Gottſeligen ampt vnd beruff ſein/ vnd <lb/>das ſie Gott dem Herren inn ſolchem
jrem <lb/>ampt/ zur erhaltung ſeines geſchoͤpffes/ dienen/ vñ <lb/>wie mittel von jm
darzu gebraucht werden. Dann <lb/>alſo ſagt die heilige Schrifft/ Exodi am 1. cap. Die
<lb/>Ammen die fuͤrchteten Gott den Herren/ vnd <choice>
 <orig>the-<pb break="no" n="C.r"/>ten</orig>
<reg>theten</reg>
</choice> nicht wie jhnen der Koͤnig geboten hatte/ <choice>
<orig>dar-<lb break="no"/>umb</orig>
<reg>darumb</reg>
</choice> ließ Gott den Ammen gutes widerfaren/ vñ <lb/>dieweil ſie Gott fuͤrchteten/
bawet er jhnen heuſer. <lb/>Darumb ſollen ſie/ wie auch anfengklichen geſagt <lb/>iſt/
Gottsfuͤrchtig ſein/ das ſie durch jr eigen <choice>
<orig>gewiſ-<lb break="no"/>ſen</orig>
<reg>gewiſſen</reg>
</choice> jres ampts erjnnert/ vnd zum fleiß bey den <choice>
<orig>ge-<lb break="no"/>berenden</orig>
<reg>geberenden</reg>
</choice> getrieben werden/ Vnnd ſollen dencken/ <lb/>das jr ampt ein Gottſelig
Chriſtlich ampt ſey/ <choice>
<orig>wel-<lb break="no"/>ches</orig>
<reg>welches</reg>
</choice> Gott wolgefalle/ vnd nicht vnbelohnet woͤlle <lb/>laſſen. Dargegen aber/ wo
ſie Gott nicht <choice>
<orig>fuͤrch-<lb break="no"/>tẽ</orig>
<reg>fuͤrchtẽ</reg>
</choice>/ vnfleiſſig ſein/ oder jr ampt zur verderbung des <lb/>menſchens mißbrauchen/
das ſie Gott ernſtlich mit <lb/>zeitlicher vnd ewiger pein ſtraffen werde.</p>
 <p>Diß ſol ein jede Amme zu Chriſtlichem <choice>
<orig>ge-<lb break="no"/>muͤt</orig>
<reg>gemuͤt</reg>
</choice> vnd hertzen faſſen/ vnd deſto fleiſſiger jren <choice>
<orig>be-<lb break="no"/>ruff</orig>
<reg>beruff</reg>
</choice> vnd ampt bedencken/ vnd deſto freudiger vnd <lb/>luſtiger in ſolchem jrem
ſtande ſein/ Als die Gott <lb/>dem Herren ein wolgefallens thut/ vnnd jm ſelbſt <lb/>zu
erhaltung ſeines Ebenbildes/ wie ein mittel/ <choice>
<orig>die-<lb break="no"/>net</orig>
<reg>dienet</reg>
</choice>/ vnnd auch von jm reichliche belonung darfuͤr <lb/>empfangen wirt.</p>
<p>Damit nun ein Amme jrem beruff fleiſſig <pb n="C.v"/>
<note n="2" place="left margin"><label>2. </label><lb/>Ammen <lb/>ſollen an
<lb/>heimiſch <lb/>ſein.</note>nachkomme/ vnnd jrem gewiſſen genug thu/ ſol ſie
<lb/>ſich ſtettigs anheimiſch laſſen finden/ So ſie aber <lb/>an ein ort zu einer
geberenden/ oder ſonſt an <choice>
<orig>ehrli-<lb break="no"/>che</orig>
<reg>ehrliche</reg>
</choice> ende/ da ſie zuthun hat/ erfodert wirdt/ ſol ſie <lb/>allwegen inn jrem hauſe
beſcheidt laſſen/ wo ſie zu <lb/>finden ſey.</p>
<p><note n="3" place="left margin"><label>3. </label><lb/>Sollen <lb/>keiner <choice>
<orig>ab<lb break="no"/>sagen</orig>
<reg>absagen</reg>
</choice>.</note>Es ſoll auch ein Amme einer jeden/ weß <choice>
<orig>ſtan-<lb break="no"/>des</orig>
<reg>ſtandes</reg>
</choice> die ſein moͤge/ ſo ſie erfordert wirdt/ bereit vnd <lb/>willig ſein/ keiner
abſagen/ oder jren dienſt <choice>
<orig>abſchla<lb break="no"/>gen</orig>
<reg>abſchlagen</reg>
</choice>/ es ſey gleich Reich oder Arm/ einem jeden <lb/>vmb ſein gebuͤrliche belonung/
nach ſeines ſtandes <lb/>gelegenheit.</p>
<p><note n="4" place="left margin"><label>4.</label> Sollen bald <choice>
<orig>er-<lb break="no"/>ſcheinẽ</orig>
<reg>erſcheinẽ</reg>
</choice>.</note>Dieweil auch leichtlich durch ſeumung der <lb/>Ammen gefahr
entſtehet/ ſollen ſie als bald zu den <lb/>geberenden zu kommen/ fertig vnd willig
ſein.</p>
<p><note n="5" place="left margin"><label>5. </label><lb/>Ammen <lb/>ſollen <choice>
<orig>ei-<lb break="no"/>nig</orig>
<reg>einig</reg>
</choice> mit <lb/>einander <lb/>ſein.</note>Es ſollen auch die Ammen einig mit <choice>
<orig>einan-<lb break="no"/>der</orig>
<reg>einander</reg>
</choice> ſein/ auff daß wo es ſich zutruͤge/ daß eine ſo <choice>
<orig>er-<lb break="no"/>fordert</orig>
<reg>erfordert</reg>
</choice> wuͤrde/ an einem andern ort inn der arbeyt <lb/>ſitzet/ vnnd nicht abkommen
kuͤndt/ ein andere <choice>
<orig>an<lb break="no"/>ſtatt</orig>
<reg>anſtatt</reg>
</choice> derſelbigen an das ander ort willig gehe/ vnd <lb/>nicht abſage/ dieweil ſie
zuuor nicht iſt gebraucht <pb n="C ij.r"/> worden/ vnd die fraw zu der ſie beruffen
wirdt/ <choice>
<orig>kei-<lb break="no"/>nes</orig>
<reg>keines</reg>
</choice> weges ſolches entgelten laſſen/ Auch ob ſich <choice>
<orig>ge-<lb break="no"/>fehrliche</orig>
<reg>gefehrliche</reg>
</choice> faͤlle zutragen wuͤrden/ daß eine bey der <lb/>andern trewlich jren rath
mittheilen vñ beyſtandt <lb/>leiſte/ In welchem fall vil daran gelegen iſt/ das ſie
<lb/>eins mit einander ſein/ damit keine auß vngunſt <lb/>oder neidt/ etwas der
geberenden zu nutz vnd huͤlff <lb/>moͤchte entſprieſſen/ verſchweige oder verhalte.</p>
<p><note n="6" place="right margin"><label>6.</label><lb/>
<choice>
<orig>Vnehli-<lb break="no"/>che</orig>
<reg>Vnehliche</reg>
</choice>
<choice>
<orig>Ge-<lb break="no"/>burt</orig>
<reg>Geburt</reg>
</choice>.</note>Sie ſollen auch/ ſo ſie zu vnehlichen orten/ als <lb/>zu Maͤgden/
oder andern Weibern/ welche <choice>
<orig>vneh-<lb break="no"/>lich</orig>
<reg>vnehlich</reg>
</choice> Hurenleben fuͤren/ beruffen werden/ gleichfals <lb/>wie zu andern erſcheinen/
Sollen aber des Kinds <lb/>Vatter mit fleiß erforſchen/ vnnd nach dem ſie jr <lb/>ampt
verrichtet haben/ ſolches der Obrigkeit <choice>
<orig>an-<lb break="no"/>zeigen</orig>
<reg>anzeigen</reg>
</choice>/ damit dieſelbige ſolches vbel vnd vnzuͤchtig <lb/>leben nach gebuͤr ſtraffen
moͤge.</p>
<p><note n="7" place="right margin"><label>7.</label>
<lb/>Vonn <lb/><choice>
<orig>ſchwan-<lb break="no"/>gern</orig>
<reg>ſchwangern</reg>
</choice> Maͤgdẽ <lb/>vnd <choice>
<orig>Hu-<lb break="no"/>ren</orig>
<reg>Huren</reg>
</choice>.</note>So ſie auch einige Magdt oder andere <choice>
<orig>Per-<lb break="no"/>ſonen</orig>
<reg>Perſonen</reg>
</choice>/ ſo in vnzucht leben/ vnd ſchwanger werden/ <lb/>erfaren/ ſollen ſie ſolche
fuͤr ſich ſelbſt anreden/ vnd <lb/>bey ernſtlicher ſtraaff ermanen/ das ſie der frucht
<lb/>ſchonen/ vnnd durch keine boͤſe liſte oder boͤſen rath <lb/>ſchnoͤder leute/
dieſelbige verderben woͤlle/ wie dañ <pb n="C ij.v"/> ſolche leichtfertige leute
leichtlich zuthun pflegen/ <lb/>ſollen auch ſolches den verordneten weibern kundt
<lb/>thun.</p>
<p><note n="8" place="left margin"><label>8.</label>
<lb/>Sollen die kiudt <lb/>betterin <lb/>beſuchẽ.</note>Es ſoll auch ein jede Amme/
nach dem ſie jhr <lb/>ampt mit der geberenden frawen verrichtet hat/ <lb/>hinfurt die
erſte viertzehen tag ſchuldig ſein/ zum <lb/>wenigſten vber den andern tag ſie
zubeſuchen/ vnd <lb/>zu zuſehen daß ſie nicht verwarloſet werde.</p></div>
<div type="chapter" n="3"><head>Von Obriſten Matronen oder frawen/
<lb/>ſo vber die Ammen ſollen geſetzt
<lb/>ſein/ <abbr>Cap.</abbr> 3.</head>
<p>ES iſt gar notwendig/ daß etliche beſondere
<lb/>vorneme Erbare/ verſtendige/ alte <choice><orig>Matro-<lb break="no"/>nen</orig><reg>Matronen</reg></choice>
oder frawen/ vieler bedencklicher <choice><orig>vrſa-<lb break="no"/>chen</orig><reg>vrſachen</reg></choice>
 halben/ von Raths wegen/ vber die Ammen/
<lb/>als Obriſten/ erwehlet/ geordnet vnnd geſetzt
<lb/>werden/ dieſelbige ſollen von den Ammen in <choice><orig>al-<lb break="no"/>len</orig><reg>allen</reg></choice>
 ſchweren zufelligen ſachen/ auch allerhandt
<lb/>vnordnungen vnd jrrungen/ ſo vnder denen <choice><orig>moͤch-<lb break="no"/>ten</orig><reg>moͤchten</reg></choice>
fuͤrfallen/ erſucht/ vnd von jhnen als jre <choice><orig>Obri-<lb break="no"/>ſten</orig><reg>Obriſten</reg></choice>
 erkendt werden. Auch ſollen die Ammen von
<lb/>ſolchen jhren Obriſten/ wo einige klage kommet/
<lb/>fuͤrgefordert vnd angehoͤret werden/ vnd von jnen
<pb n="C iij.r"/>
einrede vnnd bericht/ nach gelegenheit empfahen.</p>
<p>Es ſollen auch die Am̃en von diſen jhren <choice>
<orig>Obri-<lb break="no"/>ſten</orig>
<reg>Obriſten</reg>
</choice>/ ehe ſie zu Ammen angenom̃en werden/ <choice>
<orig>gnug-<lb break="no"/>ſam</orig>
<reg>gnugſam</reg>
</choice> jhres lebens vnd geſchicklichkeit halben <choice>
<orig>verhoͤ-<lb break="no"/>ret</orig>
<reg>verhoͤret</reg>
</choice>/ vnd verſucht werden/ vnd deſſen ein <choice>
<orig>vollkom-<lb break="no"/>menes</orig>
<reg>vollkommenes</reg>
</choice> zeugnuß von jhnen bey der Obrigkeit <choice>
<orig>an-<lb break="no"/>gebracht</orig>
<reg>angebracht</reg>
</choice> werden. An diſem puncten iſt <choice>
<orig>fuͤrnem-<lb break="no"/>lich</orig>
<reg>fuͤrnemlich</reg>
</choice> viel gelegen.</p></div>
<div type="chapter" n="4"><head>Wie die Ammen ſollen <choice><orig>angenom-<lb break="no"/>men</orig><reg>angenommen</reg></choice>
 werden/ <abbr>Cap.</abbr> 4.</head>
<p>SO es ſich begibt/ daß einer Am̃en mangel
<lb/>iſt/ vnd eine andere ſoll angenommen <choice><orig>wer-<lb break="no"/>den</orig><reg>werden</reg></choice>/ Sollen die aͤltiſten Ammen/ ſolches fuͤr
<lb/>jre Obriſten anbringen/ vnd ſo ſie ein andere <choice><orig>wiſ-<lb break="no"/>ſen</orig><reg>wiſſen</reg></choice>/ dieſelbige anzeygen/ vnnd ſoll volgendts ſolchs
<lb/>durch diſe der Obrigkeit fuͤrgebracht werden.</p>
<p>Als dann ſollen die Ammen bey jhren <choice><orig>Eydts-<lb break="no"/>pflichten</orig><reg>Eydtspflichten</reg></choice>
zum hoͤchſten durch die Obrigkeyt <choice><orig>erma-<lb break="no"/>net</orig><reg>ermanet</reg></choice>
 werden/ daß ſie des wandels halben fleiſſige
<lb/>nach forſchung haben/ Darnach ſie vor die <choice><orig>verord-<lb break="no"/>nete</orig><reg>verordnete</reg></choice>
 erbare matronen beſcheiden/ vnnd daſelbſt ſie
<lb/>von allen notwendigen ſtuͤcken befragen.</p>
<pb n="C iij.v"/>
<p>Wann ſie nun von denſelben Matronen/ neben
<lb/>den Ammen/ jhres wandels vnnd geſchickligkeyt
<lb/>halben/ tuͤchtig erkendt wirdt/ ſollen ſie ſolches der
<lb/>Obrigkeyt wider anzeygen/ welche als dann den
<lb/>gebuͤrlichen Eydt derſelbigen wirdt aufflegen.</p></div>
<div type="chapter" n="5"><head>Fragſtuͤck oder Examen der <choice><orig>Am-<lb break="no"/>men</orig><reg>Ammen</reg></choice>/ darauff ſie ſollen verhoͤrt
<lb/>werden <abbr>Cap.</abbr> 5.</head>
<p>Ehe dann eine zur Ammen angenom̃en wirt/
<lb/>vnnd ehe ſie den Eydt ſchweret/ ſoll ſie durch
<lb/>die geſchworne Ammen/ welche <choice><orig>zuſammen<lb break="no"/>kommen</orig><reg>zuſammenkommen</reg></choice>
 ſollen/ in beyſein der zugegebenen erbarn
<lb/>verſtendigen frawen/ von allen puncten vnnd <choice><orig>ſtuͤ-<lb break="no"/>cken</orig><reg>ſtuͤcken</reg></choice>
ſo einer Ammen gebuͤren zuwiſſen/ fleiſſig <choice><orig>exa-<lb break="no"/>miniert</orig><reg>examiniert</reg></choice>
vnd gefragt werden/ vnnd darauff <choice><orig>richti-<lb break="no"/>gen</orig><reg>richtigen</reg></choice>
 beſcheit vnd antwort geben/ als auff volgende
<lb/>puncten: Nemlich/ ob ſie getrawe mit Gottes huͤlff/
<lb/>ſolches ampt nach notturfft zuuerſehen/ vnd in <choice><orig>al-<lb break="no"/>len</orig><reg>allen</reg></choice>
faͤllen/ ſo ſich bey den geberenden zutragen <choice><orig>moͤ-<lb break="no"/>gen</orig><reg>moͤgen</reg></choice>/ guten rath vnd huͤlff wiſſe zuthun/ vñ die kind
betterin ſampt dem kindt/ nottuͤrfftiglich <choice><orig>zuuerſor-<lb break="no"/>gen</orig><reg>zuuerſorgen</reg></choice>
 vnd verwaren.</p>
<pb n="C iiij.r"/>
<p>Durch welche Amme ſie vnderricht ſei worden.</p>
<p>Bey welchen zeichen ſie erkennen koͤnne daß <choice><orig>ei-<lb break="no"/>ne</orig><reg>eine</reg></choice>
 ſchwanger ſei.</p>
<p>Wie ſich die frucht jede zeit in mutterleib halte.
</p><p>Wie ſie die rechte zeit der geburt pruͤfen vnnd
<lb/>erkennen kan.
</p><p>Wie ſie die geberende recht legen/ vnnd wie ſie
<lb/>fuͤr derſelben ſitzen ſoll/ vnnd was ſie fuͤr <choice><orig>bereit-<lb break="no"/>ſchafft</orig><reg>bereitſchafft</reg></choice>
bei der handt haben ſoll/ damit alles <choice><orig>rich-<lb break="no"/>tig</orig><reg>richtig</reg></choice>
 naher gehe/ vnnd nichts geſeumet werde/ vnnd
<lb/>wie ſie die Weiber ſo darbei ſein/ zur huͤlff <choice><orig>verord-<lb break="no"/>nen</orig><reg>verordnen</reg></choice>
 vnd anſtellen woͤlle.</p>
<p>Welcher geſtalt das kindt natuͤrlicher weiſe zur
<lb/>geburt ſich ſoll ſchicken vnd erzeigen.</p>
<p>Wie ſie das kindt empfahen/ abloͤſen/ den nabel
<lb/>verſorgen woͤlle.</p>
<p>Wie ſie die nachburt oder buͤrde/ von der <choice><orig>mut-<lb break="no"/>ter</orig><reg>mutter</reg></choice>
außfuͤren woͤlle/ vnd volgendt/ die <choice><orig>Kindtbette-<lb break="no"/>rin</orig><reg>Kindtbetterin</reg></choice>
 verſehen. So das kindt ſchwach vnd halb todt
<lb/>were/ vnd den athem nicht wol hette/ was ſich alſ
<lb/>dann zuthun gepuͤre.</p>
<p>Wie ſie thun/ wann das kindt widerſinnig zu
<lb/>der geburt kompt/ als ſo es mit den fuͤſſen <choice><orig>herfuͤr-<pb break="no" n="C iiij.v"/>kompt</orig><reg>herfuͤrkompt</reg></choice>/ oder mit einem fuͤßlin allein kompt/ vnnd
<lb/>das ander hinderſich gebogen ligt.
</p><p>So das kindt vberzwerch vnd vber ein ſeit ligt.</p>
<p>So daß kindt mit den knien kompt/ vnd die fuͤß
<lb/>hinderſich gebogen ſeindt.</p>
<p>So es mit dem kopff kompt/ vnd ein aͤrmlin <choice><orig>da-<lb break="no"/>neben</orig><reg>daneben</reg></choice>
 mit herauß ſtreckt.</p>
<p>So beyde arm neben dem koͤpfflin ſich herauß
<lb/>ſtrecken.</p>
<p>So es mit dem hindern oder ars fuͤr die geburt
<lb/>kompt.</p>
<p>So es mit gebogenem nacken ſich zur geburt <choice><orig>er<lb break="no"/>zeyget</orig><reg>erzeyget</reg></choice>/ vnd hende vnd fuͤſſe vberſich keret.</p>
<p>So es mit henden vnd fuͤſſen zuſamen geborgen
<lb/>zugleich zur geburt kompt.</p>
<p>So es mit der bruſt vnnd dem beuchlin fuͤr die
<lb/>geburt kompt/ vnd hende vnd fuͤſſe hinderſich keret.
<lb/>So zwilling vorhanden/ vnnd beyde zugleich
<lb/>mit den koͤpffen zur geburt kommen.</p>
<p>So die zwilling zugelich mit den fuͤſſen beide
<lb/>ſich erzeigen.</p>
<p>So der zwilling eines mit den fuͤſſen/ das ander
<lb/>mit dem kopff zugleich ſich erzeigen.</p>
<p>Was zuthun/ ſo die geburt nicht fort will/ vnnd
<pb n="D.r"/>
wie derſelbigen hindernus zubefuͤrderen.</p>
<p>Wie ſie erkennen kan/ ſo das Kindt in <choice><orig>mutter-<lb break="no"/>leib</orig><reg>mutterleib</reg></choice>
 todt iſt.</p>
<p>Was zuthun/ ſo die frucht im leib todt iſt/ vnnd
<lb/>nicht fort wil.</p>
<p>In was fall/ vnnd wie/ der Ammen ſtul/ ſo die
<lb/>Ammen pflegen zuhaben/ zugebrauchen ſei.</p>
<p>Auff ſolche vnd andere mehr dergleichen <choice><orig>frag-<lb break="no"/>ſtuͤck</orig><reg>fragſtuͤck</reg></choice>/ ſo einer Ammen gebuͤren zuwiſſen/ ſoll ein
<lb/>jede Amme/ ehe ſie angenom̃en/ vnd ehe der Eydt
<lb/>jhr aufferlegt wirdt/ nottuͤrfftiglich gefragt <choice><orig>wer-<lb break="no"/>den</orig><reg>werden</reg></choice>/ vnd antwort geben.</p>
<p>So nun eine gnugſam vff ſolche frage <choice><orig>antwor-<lb break="no"/>ten</orig><reg>antworten</reg></choice>
 vnd beſtehen kan/ vnd jhres wandels vnd <choice><orig>erba-<lb break="no"/>ren</orig><reg>erbaren</reg></choice>
 lebens/ guter ſitten/ geſtalt des leibs/ vnd <choice><orig>ande-<lb break="no"/>rer</orig><reg>anderer</reg></choice>
 geſchickligkeyt halben/ tuͤglich zu ſolchem ampt
<lb/>durch die Amme vnd durch jhre Obriſten erkendt
<lb/>wirdt/ Sollen die Ammen ſolches der Obrigkeyt
<lb/>kundt thun/ vnd begeren daß ſie angenom̃en <choice><orig>wer-<lb break="no"/>de</orig><reg>werde</reg></choice>/ vnd den Ammeneydt ſchwere.</p></div>
<pb n="D.v"/>
<div type="chapter" n="6"><head>Von dem Eydt der Ammen.
<lb/><abbr>Cap.</abbr> 6.</head>
<p>EIn jede Amme ſoll geſchworen ſein/ darumb
<lb/>als bald ein Amme angenommen wirdt/ ſoll
<lb/>ſie folgender weiſe ein Eydt thun.</p>
<p>Ich <abbr>N.</abbr> Schwere zu Gott dem Allmechtigen/
<lb/>daß ich meinem ampt in allen dingẽ zum <choice><orig>trewlich-<lb break="no"/>ſten</orig><reg>trewlichſten</reg></choice>
 wil nachkommen/ jederman wes ſtandts er ſei/
<lb/>reich oder arm/ ſo ich erfordert werde/ willig ſein/
<lb/>vñ moͤglichen fleiß vnd trew beweiſen/ Keine fraw
<lb/>mutwillig verſeumen/ oder verwarloſen/ auch
<lb/>mich nicht zur verderbung einiger geburt laſſen
<lb/>gebrauchen.</p>
<p>Wo ſich gefaͤhrliche faͤll zutragen/ wil ich <choice><orig>ande-<lb break="no"/>re</orig><reg>andere</reg></choice>
 Am̃en auch laſſen fordern/ Auch ſo ich in gleichẽ
<lb/>fall zu anderen erfordert werde/ wil ich trewlich
<lb/>zum beſten rahten/ vnnd nichts auß neidt oder <choice><orig>vn-<lb break="no"/>gũſt</orig><reg>vngũſt</reg></choice>/ was nuͤtzlich vñ behuͤlfflich ſein mag verhaltẽ.</p>
<p>Auch ſo einige baſtart geburt fuͤrkompt/ ſolches
<lb/>der Obrigkeit als baldt vermelden.</p>
<p>Wo ſolches ich nicht thun werde/ ſoll mich Gott
<lb/>an leib vnd ſeele ewiglich ſtraffen/ wie ich dann zu
<lb/>ſeinem Heyligen namen geſchworen hab.</p></div>
<pb n="D ij.r"/>
<div type="chapter" n="7"><head>Von andern ſo nicht Ammen ſein/
<lb/>vnd ſich des Ammenampts <choice><orig>vnder-<lb break="no"/>winden</orig><reg>vnderwinden</reg></choice>. <abbr>Cap.</abbr> 7.</head>
<p>ES ſoll kein fraw/ ſie ſei gleich wer ſie woͤlle/
<lb/>die nicht vor der Obrigkeit angenommen/
<lb/>vnd diſes ampts halben geſchworen hat/ ſich
<lb/>des Ammenampts bey einiger kindtbeiterin/ Es
<lb/>wuͤrde dann ſolches die noth/ von wegen ſeumung
<lb/>der Am̃en/ erforden/ vielerley vrſachen vnnd <choice><orig>vn-<lb break="no"/>raths</orig><reg>vnraths</reg></choice>
 halben/ ſo dardurch/ ſonderlich bey der <choice><orig>vn-<lb break="no"/>ehelichen</orig><reg>vnehelichen</reg></choice>
 Baſtarts frucht/ entſtehen kan/ <choice><orig>vnder-<lb break="no"/>winden</orig><reg>vnderwinden</reg></choice>.</p>
<p>Da aber ein vngeſchworne fraw/ ſich ſolches
<lb/>von jhr ſelbſt vnderwinden wuͤrde/ ſollen die <choice><orig>ge-<lb break="no"/>ſchworne</orig><reg>geſchworne</reg></choice>
 Am̃en/ ſolches den elteſten verordneten
<lb/>erbarn frawen anzeygen/ vnd ſie fuͤr dieſelbige <choice><orig>fuͤr-<lb break="no"/>fordern</orig><reg>fuͤrfordern</reg></choice>/ die ſollen der ſachen gelegenheyt <choice><orig>erkundi-<lb break="no"/>gen</orig><reg>erkundigen</reg></choice>
 vnd ſie examiniren/ ob ſie jhrer vermeſſenheyt
<lb/>zuſtraffen/ oder etwa zu dem Ammenampt jrer <choice><orig>er-<lb break="no"/>barkeyt</orig><reg>erbarkeyt</reg></choice>
vnnd geſchickligkeit halben/ auch <choice><orig>anzune-<lb break="no"/>men</orig><reg>anzunemen</reg></choice>
 ſey.</p>
<p>Da aber die not vorhanden were/ vnd in der eile
<lb/>kein geſchworne Am̃e darbei als bald ſein kuͤnd/ da
<pb n="D ij.v"/>
ſoll ein jede verſtendige frawe/ ſo darbei iſt/ <choice><orig>moͤgli-<lb break="no"/>chen</orig><reg>moͤglichen</reg></choice>
 fleiß vnd huͤlff zuthun ſchuldig ſein.</p></div>
<div type="chapter" n="8"><head>Wie ſich die Ammen bei den <choice><orig>gebe-<lb break="no"/>renden</orig><reg>geberenden</reg></choice>
 frawen halten ſollen.
<lb/><abbr>Cap.</abbr> 8</head>
<p>Wann ein Amme zu einer geberenden frawen
<lb/>erfordert wirdt/ ſoll ſie alle gelegenheit <choice><orig>fleiſ<lb break="no"/>ſig</orig><reg>fleiſſig</reg></choice>
 erforſchen/ vñ acht nemen ob es die <choice><orig>rech-<lb break="no"/>te</orig><reg>rechte</reg></choice>
 zeit ſei oder nicht/ oder aber vrſachen halben/ die
<lb/>geburt vor der gebuͤrlichen zeit ſich ergebe. Dañ es
<lb/>kan nicht allwegen ein fraw ſo eygentlich vnnd <choice><orig>ge-<lb break="no"/>wiß</orig><reg>gewiß</reg></choice>
 die ſtunde/ oder auch den tag wiſſen/ dieweil
<lb/>offt eine ehe oder langſamer/ ob ſie ſchon zu gleicher
<lb/>zeit empfangen haben/ als die andere/ pfleget <choice><orig>zu-<lb break="no"/>geberen</orig><reg>zugeberen</reg></choice>.</p>
<p>Es hat auch offtermals eine ein gantz ſchnelle
<lb/>vnnd leichte geburt/ ein andere gar ſchwerlich vñ
<lb/>langſam. So tragen ſich offt kindtſwehe zu ehe
<lb/>dann es zeit/ welche wider hinweggehen vnnd ſich
<lb/>verlieren/ daß die frawe noch etliche wochen wider
<lb/>gehet/ ehe ſie geberet.</p>
<pb n="D iij.r"/>
<p>In ſolchen faͤllen allen ſoll ein Amme <choice><orig>bedacht-<lb break="no"/>ſam</orig><reg>bedachtſam</reg></choice>
ſein/ vnd vnuerdroſſen/ nicht leichtlich von der
<lb/>frawen darzu ſie erfordert iſt/ abweichen/ es ſei dañ
<lb/>daß ſie aller gelegenheyt nach gnugſame <choice><orig>anzey-<lb break="no"/>gung</orig><reg>anzeygung</reg></choice>
 hab/ daß lengerer verzug da ſei.</p>
<p>So aber die zeit der geburt vorhanden/ vnnd
<lb/>doch ſich verweilet/ vnd langſam zugehet/ ſoll die
<lb/>Amme willig darbei ſein/ vnd die geberende fraw
<lb/>nicht zur arbeyt vnnoͤtiglich dringen/ Dann es
<lb/>wirdt groſſer ſchaden zugefuͤget den geberenden/
<lb/>wann die Amme vnwillig ſein der verweilung <choice><orig>hal<lb break="no"/>ben</orig><reg>halben</reg></choice>/ vnd gern baldt hinweg weren/ vnd als dann
<lb/>die frawen zuuil zum arbeyten/ ehe die rechte zeit
<lb/>da iſt/ noͤtigen.</p>
<p>Wann es aber an der rechten zeit iſt/ vnnd die
<lb/>frawe bloͤde/ kleinmuͤtig vnnd verzagt zur arbeit
<lb/>were/ wie dann bei vielen geſchicht/ daß ſie <choice><orig>fuͤrch-<lb break="no"/>ten</orig><reg>fuͤrchten</reg></choice>
es geſchehe jnen zu wehe/ oder ſonſten <choice><orig>mutwil-<lb break="no"/>lig</orig><reg>mutwillig</reg></choice>
 ſein/ vnd dardurch ſich ſelbſt vnd die frucht <choice><orig>hin-<lb break="no"/>dern</orig><reg>hindern</reg></choice>/ (dann es ſein die Weiber dißfals/ wie auch
<lb/>ſonſten/ ſehr vngleich/ daß etliche mit freundlichen
<lb/>worten ſich weiſen laſſen/ vnnd von hartem <choice><orig>anre-<pb break="no" n="D iij.v"/>den</orig><reg>anreden</reg></choice>
vnd bochen/ verzagt vnnd erſchrocken werden/
<lb/>etliche aber widerſpennig vnd mutwillig ſein/ daß
<lb/>mann mit guten worten nichts von jnen erhalten
<lb/>oder zuwegen bringen kan (ſondern mit draͤwen/
<lb/>vnd ſchelten woͤllen getrieben ſein.) Als dann ſoll
<lb/>die Amme gehertzt ſein/ vnd der geberenden <choice><orig>ernſt-<lb break="no"/>lich</orig><reg>ernſtlich</reg></choice>
 zureden/ vnd ſie ermanen/ vnd ſo es von noͤten/
<lb/>mit ernſt ſchelten vnd ſtraffen. Derhalben ſoll ein
<lb/>Amme bedaͤchtlich handelen/ daß ſie ein jede <choice><orig>wiſ-<lb break="no"/>ſe</orig><reg>wiſſe</reg></choice>
 nach der gelegenheyt troͤſtlich/ freundtlich/ oder
<lb/>mit harten worten anzureden/ daß die geburt
<lb/>gluͤcklich naher gehe.</p>
<p>Wann nun die geburt gluͤckſelig ergangen/ vnd
<lb/>die mutter ohn gefahr derſelbigen entbunden vnd
<lb/>erlediget worden/ ſoll die Amme das kindt/ wie ſich
<lb/>gebuͤret/ mit dem nabel wol verſehen/ vnd die <choice><orig>mut-<lb break="no"/>ter</orig><reg>mutter</reg></choice>
 auch wol verwaren vnnd verſorgen/ daß die
<lb/>nachgeburt vnd buͤrde von jr komme/ vnd jhr in daß
<lb/>beth geholffen/ vnnd weiter verſehen werde/ dann
<lb/>es kan ſich leichtlich ein verſaumnus dißfalls <choice><orig>zutra<lb break="no"/>gen</orig><reg>zutragen</reg></choice>/ daß etwa geſchicht/ daß die Weiber alle auff
<lb/>das kind acht haben/ vñ der mutter vergeſſen/ oder
<lb/>bey der mutter zu lang ſtehen/ vnd das kind <choice><orig>verſeu-<pb break="no" n="D iiij.r"/>mẽ</orig><reg>verſeumẽ</reg></choice>. So kom̃pt auch offt/ daß das kind gar ſchwach
<lb/>vnd auch wol halb tod auff die welt kompt/ da mañ
<lb/>es leichtlich vberſehen vnd verſeumen kan/ ſo mann
<lb/>nicht fertig iſt mit dem nabel zuloͤſen vnd zubinden.</p></div>
<div type="chapter" n="9"><head>Von gefaͤhrlicher geburt.
<lb/><abbr>Cap.</abbr> 9.</head>
<p>ES tragen ſich offtmals ſchwere vnd auch <choice><orig>ge-<lb break="no"/>faͤhrliche</orig><reg>gefaͤhrliche</reg></choice>
 geburt zu/ daß etwa die mutter/ <choice><orig>et-<lb break="no"/>wa</orig><reg>etwa</reg></choice>
 das kindt/ etwa beide in gefahr ſein/ <choice><orig>Wel-<lb break="no"/>cher</orig><reg>Welcher</reg></choice>
 geſtalt nun ſolche gelegenheyt ſich zutragen
<lb/>mag/ ſoll allwege die erſte Hebamme/ welche bey
<lb/>der geberender frawen erfordert iſt/ noch ein <choice><orig>an-<lb break="no"/>dere</orig><reg>andere</reg></choice>/ vnnd wo vonnoͤten/ auch die dritte erfordern
<lb/>laſſen/ damit kein verwarloſung geſchehe.</p>
<p>So aber ein Amme ſich beſchweren wuͤrde/ die
<lb/>andern laſſen zufordern/ als daß ſie den andern die
<lb/>ehre nicht goͤnnen wolte/ ſondern ſelbſt fuͤr die <choice><orig>ge-<lb break="no"/>ſchickſte</orig><reg>geſchickſte</reg></choice>
 gehalten ſein/ vnnd einige verwarloſung
<lb/>darauß erfolgen wuͤrde/ ſoll dieſelbige Amme in
<lb/>ſtraff der Obrigkeyt verfallen ſein.</p>
<p>So auch die andern Am̃en ſich zu der erſtẽ <choice><orig>zukom<pb break="no" n="D iiij.v"/>men</orig><reg>zukommen</reg></choice>/ vnnd beiſtand zuthun jrgendt auß neidt oder
<lb/>mutwillen wegern wuͤrden/ vnd ein vnfall ſich <choice><orig>zu-<lb break="no"/>tragen</orig><reg>zutragen</reg></choice>
 wuͤrde/ ſoll die erſte Amme/ ſo fern mann
<lb/>erkennen kan/ daß ſie jren moͤglichen fleiß gethan/
<lb/>vnd nichts gepuͤrlichs vnderlaſſen/ vnnd durch ſie
<lb/>kein verſeumnus oder verwarloſung geſchehen/
<lb/>vnd an jhr kein ſchuld iſt/ entſchuͤldiget ſein/ die <choice><orig>an-<lb break="no"/>dern</orig><reg>andern</reg></choice>
 aber ſollen von wegen jhres vngehorſams/ vñ
<lb/>vergeſſener Eydtspflichten/ nach gefallen der
<lb/>Obrigkeyt geſtrafft werden.</p>
<p>Do aber ſach were daß eine Amme bey einer
<lb/>geberenden nider geſeſſen were/ vnd nicht <choice><orig>abkom-<lb break="no"/>men</orig><reg>abkommen</reg></choice>
 kuͤndte/ ſoll mann nach verſtendigen weibern
<lb/>ſo der Ammen oder dẽ andern gefaͤllig ſein/ <choice><orig>trach-<lb break="no"/>ten</orig><reg>trachten</reg></choice>. Auch im fall daß die Amme erſcheinen <choice><orig>kuͤnd-<lb break="no"/>te</orig><reg>kuͤndte</reg></choice>/ moͤgen doch erfarne weibsperſonen auch <choice><orig>dar-<lb break="no"/>zu</orig><reg>darzu</reg></choice>
 erfordert werden.</p>
<p>Wann nun die Ammen/ oder auch andere <choice>
<orig>wei-<lb break="no"/>ber</orig>
<reg>weiber</reg>
</choice>/ in gefaͤhrlichen faͤllen zuſammen kommen/ ſoll <lb/>die erſte Amme den andern
alle gelegenheyt/ wie <lb/>es vmb die frucht ſtehe/ vnnd was ſie rathſam <choice>
<orig>zu-<lb break="no"/>thun</orig>
<reg>zuthun</reg>
</choice> achte/ anzeigen/ damit die andern ſolches <choice>
<orig>ver-<pb break="no" n="E.r"/>nemen</orig>
<reg>vernemen</reg>
</choice> vnd bedenckẽ/ So ſollẽ dañ die andern die <lb/>gelegenheyt auch erforſchen/
vnd jhren beſten rath <lb/>vñ huͤlff mittheylen/ vnd keine etwas auß vngunſt <lb/>oder
neidt verhelen/ ſondern einmuͤtiglich <choice>
<orig>Chriſt-<lb break="no"/>liche</orig>
<reg>Chriſtliche</reg>
</choice> trew vnd huͤlff beweiſen/ vnnd aller ding ſich <lb/>vereinigen. Dann wo einige
klage deßfals <choice>
<orig>erfol-<lb break="no"/>gen</orig>
<reg>erfolgen</reg>
</choice> wuͤrde/ ſollen ſie ernſtlich geſtrafft werden.</p>
<p>Wo aber ſach were/ daß die Hebammen vnnd
<lb/>andere verſtendige weiber ſich der meinung/ wie
<lb/>zuthun ſei/ nicht ſamptlich vergleichen kuͤndtẽ/ ſoll
<lb/>mann der Hebamen Rath/ was die miteinander
<lb/>ſchlieſſen/ das fuͤrzunemẽ vnd zuthun ſei/ <choice><orig>fuͤrnem-<lb break="no"/>lich</orig><reg>fuͤrnemlich</reg></choice>
 volgen.</p></div>
<div type="chapter" n="10"><head>So die Frucht in Mutterleib todt iſt/
<lb/>oder die mutter in kindtſnoͤten <choice><orig>geſtor-<lb break="no"/>ben</orig><reg>geſtorben</reg></choice>/ oder beide Mutter vnd kindt <choice><orig>bei-<lb break="no"/>einander</orig><reg>beieinander</reg></choice>
 verſchieden.
<lb/><abbr>Cap.</abbr> 10.</head>
<p>WO ſo ſchwere faͤlle ſich begeben/ daß mann
<lb/>gewiß iſt/ daß die frucht in mutterleib todt
<lb/>iſt/ vñ ſich nicht zur geburt herauß begeben
<pb n="E.v"/>
wil/ oder daß die mutter in kindtsnoͤten geſtorben/
<lb/>vnd die frucht bey jhr noch lebendig iſt/ Da ſollen
<lb/>die Ammen beſcheidenlich handlen/ damit das
<lb/>brige noch moͤge erhalten werden.</p>
<p>So nun ſach were/ daß ſie gewiß ſein/ daß die
<lb/>frucht in mutterleib todt iſt/ vnnd die mutter zu <choice><orig>ar-<lb break="no"/>beyten</orig><reg>arbeyten</reg></choice>
ſchwach iſt/ ſollen ſie rahts pflegen bey <choice><orig>ge-<lb break="no"/>lehrten</orig><reg>gelehrten</reg></choice>
 Doctoribus der Artznei/ ob durch artznei
<lb/>die todte frucht moͤge außgetrieben/ vnd der <choice><orig>mut-<lb break="no"/>ter</orig><reg>mutter</reg></choice>
 ohn ſchaden geholffen/ oder in andere wege von
<lb/>jhr gebracht werden.</p>
<p>Es ſoll auch ein beſonderer Wundtartzt zu den
<lb/>Ammen beſtelt ſein/ welchen ſie in noͤtigen faͤllen
<lb/>anſprechen vnd gebrauchen moͤgen.</p>
<p>So aber die mutter endtlich verſchieden vnnd
<lb/>geſtorben/ vnnd ſolches gar gewiß iſt/ daß mann
<lb/>nicht zweifelt ob ſie in einer onmacht liege/ als da
<lb/>ſoll on allen verzug der verordent wundartzt (<choice><orig>wel-<lb break="no"/>chen</orig><reg>welchen</reg></choice>
 ſie zu rechter zeit allwegen erſuchen ſollen/
<lb/>daß er/ wo es von noͤten/ bei der handt ſei) den
<pb n="E ij.r"/>
ſchnitt fuͤrnemen/ vnnd das kindt auß mutterleib
<lb/>ledigen.</p>
<p>Vnd ſo ſach were das der Wundtartzt nicht bey
<lb/>der handt were/ ſollen die Ammen ſelbſt ſolches <choice><orig>zu-<lb break="no"/>thun</orig><reg>zuthun</reg></choice>
 ſchuͤldig ſein.</p>
<p>Wo aber beide Mutter vnnd Kindt/ bei <choice><orig>einan-<lb break="no"/>der</orig><reg>einander</reg></choice>
 todt bleiben/ als da ſollen die Ammen ſo darbei
<lb/>ſein/ die vbrigen Ammen auch darzu erforden/
<lb/>daß ſie ſolches erbaͤrmlichen fall beſehen/ vnnd ſie
<lb/>auffſchneiden laſſen/ vnd ermeſſen/ auß was <choice><orig>vrſa-<lb break="no"/>chen</orig><reg>vrſachen</reg></choice>
ſolches ſich zugetragen/ ob jrgent durch <choice><orig>ver-<lb break="no"/>warloſung</orig><reg>verwarloſung</reg></choice>
 der Ammen/ oder durch welcherley <choice><orig>we-<lb break="no"/>ge</orig><reg>wege</reg></choice>
 ſichs begeben hab/ damit auch die Ammen <choice><orig>et-<lb break="no"/>was</orig><reg>etwas</reg></choice>/ das andern zu gutem kommen moͤge/ wann
<lb/>ſich ſchwere faͤlle zutragen/ darauß lernen vnnd
<lb/>faſſen.</p>
<p>Es ſollen auch in allen gefaͤhrlichen vnnd <choice><orig>zwei-<lb break="no"/>felhafftigen</orig><reg>zweifelhafftigen</reg></choice>
faͤllen/ da die Ammen jhnen ſelbſt
<lb/>nicht gnugſam vertrawen kuͤndten/ ſie der <choice><orig>Do-<lb break="no"/>ctorn</orig><reg>Doctorn</reg></choice>
der Artznei raths pflegen vnnd gebrauchen.
<pb n="E ij.v"/>
Damit ſie nach allem gethanem fleiß/ ſich deſto
<lb/>mehr zuentſchuͤldigen haben.</p></div>
<div type="chapter" n="11"><head>Von belohnung der Ammen/ <choice><orig>auſſer-<lb break="no"/>halb</orig><reg>auſſerhalb</reg></choice>
 jhrer jaͤrlichen beſtallung.
<lb/><abbr>Cap.</abbr> 11.</head>
<p>DAmit mann deſto fleiſſiger vnd geſchichkter
<lb/>Ammen haben moͤge/ ſoll billich einer jeden
<lb/>Am̃en ein ergetzung mit einer jaͤrlichen <choice><orig>beſol<lb break="no"/>dung</orig><reg>beſoldung</reg></choice>/ vnd auch mit freiheiten/ ſo den Ammen jres
<lb/>ampts halben gebuͤren/ geſchehen/ Wie ſolchs die
<lb/>Obrigkeyt nach jrer gelegenheyt zubedenken hat.</p>
<p>Was aber der Ammen belohnung von wegen
<lb/>jrer muͤhe vnd fleiſſes bey den geberenden belangt/
<lb/>iſt es billich daß ſie auch danckbarlich darfuͤr/ von
<lb/>einem jeden inſonderheyt/ belohnet werden.</p>
<p>Wiewol aber ein jeder nach ſeiner gelegenheit
<lb/>ſie verehren mag/ ſoll doch jhnen ein gewiſſer lohn
<lb/>geſetzt werden/ darneben ſoll einem jeden frei <choice><orig>ſte-<lb break="no"/>hen</orig><reg>ſtehen</reg></choice>/ nach ſeinem vermoͤgen etwas weiters ſie <choice><orig>zube-<lb break="no"/>gaben</orig><reg>zubegaben</reg></choice>. Als nemlich/
<pb n="E iij.r"/>
Eins Ratsperſonen Weib/ ein geſchlechterin/
<lb/>odder ſonſt anſehenlicher vermoͤglicher Buͤrger
<lb/>weiber/ ſollen jhnen geben/
<lb/>Handtwercksleut vnnd gemeiner buͤrger <choice><orig>Wei-<lb break="no"/>ber</orig><reg>Weiber</reg></choice>/ ſollen lohnen/
<lb/>Tagloͤhner weiber ſollen geben/
<lb/>Von den Armen/ welchen jhre vnderhaltung
<lb/>auß gemeinem Caſten gereicht wirt/ ſoll jnen auß
<lb/>dem Caſten auch belohnung gegeben werden.</p>
<p>Bei gemeltem lohn/ ſo jhnen derſelbig gegeben
<lb/>wirdt/ ſollen ſie zufrieden ſein/ vnd ſich begnuͤgen
<lb/>laſſen. Wer aber williglich jhnen ein vbrige <choice><orig>ver-<lb break="no"/>ehrung</orig><reg>verehrung</reg></choice>
 thun wil/ ſonderlich wann es muͤhſam vnd
<lb/>ſchwerlich naher gehet/ mag ſie nach ſeiner ehren
<lb/>gelegenheyt billich bedencken vnd begaben.</p>
<p>Hirneben ſollen die Ammen auch die <choice><orig>vertroͤ-<lb break="no"/>ſtung</orig><reg>vertroͤſtung</reg></choice>
 vnd zuſagung von der Obrigkeit haben/ daß
<lb/>ſo ſie fleiſſig vnnd trewlich jhrem ampt ſeien <choice><orig>nach-<pb break="no" n="E iij.v"/>kom̃en</orig><reg>nachkom̃en</reg></choice>/ vnd jrgent alters oder ſchwachheyt halben
nichts mehr verdienen kuͤndten/ vnnd an <choice><orig>vnder-<lb break="no"/>haltung</orig><reg>vnderhaltung</reg></choice>
 jnen mangeln wuͤrde/ daß ſie von
<lb/>wegen jhrer trew/ mit notturfft jhres
<lb/>leibs/ ſollen verſehen <choice><orig>wer-<lb break="no"/>den</orig><reg>werden</reg></choice>
 vnd vnderhaltung
<lb/>haben.</p></div>
<closer>Ende des erſten Theyls.</closer></div>
<pb n="E iiij.r"/>
<div type="part" n="2"><head>Ander Theyl.
<lb/>Vnderricht fuͤr die
<lb/>Schwangere vnd die geberende
<lb/>Frawen/ wie ſie ſich fuͤr/ in/ vnnd
<lb/>nach der geburt halten ſoͤllen.</head>
<p>DIeweil der Menſch das edleſte <choice><orig>ge-<lb break="no"/>ſchoͤpff</orig><reg>geſchoͤpff</reg></choice>
 Gottes/ vnder allen <choice><orig>Creatu-<lb break="no"/>ren</orig><reg>Creaturen</reg></choice>
 auff erden iſt/ vnd Gott der Herr
<lb/>jhm den Menſchen ſelbſt zum <choice><orig>Eben-<lb break="no"/>bildt</orig><reg>Ebenbildt</reg></choice>
geſchaffen hat/ daß auß <choice><orig>denſel-<lb break="no"/>ben</orig><reg>denſelben</reg></choice>
 die zal der verſtoſſenen hoffertigen Engel <choice><orig>wi-<lb break="no"/>der</orig><reg>wider</reg></choice>
 erfuͤllet werde/ Alſo daß wir zu ſolcher <choice><orig>herr-<lb break="no"/>ligkeit</orig><reg>herrligkeit</reg></choice>
 kommen moͤgen/ iſt gar viel an vnſerer
<lb/>pflantzung/ an den Eltern gelegen. Dann ſo der
<lb/>ſtamm oder baum nicht gut iſt/ bringt er kein gute
<lb/>fruͤcht. So wirdt auch offt durch verwarloſung
<lb/>ein guter ſtam̃ verderbet/ daß er verdorret/ wirdt
<lb/>von den holtzwuͤrmen zerſtochen/ offtermals ſo es
<lb/>vberſehen wirdt/ freſſen die Raupen die blůt ab/
<lb/>daß er kein frucht traͤgt/ welches alles durch <choice><orig>hinleſ-<lb break="no"/>ſigkeyt</orig><reg>hinleſſigkeyt</reg></choice>
 vnd ſchloßkeit des Gaͤrtners geſchicht/ Alſo
<lb/>gehets auch mit den menſchen/ daß manche frucht
<pb n="E iiij.v"/>
im leib durch verwarloſung muttwillig verderbet
<lb/>wirdt/ welches ein groſſe ſuͤnde iſt.</p>
<p><label place="left margin">1
</label>Darumb ſoll ein jede Schwangere frawe/ mit
<lb/>fleiß jhrer gute achtung haben/ daß ſie nicht durch
<lb/>eigene ſchuldt/ die herrliche gabe Gottes/ damit ſie
<lb/>geſegnet iſt/ ſchaͤdige/ Vnnd ſoll fuͤr das erſte vnnd
<lb/>fuͤr allen dingen Gott dem Herren von hertzen lob
<lb/>vnnd danck ſagen/ daß er ſie mit der fruchtbarkeit
<lb/>jhres leibs geſegnet hat/ vnnd bitten/ daß er ſolches
<lb/>ſein geſchoͤpffe gnediglich ſegenen vnnd erhalten/
<lb/>vnnd in der kuͤmmerlichen geburt ſie mit freuden
<lb/>entbinden woͤlle/ daß ſie ein lebendige frucht/ ſo in
<lb/>Gottes furcht vnnd allen tugendten aufferzogen
<lb/>moͤchte werden/ ſehen moͤge.</p>
<p><label place="left margin">2</label>
Zum andern/ Sie ſoll ſich ſelbſt alſo vnderſtehẽ
<lb/>zuhalten/ daß durch ſie keine vrſach einiges vnfalls
<lb/>oder ſchadẽs der frucht zugefuͤget werde/ (wie dañ
<lb/>bey vilen liederlichen leuten ſo jhres leibs/ vnd jrer
<lb/>frucht gar nicht achten vnd nicht verſchonen/ <choice><orig>offt-<lb break="no"/>mals</orig><reg>offtmals</reg></choice>
geſchicht) Sondern daß ſie ein friſche/ <choice><orig>freu-<lb break="no"/>dige</orig><reg>freudige</reg></choice>/ geſunde geburt vnd frucht tragen/ vnnd auff
<lb/>die Welt bringen moͤge/ welche den Chriſtlichen
<pb n="F.r"/>
Tauff erlange/ vnd zu lob/ ehr vnnd preiß <choice><orig>Goͤttli-<lb break="no"/>ches</orig><reg>Goͤttliches</reg></choice>
 namens/ vnd nutzen der Chriſtenheit/ in <choice><orig>Got-<lb break="no"/>tes</orig><reg>Gottes</reg></choice>
 furcht vñ allen tugendten/ froͤmlich aufferzogen
<lb/>werde.</p>
<p><label place="right margin">3</label>
Fuͤr das dritte/ So ſoll ſich nun ein ſchwangere
<lb/>frawe befleiſſen daß ſie ein freudiges gemuͤt hab/
<lb/>ſoll ſich fuͤr traurigkeyt/ zorn/ ſchrecken/ forcht/ vnd
<lb/>dergleichen ſchaͤdlichen bewegungen des gemuͤts/
<lb/>auch fuͤr boͤſem faulem geruch vnnd geſtanck <choice><orig>huͤ-<lb break="no"/>ten</orig><reg>huͤten</reg></choice>/ Dann durch ſolche ding alle werden die <choice><orig>leben-<lb break="no"/>dige</orig><reg>lebendige</reg></choice>
geyſter geſchwecht/ vnd bringt der frucht <choice><orig>ſcha-<lb break="no"/>den</orig><reg>ſchaden</reg></choice>.</p>
<p><label place="right margin">4</label>
Zum vierdten/ ſoll ſie ſich von aller harter <choice><orig>ar-<lb break="no"/>beyt</orig><reg>arbeyt</reg></choice>
vnd hefftiger leibsbewegung enthalten/ <choice><orig>ſon-<lb break="no"/>dern</orig><reg>ſondern</reg></choice>
 in allen geſchefften vnnd arbeyt ein maß <choice><orig>hal-<lb break="no"/>ten</orig><reg>halten</reg></choice>. Sollen doch nicht zuuil ſtill ſitzen oder faul
<lb/>ſein/ ſondern zumliche bewegung des leibs mit <choice><orig>ſitti-<lb break="no"/>gem</orig><reg>ſittigem</reg></choice>
vmbgehen haben. Sollen nicht viel <choice><orig>ſprin-<lb break="no"/>gen</orig><reg>ſpringen</reg></choice>/ vberſich reichen/ auch nicht zuuiel buͤcken/
<lb/>nicht ſchwere laſt auffheben/ nicht zuhart den leib
<lb/>zuguͤrten vnd einzwingen. Auch ſich vor ſcharpffer
<lb/>rauher lufft/ vnd fuͤr vbermeſſiger hitze huͤten.</p>
<pb n="F.v"/>
<p><label place="left margin">5</label>
Zum fuͤnfften/ Sie ſoll ſich mit eſſen vnd <choice><orig>trin-<lb break="no"/>cken</orig><reg>trincken</reg></choice>
natuͤrlich vnnd meſſig halten/ ſich nicht <choice><orig>vber-<lb break="no"/>fuͤllen</orig><reg>vberfuͤllen</reg></choice>/ auch nicht zulang faſten/ Soll genieſen <choice><orig>ge-<lb break="no"/>ſunde</orig><reg>geſunde</reg></choice>
 verdaͤwliche ſpeiß vnd tranck. Sich grober
<lb/>vndaͤwlicher koſt/ als viel jhre gelegenheyt geben
<lb/>kan/ meſſigen/ mit dem trincken ſich nuͤchtern <choice><orig>hal-<lb break="no"/>ten</orig><reg>halten</reg></choice>/ dañ die trunckenheit den Schwangeren <choice><orig>frau-<lb break="no"/>wen</orig><reg>frauwen</reg></choice>
 zu der frucht ſehr ſchaͤdlich iſt.</p>
<p>Sie ſoll auch der vnkeuſchheyt nicht zuuiel in
<lb/>ſolcher zeit pflegen.</p>
<p><label place="left margin">6</label>
Zum ſechſten/ Soll gute achtung haben/ daß
<lb/>der leib nicht verſtopfft werde/ ſondern taͤglich ſein
<lb/>natuͤrlichen ſtulgang habe/ ſo aber ſach were/ daß
<lb/>ein verſtopffung des ſtuls vorhanden were/ mag
<lb/>ſie Binetſchkraͤutlin mit buttern/ odder <choice><orig>Lattich-<lb break="no"/>muͤßlin</orig><reg>Lattichmuͤßlin</reg></choice>
 gebrauchen. So dardurch kein huͤlff <choice><orig>er-<lb break="no"/>folget</orig><reg>erfolget</reg></choice>/ ſoll ſie mit ſtulzaͤpfflin auß Honig vnd <choice><orig>eyer-<lb break="no"/>dotter</orig><reg>eyerdotter</reg></choice>
 bereitet/ oder võ Venediſcher Seyffe/ ſolche
<lb/>bewegen. Wo ſolches nicht helffen wuͤrde/ ſoll ſie
<lb/>mit rath eines Medici ein purgation von Manna
<lb/>vnd Caſſia laſſen zurichten. Starcke artznei ſein
<lb/>dißfals nicht nuͤtz/ darumb ſoll mann <choice><orig>beſcheiden-<lb break="no"/>lich</orig><reg>beſcheidenlich</reg></choice>
 hieriñ handlen.
</p><pb n="F ij.r"/>
<p><label place="right margin">7</label>
Zum ſiebenden/ Sie ſoll in den erſten vier <choice><orig>Mo-<lb break="no"/>naten</orig><reg>Monaten</reg></choice>
 kein aderlaſſen oͤffnen/ auch nicht ſchrepffen/
<lb/>auch dieſelbige erſte zeit kein purgation von pillen
<lb/>oder ſonſt ſtarck innemen/ dann es ſeind in diſen <choice><orig>er-<lb break="no"/>ſten</orig><reg>erſten</reg></choice>
 Monaten/ die bande der frucht gar weich vnd
<lb/>zart vnd ſchwach/ daß ſie leichtlich kuͤndten <choice><orig>ſcha-<lb break="no"/>den</orig><reg>ſchaden</reg></choice>
 empfangen/ dardurch die frucht verderbet
<lb/>wirdt.</p>
<p><label place="right margin">8</label>
Zum achten/ So ſie viel onmacht vnd <choice><orig>beſchwe-<lb break="no"/>rung</orig><reg>beſchwerung</reg></choice>
 nach der empfengnuß befinden/ ſollen ſie ein
<lb/>Moret tranck/ oder ein tranck von Roſenwaſſer/
<lb/>Ampfernwaſſer/ Zimmet/ vnnd Manus Chriſti
<lb/>kuͤchlin gemacht/ trincken.</p>
<p><label place="right margin">9</label>
Zum neundten/ So eine vnluſt zur ſpeiſe vnnd
bloͤden vndawlichen magen hat/ ſoll ſie des <choice><orig>mor-<lb break="no"/>gens</orig><reg>morgens</reg></choice>
ein truͤncklin von Granatenſirup/ <choice><orig>Zimmet-<lb break="no"/>roͤren</orig><reg>Zimmetroͤren</reg></choice>
 vnd Ampffernwaſſer/ vnd dergleichen ſtuͤck/
<lb/>oder ein guten Morettranck gebrauchen. Item der
<lb/>kuͤchlin Diambre/ morgens vnnd abendts eſſen.
<lb/>Vber den magen ein pflaſter oder magenſchilt/ ſo
<lb/>den magen ſtercket/ legen/ den magenſchlundt
 <lb/>oder hertzgruͤblin mit Maſtixoͤli/ Balſamoͤli/ <choice><orig>Wer<lb break="no"/>mutoͤli</orig><reg>Wermutoͤli</reg></choice>/ Quittenoͤli/ vnd dergleichen ſchmiren.</p>
<pb n="F ij.v"/>
<p><label place="left margin">10</label>
Zum zehenden/ So ein Schwangere fraw jre
<lb/>gewoͤnliche blumen bekompt/ ſoll ſie volgenden
<lb/>ſchwadem an ſich laſſen vnden gehen/ vnd daruon
<lb/>ſchwitzen/ Als nemlich/ von groß Wegerich/ <choice><orig>Ey-<lb break="no"/>chenlaub</orig><reg>Eychenlaub</reg></choice>/ Brombeerlaub/ Fuͤnfffingerkraut/
<lb/>Daubenkaat/ Bonenſtro vnnd Haberſtro/ jedes
<lb/>gleich viel/ in waſſer geſotten.</p>
<p>Item ſie ſoll alle jhre koſt laſſen bereiten/ mit
<lb/>einem waſſer darinn ein ſtahel abgeloͤſcht iſt.</p>
<p><label place="place">11</label>
Zum eylfften/ So eine beduͤnckt daß ſie werde
<lb/>fuͤr der rechten zeit/ oder zufruͤ/ des kindts geneſen/
<lb/>daß ſie villeicht gefallen iſt/ ſchrecken oder jrgendt
<lb/>groſſe ſchwacheit gehabt hat/ die ſoll ſich mit <choice><orig>weiſ-<lb break="no"/>ſem</orig><reg>weiſſem</reg></choice>
 Weirauch laſſen von vnden bereuchen/ vnnd
<lb/>den leib vornen waſchen mit einem waſſer ſo mit
<lb/>Alaun/ Galloͤpffel/ Schwartzwurtz/ in <choice><orig>Regen-<lb break="no"/>waſſer</orig><reg>Regenwaſſer</reg></choice>/ Wein vnd eſſig geſotten ſei.</p>
<p><label place="left margin">12</label>
Zum zwoͤlfften/ Es ſein viel frawen/ die <choice><orig>gemei-<lb break="no"/>niglich</orig><reg>gemeiniglich</reg></choice>
ohn wiſſentliche vrſach/ als offt ſie <choice><orig>ſchwan-<lb break="no"/>ger</orig><reg>ſchwanger</reg></choice>
 werden/ ehe dann die rechte zeit iſt/ darnider
<lb/>kommen vnd geneſen/ Solche ſollen jhnen fußbad
<lb/>laſſen zubereyten/ vnd darinn wañ ſie <choice><orig>Schwan-<pb break="no" n="F iij.r"/>ger</orig><reg>Schwanger</reg></choice>
 ſein/ alle tag ein ſtundt vor dem nachteſſen vnd
<lb/>drei ſtunde nach dem nachteſſen/ die ſchenckel <choice><orig>er-<lb break="no"/>waͤrmen</orig><reg>erwaͤrmen</reg></choice>/ vnnd mit warmen tuͤchern laſſen <choice><orig>abtru-<lb break="no"/>cknen</orig><reg>abtrucknen</reg></choice>/ ſolche fußbad ſollen gemacht ſein von <choice><orig>Oder-<lb break="no"/>mening</orig><reg>Odermening</reg></choice>/ Camillenblumen/ Dill/ Steinbrech vnd
<lb/>ſaltz/ jedes gleich viel.</p>
<p>In diſem fall iſt ein ſonderlich experiment bey
<lb/>etlichen/ ſo gar wol bekompt/ Nemlich die <choice><orig>inwen-<lb break="no"/>dige</orig><reg>inwendige</reg></choice>
 haut auß dem Huͤnermagen/ geoͤrret/ vnnd
<lb/>eines goltguͤlden ſchwer/ mit Wein des morgens
<lb/>nuͤchtern etliche tag eingenommen.</p>
<p><label place="right margin">13</label>
Zum dreizehenden/ So nun die zeit der geburt
<lb/>vorhanden/ Als dann ſoll ein jede fraw ſich wilig/
<lb/>vnd vnuerzagt darein ergeben/ vnd an jhrem fleiß
<lb/>vnd arbeit nichts mangeln laſſen/ vnd dem trewen
<lb/>rath der Ammen vnnd anderer Weiber/ ſo bey jhr
<lb/>ſein/ gutwillig vnd getroſt mit freudigem hertzen
<lb/>volgen/ vnd nicht durch jhren widerſpennigen ſiñ
<lb/>vnnd muttwillen/ oder bloͤdigkeyt/ die geburt <choice><orig>ver-<lb break="no"/>hinderen</orig><reg>verhinderen</reg></choice>
 vnd dardurch ein ſchaden verurſachen/
<lb/>Sondern dencken daß Gott der Herr da wircke/
<lb/>vnd jren beiſtandt leiſte/ vnd ſie nicht laſſen woͤlle/
<pb n="F iij.v"/>
damit ſein geſchoͤpff zu ſeiner glori vnd ehr auff die
<lb/>Welt komme/ Sollen auch gewiß dafuͤr halten/
<lb/>wo es an jhnen mangeln wuͤrde/ daß einiger <choice><orig>ſcha-<lb break="no"/>de</orig><reg>ſchade</reg></choice>
durch jhre laßheyt/ odder ſchloßheit/ oder <choice><orig>vnge-<lb break="no"/>horſam</orig><reg>vngehorſam</reg></choice>
 zufolgen/ an der frucht verurſacht wuͤrde/
<lb/>daß Gott ſolches an jhnen erfordern vnnd ſtraffen
<lb/>werde.</p>
<p><label place="left margin">14</label>
Zum vierzehenden/ So Gott der Allmechtige
<lb/>ſein Gnad verliehen hat/ vnd ſie mit freuden <choice><orig>ent-<lb break="no"/>bunden</orig><reg>entbunden</reg></choice>/ daß ſie nun den bißhero verborgenen
<lb/>ſchatz/ vnnd gabe Gottes/ fuͤr augen ſiehet/ ſoll ſie
<lb/>Gott dem Allmechtigen darfuͤr danckſagen/ vnnd
<lb/>demſelbigen das kindt hinfuͤro befehlen/ daß es <choice><orig>vn-<lb break="no"/>der</orig><reg>vnder</reg></choice>
 Goͤttlichem ſchutz in aller erbarkeyt vnd guter
<lb/>lehre/ vnd Gottes forcht/ moͤge zu ſeiner Glori ehr/
<lb/>vnd zu nutzen des nechſten/ vnnd zum Heyl ſeiner
<lb/>ſeelen/ aufferzogen werden. So ſoll ſich die <choice><orig>Mut-<lb break="no"/>ter</orig><reg>Mutter</reg></choice>
 auch nuͤchtern vnnd vernuͤnfftig halten/ damit
<lb/>ſie dem kindt gute pflegung thun/ vnnd geſunde
<lb/>narung jhrer milch geben moͤge/ vnnd ſollen beyde
<lb/>Vatter vnd Mutter/ dem kindtlin Chriſtlich <choice><orig>fuͤr-<lb break="no"/>ſtehen</orig><reg>fuͤrſtehen</reg></choice>.</p>
<p>Diß ſeindt nur in gemein etliche fuͤrnemen
<pb n="F iiij.r"/>
Regel vnd puncten/ ſo zumercken ſein.</p>
<p>Was ſonſt allerhand zufaͤlle vnd gebrechen <choice><orig>bei-<lb break="no"/>den</orig><reg>beiden</reg></choice>
Schwangeren frawen ſich zutragen moͤgen/
<lb/>vnd wie in ſolchen allen gebuͤrliche verſehung <choice><orig>zu-<lb break="no"/>thun</orig><reg>zuthun</reg></choice>
ſei/ ſoll ein jede fraw nicht vnderlaſſen/ ſo <choice><orig>not-<lb break="no"/>tuͤrfft</orig><reg>nottuͤrfft</reg></choice>
fuͤrfelt/ gutes raths/ gelehrter Artzte <choice><orig>zupfle-<lb break="no"/>gen</orig><reg>zupflegen</reg></choice>
 vnnd zugebrauchen/ vnd ſich ſelbſt/ vnnd die
<lb/>frucht/ durch fahrlaͤſſigkeyt/ wie gemeiniglich ſehr
<lb/>viel geſchicht/ nicht verwarloſen/ vnd nicht an
<lb/>jrem eignen leib vnd eygnem fleiſch vnd
<lb/>blut/ der verderbnuß mutwillig
<lb/>ſchuͤldig werden.</p>
<lb/><closer>Ende des Andern Theyls.</closer></div>
<pb n="F iiij.v"/>
<div type="part" n="3"><head>Dritter Theil.
<lb/>Von der Jaͤhetauffe/
<lb/>Jachtauffe/ oder Nottauffe/ wie
<lb/>die Ammen darmit ſich <choice><orig>hal-<lb break="no"/>ten</orig><reg>halten</reg></choice>
 ſollen.</head>
<p>DIe Jaͤhetauffe oder Nottauffe <choice><orig>nen-<lb break="no"/>net</orig><reg>nennet</reg></choice>
 mann/ ſo ein Kindt ſchwacheyt
<lb/>halben in der noth/ im Hauſe von der
<lb/>Ammen/ odder andern ſo nicht zum
<lb/>predigampt geordnet/ getaufft wirt.</p>
<p>Solches ſoll nicht leichtlich geſchehen/ es ſei dañ
<lb/>das die hoͤchſte noth da iſt/ daß mañ beſorget/ das
<lb/>kindt werde ſchwachheit halben die Tauff in der
<lb/>Kirchen/ oder die zukunfft des Pfarherrs nicht <choice><orig>er-<lb break="no"/>warten</orig><reg>erwarten</reg></choice>
 koͤnnen.</p>
<p>So nun ſolcher fall ſich zutregt/ daß mañ <choice><orig>groſ-<lb break="no"/>ſe</orig><reg>groſſe</reg></choice>
 gefaͤhrligkeyt bei der geburt ſpuͤret/ vnd das kind
<lb/>ſchwach zur Welt kompt/ vnd des lebens gar in <choice><orig>ge-<lb break="no"/>fahr</orig><reg>gefahr</reg></choice>
 ſtehet/ ſollen die Ammen befehlen/ daß ein
<lb/>Pfarherr beruffen werde/ daß wo es muͤglich/ die
<lb/>tauffe/ durch den pfarherr jm widerfare/ Wo aber
<pb n="G.r"/>
das kindt in dem ſo ſchwach iſt/ daß mann beſorget
<lb/>es werde verſcheidẽ/ ehe der Pfarherr herzu kom̃t/
<lb/>oder als badt es abgeloͤſet wirdt/ verſcheiden wil/
<lb/>Soll die Amme/ oder die Eltern/ als baldt eines
<lb/>auß denen ſo darbei ſein zugeuattern ernennen/ vñ
<lb/>dieweil nicht lang verzug ſein kan/ ſoll die Amme
<lb/>dem kindt ein namen heyſſen geben/ darauff <choice><orig>fra-<lb break="no"/>gen</orig><reg>fragen</reg></choice>/ ob ſie glaub an Gott den Vatter/ Gott den
<lb/>Sohn/ vnnd Gott den Heyligen Geyſte/ darauff
<lb/>ſoll ſie/ Ja/ antworten/ vnnd ſoll die Amme das
<lb/>kindt mit waſſer Tauffen/ vnnd außtruͤcklich vnd
<lb/>laut ſprechen/ <abbr>N.</abbr> Ich tauffe dich in dem namen
<lb/>Gott des Vatters/ Gott des Sons/ vnd Gott des
<lb/>Heyligen Geyſtes/ Darnach ein Vatter vnſer mit
<lb/>einander beten/ vnnd das kindt Gott dem Herren
<lb/>in ſein gnade/ daß ers nach ſeinem Goͤttlichen <choice><orig>wil-<lb break="no"/>len</orig><reg>willen</reg></choice>
 mit jm ſchaffe/ befehlen.</p>
<p>Diſes iſt alſo in der noth/ vnnd eile gnugſam/
<lb/>Dann dieweil es ein nott iſt/ ſo kan da nicht ſtatt
<lb/>vnd weile ſein/ viele gebet vnnd ermanung zuuor
<lb/>zuthun.</p>
<p>So aber mann ſpuͤret/ daß das kindlin wol das
<pb n="G.v"/>
leben erhaltẽ kuͤnde biß an Pfarherr darzu kompt/
<lb/>ſoll es derſelbige ordenlicher weiſe/ mit gebett vnd
<lb/>ermanungen in dem hauſe Tauffen.</p>
<p>Darum̃ iſt ſolche Nottauffe allein fuͤr die <choice><orig>ſchwa<lb break="no"/>che</orig><reg>ſchwache</reg></choice>
 kindlin/ da mann beſorget/ ſie kuͤndten nicht des
<lb/>Tauffs in der Kirchen/ oder durch den Pfarherr im
<lb/>Hauſe erharren.</p>
<p>So nun ein kindlin im Hauſe durch die Amme
<lb/>Jaͤhetaufft iſt/ vnd ſolches kindlin im leben bleibt/
<lb/>ſoll mann es nachmals/ wann ein Taufftage iſt/ in
<lb/>die Kirche fuͤr die Chriſtliche gemeinde tragẽ/ vnd
<lb/>derſelbigen fuͤrſtellen/ vnd dem Pfarherr anzeigen
<lb/>daß es Jaͤhetaufft iſt/ damit es durch denſelbigen
<lb/>der Chriſtlichen kirchen befohlen/ vnd das Gebett
<lb/>vber es geſprochen werde.</p>
<p>Es ſoll aber ſolches Kindt nicht wider getaufft
<lb/>werden/ dieweil es die Tauffe ein mal empfangen
<lb/>hat/ vnnd die wort/ Ich tauffe dich in dem namen
<lb/>Gottes des Vatters/ Gottes des Sohns/ vnd <choice><orig>Got<lb break="no"/>tes</orig><reg>Gottes</reg></choice>
des Heyligen Geyſtes/ außtruͤcklich vber es <choice><orig>ge-<lb break="no"/>ſprochen</orig><reg>geſprochen</reg></choice>
 ſein.</p>
<pb n="G ij.r"/>
<p>So aber ſolches Kind durch einen Pfarherr die
<lb/>Tauffe im hauſe empfangen/ vnd durch <choice><orig>denſelbi-<lb break="no"/>gen</orig><reg>denſelbigen</reg></choice>
 die geben vnnd ermanung gnugſam im Hauſe
<lb/>geſchehen/ iſt es vnuonnoͤten/ daß es nachmals in
<lb/>die kirche gebracht vnd fuͤrgeſtelt werde.</p>
<p>Mann ſoll auch wiſſen/ daß allein die <choice><orig>vollkom-<lb break="no"/>mene</orig><reg>vollkommene</reg></choice>
 kindlin/ das iſt/ ſo gar geboren vnnd auff die
<lb/>Welt kommen ſein/ vnd nicht die ſo nur mit einem
<lb/>arm/ fuß/ oder einem theyl des leibs herfuͤr ſich <choice><orig>er-<lb break="no"/>zeigen</orig><reg>erzeigen</reg></choice>/ vnnd noch nicht gar von der Mutter <choice><orig>kom-<lb break="no"/>men</orig><reg>kommen</reg></choice>
 vnnd abgeloͤſet ſein/ ſollen Jaͤhetaufft <choice><orig>wer-<lb break="no"/>den</orig><reg>werden</reg></choice>.</p>
<p>Dann dieweil die Tauff ein Badt der <choice><orig>wider-<lb break="no"/>geburt</orig><reg>widergeburt</reg></choice>
 in der Heyligen Schrifft genennet wirdt/
<lb/>ſo muß das Kindtlin zuuor geboren/ vnnd gar
<lb/>von der Mutter kommen ſein/ Darumb ſo ein
<lb/>Kindtlin nur eins theyls herauß iſt/ vnnd noch in
<lb/>der geburt mit ſorgẽ ſteckt/ oder bei der mutter todt
<lb/>mag ſein/ ſoll mann Gott den Herren vber die
<lb/>Mutter/ vnnd vber das Kindtlin anruffen/ vnnd
<lb/>denſelbigen trewlich bitten/ daß er die Mutter
<pb n="G ij.v"/>
gnediglich entbinden/ vnnd die frucht jhm <choice><orig>vaͤtter-<lb break="no"/>lich</orig><reg>vaͤtterlich</reg></choice>
 woͤlle laſſen befohlen ſein/ vnd gar nicht <choice><orig>zwei-<lb break="no"/>feln</orig><reg>zweifeln</reg></choice>/ Gott der Allmechtige/ welcher ſich ein Gott
<lb/>nennet vnſerer/ vnd vnſeres Samens/ laſſe jm <choice><orig>ſol-<lb break="no"/>ches</orig><reg>ſolches</reg></choice>
 ſein geſchoͤpff/ dieweil es von glaubigen <choice><orig>El-<lb break="no"/>tern</orig><reg>Eltern</reg></choice>
 herkompt/ vnd nicht mutwilliglich
<lb/>verwarloſet oder verderbt wirt/
<lb/>befohlen vnd angeneme
<lb/>ſein.</p>
<lb/><closer>Ende des dritten Theyls.</closer></div>
<pb n="G iij.r"/>
<div type="part" n="4"><head>Vierdter Theyl.
<lb/>Troſtſchrifft/ Gebett/
<lb/>vnd Spruͤche/ fuͤr die Schwangere vnd
<lb/>geberende frawen/ ſo ſie in gefahr
<lb/>vnd noͤten ſein.</head>
<p>DIeweil bey den geberenden Frawen
<lb/>ſich offtmals vielerley gefaͤhrligkeyt
<lb/>zutregt/ daß ſie kleinmuͤtig vnnd <choice><orig>ver-<lb break="no"/>zagt</orig><reg>verzagt</reg></choice>
 werden/ ſollen die Ammen vnd
<lb/>andere ſo zugegen ſein/ jr troͤſtlich <choice><orig>zu-<lb break="no"/>reden</orig><reg>zureden</reg></choice>/ vñ Chriſtliche Troſtſpruͤche ſagen/ Oder ſo
<lb/>eine vndern den Weiber leſen kan/ ſolche auß dem
<lb/>buch fuͤrleſen/ vnd dardurch zur gedult ermanen.
<lb/>Dieſer vrſachen halben/ ſeindt etliche fuͤrneme
<lb/>ſtuͤck/ gebete/ vnd ſpruͤche/ ſo den geberenden zum
<lb/>troſt in den noͤten fuͤrnemlich dienen moͤgen/ <choice><orig>her-<lb break="no"/>nach</orig><reg>hernach</reg></choice>
 geſetzt/ welche mann jhnen zuſprechen vnnd
<lb/>fuͤrleſen ſoll/ wie volget.</p>
<div><head>Ein Troͤſtliche Ermanung/ daß die <choice><orig>gebe<lb break="no"/>rende</orig><reg>geberende</reg></choice>
 frawen ſollen freudig vnd vnuerzagt
<lb/>ſein zu der arbeyt/ alſo fuͤrzuleſen.</head>
<pb n="G iij.v"/>
<p>DIeweil Gott der Allmechtig den ſegen vber
<lb/>das menſchlich geſchlecht geſprochen/ daß ſie
<lb/>ſich mehren vnd fruchtbar ſein ſollen/ vnnd
<lb/>volgendts/ von wegen der vbertrettung vnd <choice><orig>ſuͤn-<lb break="no"/>den</orig><reg>ſuͤnden</reg></choice>/ dem Weiblichen geſchlecht den ſchmertzen der
<lb/>geburt aufferlegt/ ſo iſt der Troſt hiergegẽ darbei/
<lb/>daß Gott ſeinen ſegen darzu verheyſſen/ vnd ſeine
<lb/>huͤlff in ſolchen noͤten/ reichlich/ ſo mann jhm <choice><orig>ver-<lb break="no"/>trawet</orig><reg>vertrawet</reg></choice>/ zugeſagt/ vnd erzeigen wil.</p>
<p>Derwegen ſolt jr/ vnd ein jede geberẽde <choice><orig>Frau-<lb break="no"/>we</orig><reg>Frauwe</reg></choice>/ fuͤr ein ſonderliche gnade Gottes erkeñen/ daß
<lb/>euch Gott mit der fruchtbarkeit geſegnet hat/ vnd
<lb/>ſchwanger laſſen werden/ Jhr ſolt euch auch deſſen
<lb/>von hertzen frewen/ vnd Gott darfuͤr dancken/ daß
<lb/>er euch wirdig geachtet/ daß jr der verheiſſung vnd
<lb/>ſegens Gottes theylhafftig worden/ Dann alſo
<lb/>ſtehet geſchriben/ Gott ſchuffe den Menſchen jhm
<lb/>ſelbſt zum Ebenbilde/ ja zum Ebenbilde Gottes
<lb/>ſchuffe er jnen/ Er ſchuffe ſie ein Maͤñlin vñ <choice><orig>Frew-<lb break="no"/>lin</orig><reg>Frewlin</reg></choice>/ vnd Gott ſegnet ſie/ vnnd ſprach zu jhnen/ ſeidt
<lb/>fruchtbar vnd mehret euch.</p>
<p>Zum andern/ Solt jhr des ſchmertzens halben
<pb n="G iiij.r"/>
nicht erſchrecken/ dann es kan ja die geburt/ ohn
<lb/>ſchmertzen nicht gar zugehen/ dann ſolches Creutz
<lb/>iſt jeder Frawen von Gott aufferlegt/ daß ſie inn
<lb/>ſchmertzen geberen ſoll/ Darumb ſolt jhr ſolchen
<lb/>willen Gottes gern tragen/ vnnd es fuͤr ein <choice><orig>gehor-<lb break="no"/>ſam</orig><reg>gehorſam</reg></choice>
 achten/ So iſt auch widerumb der ſegen vnd
<lb/>verheiſſung Gottes darbei/ der jhr euch zu troͤſten
<lb/>wiſſet/ Nemlich/ daß Gott euch nicht verderbẽ wil
<lb/>laſſen/ ſondern euch beiſtandt thun/ vnnd gnedige
<lb/>huͤlff erzeygen/ vnnd widerumb erfrewen/ daß jhr
<lb/>geberen ſolt/ das iſt/ daß jr nicht ſolt verderben/ ſon
<lb/>dern ein lebendige frucht durch ſolchen ſchmertzen/
<lb/>auff die Welt bringen/ vnnd die mit froͤlichem <choice><orig>an-<lb break="no"/>blick</orig><reg>anblick</reg></choice>
 anſehen.</p>
<p>Zum dritten/ Solt jhr vnd alle Weiber denckẽ/
<lb/>daß ſolches ewer fuͤrnemer beruff vnnd ampt iſt/
<lb/>darinn jhr Gott den groͤſten gehorſam vnnd <choice><orig>ge-<lb break="no"/>fallen</orig><reg>gefallen</reg></choice>
 thut/ ſo jhr mit Chriſtlichem hertzen vnnd
<lb/>gemuͤt geduͤltig vnnd willig/ euch zu ſolcher ſachen
<lb/>ſchicket/ Jhr ſolt auch gewiß ſein/ daß Gott der
<lb/>HErr ſelbſt euch beyſtandt vnnd huͤlff/ in ſolchem
<lb/>aufferlegtem ſchmertzen thun werde/ ſo jhr jhm
<pb n="G iiij.v"/>
vertrawen/ vnnd an jhm mit feſtem glauben euch
<lb/>halten vnd beſtendiglich beharren werdet.</p>
<p>Zum vierdten/ Solt jhr vnd ein jede geberende
<lb/>frawe/ geduldig vnd getroſt hierin ſein/ von wegen
<lb/>der groſſen freude ſo jr hernach des gebornen <choice><orig>kind-<lb break="no"/>lins</orig><reg>kindlins</reg></choice>
 halben haben werdet/ welches ein ſchatz vnnd
<lb/>kleinot vber alles Solt/ Silber vnnd Edelgeſteine
<lb/>iſt.</p>
<p>Zum fuͤnfften/ Solt jhr ſolches ein ehr achten/
<lb/>daß jhr fruchtbar ſeit/ Dañ bei allen voͤlckern <choice><orig>all-<lb break="no"/>wegen</orig><reg>allwegen</reg></choice>
die fruchtbarkeit fuͤr ein ehre/ vnnd die <choice><orig>vn-<lb break="no"/>fruchtbarkeit</orig><reg>vnfruchtbarkeit</reg></choice>
 fuͤr ein verachtung iſt gehalten <choice><orig>wor-<lb break="no"/>den</orig><reg>worden</reg></choice>/ wie ſolches Geiſtliche vnd Weltliche hiſtorien
<lb/>bezeugen.</p></div>
<div><head>Vrſachen/ Warumb Gott der Herr offt
<lb/>ſo ſchwerlich die geburt laſſet zugehen/
<lb/>So mann den geberenden <choice><orig>fuͤrle-<lb break="no"/>ſen</orig><reg>fuͤrleſen</reg></choice>
 mag.</head>
<p>DAß Gott Herr ſo hart ſich inn ewerem
<lb/>Creutz geburt ſehen laͤſſet/ ſoll jhr nicht
<pb n="H.r"/>
verzagen/ ſondern dencken/ daß ers darumb thut/
<lb/>Als nemlich/ Fuͤr das Erſte/ daß jr wiſſen ſolt/ daß
<lb/>kinder geberen/ nicht ein werck menſchlicher krafft
<lb/>ſei/ ſondern allein ein werck Gottes/ vnd daß er <choice><orig>al-<lb break="no"/>lein</orig><reg>allein</reg></choice>
 in ſolchen noͤten wil angeruffen ſein/ vnd auch
<lb/>helffen kan vnd wil.</p>
<p>Zum andern/ Daß Gott dardurch vnſern <choice>
<orig>glau<lb break="no"/>ben</orig>
<reg>glauben</reg>
</choice> probirn will/ vnd erforſchen/ ob wir auch jhm <lb/>von hertzen vertrawen/ vnnd
daß er dardurch <choice>
<orig>vn-<lb break="no"/>ſern</orig>
<reg>vnſern</reg>
</choice>glauben erwecken vnd beſtetigen wil/ daß wir <lb/>deſto embſiger auff jn
vnſer vertrawen ſetzen. <lb/>Zũ dritten/ Daß jr hernach wañ euch geholffen <lb/>iſt/
deſto fleiſſiger vnd oͤffter fuͤr ſeine gnade vnnd <lb/>erzeigte huͤlff in diſem Creutz/
Gott dẽ <choice>
<orig>Allmechti-<lb break="no"/>gen</orig>
<reg>Allmechtigen</reg>
</choice> dancken ſolt/ vnnd hinfurt auch deſto froͤmmer <lb/>vnd gottsfuͤrchtiger/ von
wegen der erzeigten <choice>
<orig>wol-<lb break="no"/>that</orig>
<reg>wolthat</reg>
</choice>/ ſein ſolt.</p>
<p>Zum vierdten/ Daß nachmals/ wann euch <lb/>Gott geholffen/ auff das liebe kindlin/ ſo euch Gott
<lb/>mit ſolchem ſchmertzen gegeben/ deſto mehr <choice>
<orig>ach-<lb break="no"/>tung</orig>
<reg>achtung</reg>
</choice> vnd ſorge haben ſolt/ dieweil es euch ſo ſawer <lb/>worden iſt.</p>
<pb n="H.v"/>
<p>Zum letzten/ Daß wir erkennen ſollen/ daß der <lb/>ewige Gott im Himmel allein vnſer Vatter ſey/
<lb/>der vns in Mutterleib erſchaffen/ Leib vnnd <choice>
<orig>Le-<lb break="no"/>ben</orig>
<reg>Leben</reg>
</choice> gegeben/ vnnd vns zur Welt gebracht/ wie der <lb/>heilig Prophet Dauid ſagt:
<bibl>Pſalm. 139.</bibl> Herr du <lb/>wareſt vber mir in Mutterleibe/ Ich dancke dir <lb/>daruͤber/
daß ich wunderbarlich gemacht bin/ <choice>
<orig>wun<lb break="no"/>derbarlich</orig>
<reg>wunderderbarlich</reg>
</choice> ſeindt deine werck/ vnnd das erkennet <lb/>meine Seele wol/ es war dir mein
gebein nicht <choice>
<orig>ver<lb break="no"/>holen</orig>
<reg>verholen</reg>
</choice>/ da ich in dem verborgen gemacht ware/ da <lb/>ich gebildet ward vnden
in der Erden/ deine <choice>
<orig>au-<lb break="no"/>gen</orig>
<reg>augen</reg>
</choice> ſahen mich/ da ich vnbereitet war.</p>
<p>Solches alles ſoll vns ein groſſer Troſt in <choice><orig>die-<lb break="no"/>ſen</orig><reg>dieſen</reg></choice>
vnd allen noͤten ſein/ vnnd ſollen vns daran <choice><orig>fe-<lb break="no"/>ſtiglich</orig><reg>feſtiglich</reg></choice>
halten.</p></div>
<div><head>Etliche Troſtſpruͤche.</head>
<p>ES ſagt der Herr Chriſtus/ Joannis am 16.
<lb/>Ein Weib wañ ſie geberet/ ſo hat ſie <choice><orig>trawrig<lb break="no"/>keyt</orig><reg>trawrigkeyt</reg></choice>/ dann jhre ſtunde iſt kommen/ wann ſie
<lb/>aber das kindt geboren hat/ dencket ſie nicht mehr
<pb n="H ij.r"/>
an die angſt/ vmb der freude willẽ/ daß der menſch
<lb/>zu der Welt geboren iſt.</p>
<p>Hiermit zeiget der Herr Chriſtus an/ das er ein
<lb/>hertzlich wolgefallẽ hab an Gottsfuͤrchtigẽ <choice><orig>ſchwan<lb break="no"/>geren</orig><reg>ſchwangeren</reg></choice>
Weibern/ vnnd daß er auch hertzlich fuͤr ſie
<lb/>ſorget/ vnd daß jhrer ſchmertze jhnen nicht zur <choice><orig>ver-<lb break="no"/>derbnus</orig><reg>verderbnus</reg></choice>
aufferlegt ſey/ ſondern daß ſie darinn <choice><orig>er-<lb break="no"/>halten</orig><reg>erhalten</reg></choice>/ vnnd erfrewet ſollen werden/ Darumb
<lb/>ſpricht auch Gott in dem <bibl>erſten Buch Moſi am
<lb/>dritten Capitel</bibl>/ Du ſolt mit ſchmertzen kinder <choice><orig>ge-<lb break="no"/>beren</orig><reg>geberen</reg></choice>/ Er ſpricht nicht/ du ſolt in kindstnoͤten <choice><orig>ver-<lb break="no"/>derben</orig><reg>verderben</reg></choice>/ ſondern/ ob du ſchon ſchmertzen haſt/ wil
<lb/>ich dir doch helffen/ daß du geberen ſolt/ Darumb
<lb/>ſo iſt ſolcher ſchmertzen ein Heiliges Creutze.</p>
<p><bibl><abbr>S.</abbr> Paulus 1. an Timotheum 2.</bibl> Ob wol
<lb/>das Weib verfuͤret/ vnnd die vbertrettung <choice><orig>einge-<lb break="no"/>fuͤret</orig><reg>eingefuͤret</reg></choice>
hat/ ſo wirdt doch ſie ſelig durch Kinder <choice><orig>zeu-<lb break="no"/>gen</orig><reg>zeugen</reg></choice>/ ſo ſie bleibt im glauben/ in der liebe/ in der <choice><orig>hei-<lb break="no"/>ligung</orig><reg>heiligung</reg></choice>/ ſampt der zucht.</p>
<p>Dieſes iſt ein reichlicher herrlicher Troſt/ allen
<pb n="H ij.v"/>
ſchwangeren Frawen/ der gar wol zumercken/ <choice><orig>da-<lb break="no"/>mit</orig><reg>damit</reg></choice>
ſie ſich in der not vnd in dem Creutz der geburt
<lb/>troͤſten kuͤndten/ vnnd ſagen: Ob mich wol das
<lb/>Creutz etwas ſchwer vñ ſawer ankompt/ ſo iſt doch
<lb/>das mein troſt/ daß ich in Gottes beruff vnnd <choice><orig>ord-<lb break="no"/>nung</orig><reg>ordnung</reg></choice>
bin/ darumb wirdt er gewißlich mit ſeiner
<lb/>Goͤttlichen gnade/ ſegen/ vnd huͤlff/ bei mir ſtehen/
<lb/>mich in der not nicht verlaſſen/ Sondern mir <choice><orig>mei-<lb break="no"/>nen</orig><reg>meinen</reg></choice>
ſchmertzen/ vñ aufferlegtes Creutz/ zum beſten
<lb/>wenden/ vnd nach meiner trawrigkeyt/ wider ein
<lb/>freude beſcheren/ vmb ſeines lieben Sohns Jeſu
<lb/>Chriſti willen/ Amen.</p></div>
<div><head><bibl>Pſalm. CXXVII.</bibl></head>
<p>Sihe/ Kinder ſeindt ein gabe Gottes/ vnd leibs
<lb/>frucht iſt ein geſchencke.</p>
<p>Wir haben auch viel Exempel der heyligen
<lb/>Schrifft/ daß die fruchtbarkeyt fuͤr ein ſegen <choice><orig>Got-<lb break="no"/>tes</orig><reg>Gottes</reg></choice>/ vnnd die vnfruchtbarkeyt fuͤr ein ſchmach <choice><orig>ge-<lb break="no"/>achtet</orig><reg>geachtet</reg></choice>
vnd gehalten worden.</p>
<p>Dann alſo ſtehet/ <bibl><abbr>Gen.</abbr> 30</bibl> der Herr gedacht an
<pb n="H iij.r"/>
Rahel/ vnd erhoͤret ſie/ vnd machet ſie fruchtbar/
<lb/>da wardt ſie Schwanger/ vnd gebare einen ſohn/
<lb/>vnnd ſprach: Gott hat mein ſchmach von mir <choice><orig>ge-<lb break="no"/>nommen</orig><reg>genommen</reg></choice>.</p>
<p>Alſo ſagt Hanna des Samuelis Mutter: Herr
<lb/>Zebaoth/ wirſtu deiner magd elendt anſehen/ vnd
<lb/>an mich gedencken/ vnd deiner magdt mit nichten
<lb/>vergeſſen/ vnd wirſt deiner magd einen Sohn <choice><orig>ge-<lb break="no"/>ben</orig><reg>geben</reg></choice>/ ſo wil ich jn dem Herrn geben/ ſein lebenlang.</p></div>
<div><head><bibl>Pſalm. CXXVIII.</bibl></head>
<p>Dein Weib wirt ſein wie ein fruchtbarer <choice><orig>Wein-<lb break="no"/>ſtock</orig><reg>Weinſtock</reg></choice>/ vmb dein hauß herumb/ vnnd deine kinder
<lb/>wie die oͤlpflaͤntzlin/ Siehe alſo wirdt geſegnet der
<lb/>Mann der den Herrn fuͤrchtet.</p></div>
<div><head>Das Gott ſorget fuͤr die <choice><orig>Schwan-<lb break="no"/>gere</orig><reg>Schwangere</reg></choice>
Weiber.</head>
<p>DAß auch Gott fuͤr die Swangere Weiber
<lb/>ſorge tregt/ haben ſie ſich zutroͤſten/ Dann
<lb/>wir leſen <bibl>Exodi am 21.</bibl> Daß Gott ein <choice><orig>beſon-<pb break="no" n="H iij.v"/>der</orig><reg>beſonder</reg></choice>
der geſetz geben hat/ darinn er gebeut/ daß mann
<lb/>mit groſſem fleiß der Schwangeren Weiber <choice><orig>ver-<lb break="no"/>ſchonen</orig><reg>verſchonen</reg></choice>
ſoll/ vnnd ſpricht alſo:</p>
<p>Wann ſich Maͤnner hadern/ vnnd verletzen ein
<lb/>Schwanger Weib/ daß jr die frucht abgehet/ daß
<lb/>jhr kein ſchaden widerfaͤhret/ ſoll mann jhn vmb
<lb/>Gelt ſtraffen/ ſo viel des Weibs mann jhm <choice><orig>auffer-<lb break="no"/>legt</orig><reg>aufferlegt</reg></choice>/ vnd ſoll es geben nach der teidingsleut <choice><orig>erken-<lb break="no"/>nung</orig><reg>erkennung</reg></choice>/ kompt jhr aber ein ſchade darauß/ ſo ſoll <choice><orig>er<lb break="no"/>laſſen</orig><reg>erlaſſen</reg></choice>
ſeele vmb ſeele/ aug vmb auge/ zan vmb zan/
<lb/>hand vmb handt.</p>
<p>Da ſehen wir/ wie vaͤtterlich vnd trewlich <choice><orig>vn-<lb break="no"/>ſer</orig><reg>vnſer</reg></choice>
lieber Herr vnnd Gott fuͤr die Schwangere
<lb/>Weiber ſorget/ vnnd wil nicht/ daß jhnen einiges
<lb/>leidt ſoll widerfahren/ viel mehr will er ſelbſt jhrer
<lb/>ſchonen/ vnd jhnen jhr Creutz in kindtsnoͤten zum
<lb/>beſten wenden.</p></div>
<div><head>Ein Gebett/ ſo ein geberende Frawe
<lb/>in kindtsnoͤten vnnd ſchmertzen <choice><orig>nach-<lb break="no"/>ſprechen</orig><reg>nachſprechen</reg></choice>
mag.</head>
<pb n="H iiij.r"/>
<p>ALlmechtiger Barmertziger guͤtiger Gott/ <choice><orig>ge-<lb break="no"/>trewer</orig><reg>getrewer</reg></choice>
Vatter/ ich dancke dir von grundt <choice><orig>mei-<lb break="no"/>nes</orig><reg>meines</reg></choice>
hertzens/ daß du mich mit der <choice><orig>fruchtbar-<lb break="no"/>keyt</orig><reg>fruchtbarkeyt</reg></choice>
geſegnet haſt/ vnd bitt dich/ vmb deines lieben
<lb/>Sohns Jeſu Chriſti willen/ du woͤlleſt mich durch
<lb/>deinen Heyligen Geyſt/ in dieſer meiner angſt vnd
<lb/>noth/ leiten vnnd ſtercken/ vnnd gedult verleihen/
<lb/>vnnd deine Gnade mittheylen/ das die frucht/ ſo
<lb/>du mir beſcheret haſt/ geſundt zur Welt vnnd
<lb/>Heyligen Tauffe kommen moͤge/ So aber ja dein
<lb/>Goͤttlicher wil iſt/ daß du in diſem meinem Creutz
<lb/>vnnd noͤten/ mich oder auch das Kindtlin/ von
<lb/>diſem leben in dein ewiges leben abfordern wilt/
<lb/>ſo woͤlleſt mit deinem Heiligen Geiſt bey mir ſein/
<lb/>daß ich in deiner erkandtnuß beſtendiglich <choice><orig>verhar-<lb break="no"/>re</orig><reg>verharre</reg></choice>/ vnd nicht vngeduͤltig in dem ſchmertzen werde/
<lb/>oder ſo ich ja auß ſchwachheyt vngeduͤltig wuͤrde/
<lb/>mir ſolches vmb des verdienſts deines lieben Sons
<lb/>willen gnedigklich verzeihen. Auch dir mein <choice><orig>elen-<lb break="no"/>des</orig><reg>elendes</reg></choice>
Kindtlin/ ſo es zur Welt vnnd Tauff kommen
<lb/>wuͤrde/ vaͤtterlich laſſen befohlen ſein/ vnnd zu <choice><orig>dei-<lb break="no"/>nen</orig><reg>deinen</reg></choice>
gnaden auffnemen. Das woͤlleſtu mir/ O
<lb/>Herr/ alſo gnediglich verleihen/ durch deinen <choice><orig>aller-<lb break="no"/>liebſten</orig><reg>allerliebſten</reg></choice>
Sohn/ vnſern einigen Herrn vnnd <choice><orig>Selig-<lb break="no"/>macher</orig><reg>Seligmacher</reg></choice> Jeſum Chriſtum/ Amen.</p></div><pb n="H iiij.v"/>
<div><head>So ein geberende in <choice><orig>Todts-<lb break="no"/>noͤten</orig><reg>Todtsnoͤten</reg></choice>
were.</head>
<p>SO die ſach ſo hart ſich anlieſſe/ daß mann
<lb/>meinet/ die fraw werde mit dem leben nicht
<lb/>daruon kommen/ ſoll die Amme/ vnd andere
<lb/>Weiber/ die Kindtbetterin troͤſten/ vnnd zur beicht
<lb/>vnd gedult ermanen/ vnnd ſagen: Liebe Fraw/
<lb/>Nach dem euch Gott der Allmechtige diſes Creutz
<lb/>alſo auffgelegt/ vnd euch etwas hart zuſetzt/ vnnd
<lb/>wir nicht wiſſen kuͤndten/ wie es Gott der Herr
<lb/>mit euch ſchicken wil/ da wir gleichwol nicht <choice><orig>verza-<lb break="no"/>gen</orig><reg>verzagen</reg></choice>/ ſondern noch ſteiffe hoffnũg/ zu der huͤlff <choice><orig>Got-<lb break="no"/>tes</orig><reg>Gottes</reg></choice>
haben/ So ſolt jhr nun ewer ſache Gott dem
<lb/>Allmechtigen trewlich/ vnnd von gantzem hertzen
<lb/>befehlen/ vnd euch deſſen hoͤchlich troͤſten/ daß jhr
<lb/>in Gottes beruff vnd in Chriſtlichem werck ſeidt/
<lb/>vnd an Gottes verheiſſung vnnd zuſage euch feſt
<lb/>halten. Vnd dieweil wir alle ſterblich ſein/ vñ keine
<lb/>gewiſſe zeit vnſers lebens haben/ vnd doch endtlich
<lb/>durch mancherlei ſchwachheyt ſterben muͤſſen/ ſo
<lb/>ſolt jhr/ wie ich geſagt/ ewere ſachen gantz vnd gar
<lb/>Gott dem Allmechtigen heimſtellen/ welcher nach
<lb/>ſeinem Goͤttlichen willen/ euch auch noch helfen
<pb n="I.r"/>
kan/ vnnd euch demſelbigen befehlen/ euch ewerer
<lb/>ſuͤnden jhm ſchuͤldig geben/ vnd jhnen vmb <choice><orig>verzei-<lb break="no"/>hung</orig><reg>verzeihung</reg></choice>
bitten/ auch jederman willig vnd von hertzen
<lb/>verzeihen/ Vnd daß jhr ſolches thun woͤllet/ ſolt jr
<lb/>mir vnd allen ſo bei vns ſein verheyſſen.</p>
<p>So ſie ſolches thut/ vnnd ja ſpricht/ ſoll die <choice><orig>Am-<lb break="no"/>me</orig><reg>Amme</reg></choice>
zu jhr die abſolution ſprechen/ vnd ſagen/ So
glaubet daß euch Gott die ſuͤnde vmb Jeſus <choice><orig>Chri-<lb break="no"/>ſtus</orig><reg>Chriſtus</reg></choice>
willen verziehen hat/ das ich euch auff Gottes
<lb/>befelch gewißlich zuſage/ vnd ſprech euch ledig von
<lb/>allen eweren ſuͤnden/ im namen Gottes des <choice><orig>Vat-<lb break="no"/>ters</orig><reg>Vatters</reg></choice>/ vnd des Sohns/ vnnd des Heyligen Geyſtes/
<lb/>Amen/</p>
<p>Derſelbige woͤlle euch in rechtem glauben <choice><orig>ſter-<lb break="no"/>cken</orig><reg>ſtercken</reg></choice>/ vnd biß an das ende erhalten/ vnnd das ewig
<lb/>leben verleihen/ vnnd woͤlle vns nachmals in diſen
<lb/>noͤten beiſtehen/ vnd ſein huͤlff erzeygen.</p>
<p>Darauff ſollen ſie das heilig Vatter vnſer <choice><orig>be-<lb break="no"/>ten</orig><reg>beten</reg></choice>/ vnnd weiter allen moͤglichen fleiß thun/ Gott
<lb/>vmb huͤlff anruffen/ vnnd der geberenden troͤſtlich
<lb/>zureden.</p></div>
<pb n="I.v"/>
<div><head>Gebett/ vmb huͤlff in Kindtsnoͤten/
<lb/>vnd ſchmertzen/ ſo die Amme mit den
<lb/>Weibern ſprechen ſoll.</head>
<p>O Ewiger guͤtiger Gott vñ Vatter/ <choice><orig>Schoͤpf-<lb break="no"/>fer</orig><reg>Schoͤpffer</reg></choice>
aller ding/ Der du Mañ vnd Weib dir
<lb/>ſelbſt zum Ebenbildt erſchaffen haſt/ vñ das
<lb/>Weib mit fruchtbarkeyt des leibs geſegnet/ vnd jhr
<lb/>darnebẽ den ſchmertzen der geburt/ zũ Creutz <choice><orig>auf-<lb break="no"/>fferlegt</orig><reg>auffferlegt</reg></choice>
haſt/ vñ vns durch deinen lieben Sohn <choice><orig>Je-<lb break="no"/>ſum</orig><reg>Jeſum</reg></choice>
Chriſtũ zugeſagt/ ſo wir dich etwas in ſeinem
<lb/>namen bitten werden/ ſo woͤlleſtu vns erhoͤren/
<lb/>vnnd daſſelbig geben/ Nach dem wir nun <choice><orig>jetzun-<lb break="no"/>der</orig><reg>jetzunder</reg></choice>
bei diſem Chriſtlichen werck verſamlet ſeindt/
<lb/>vnd deiner gnedigen huͤlff duͤrffen/ So bitten wir
<lb/>deine elende kinder/ du woͤlleſt/ O Herr auff <choice><orig>gegen-<lb break="no"/>wertige</orig><reg>gegenwertige</reg></choice> Schwangere Frawe gnediglich ſehen/ vñ
<lb/>nach dem du ſie mit fruchtbarkeit jhres leibs <choice><orig>geſeg-<lb break="no"/>net</orig><reg>geſegnet</reg></choice>/ ſo woͤlleſt ſie auch deine guͤte vnd huͤlff <choice><orig>empfin-<lb break="no"/>den</orig><reg>empfinden</reg></choice>
laſſen/ daß ſie vnder dem ſchmertzẽ der geburt
<lb/>nicht verderbe/ Sondern ſie ſampt der frucht jres
<lb/>leibs/ deinem geſchoͤpffe/ gnediglich erhalten/ vnnd
<lb/>ſie mit freuden entbinden/ Durch deinen aller <choice><orig>lieb<lb break="no"/>ſten</orig><reg>liebſten</reg></choice>
Sohn/ vnſern Herrn/ Heyland/ vnnd <choice><orig>Selig-<pb break="no" n="I ij.r"/>macher</orig><reg>Seligmacher</reg></choice> Jeſum Chriſtum/ welcher mit dir gleicher
<lb/>Gott in einigkeyt des Heyligen Geyſtes regieret
<lb/>immer vnd ewiglich/ Amen.</p></div>
<div><head>Gebett vmb ein ſeliges ende.</head>
<p>EWiger guͤtiger Gott/ in dem all vnſer Heyl
<lb/>vnd Troſt ſtehet/ dem allein vnſer ende <choice><orig>be-<lb break="no"/>wuſt</orig><reg>bewuſt</reg></choice>
iſt/ Ich armer ſuͤnder bitte dich <choice><orig>demuͤt-<lb break="no"/>tiglich</orig><reg>demuͤttiglich</reg></choice>/ do woͤlleſt mir deine gnade verleihen/ vnnd
<lb/>mich in warem rechten glauben/ lieb/ vñ hoffnung
<lb/>erhalten/ vnnd keine anfechtung des Teuffels/ des
<lb/>Fleiſches/ der Welt/ der marter vnnd pein/ zu ende
<lb/>meines lebens/ mich laſſen vberwinden/ daß ich
<lb/>jhrenthalben nicht verzage/ noch verzweifele an
<lb/>deiner gnade/ vnnd Barmhertzigkeyt/ du woͤlleſt
<lb/>Herr deines geliebten ſons vnſchuͤldig leiden/ <choice><orig>mar-<lb break="no"/>ter</orig><reg>marter</reg></choice>
vnd todt/ nemen fuͤr meine buß/ O Vatter gut/
<lb/>halt mich in deiner hut/ vnd thu meiner armen <choice><orig>ſee-<lb break="no"/>len</orig><reg>ſeelen</reg></choice>
gut/ ehe mir mein Hertz zerbricht/ vnd ehe mein
<lb/>mundt nim̃er ſpricht/ ehe ſich meine augẽ <choice><orig>verwen-<lb break="no"/>dẽ</orig><reg>verwendẽ</reg></choice>/ kom̃ mir zu huͤlff/ O Vatter aller Barmhertzig
<lb/>keyt/ durch das wort welches Jeſus dein Son/ vnſer
<lb/>Herr/ an ſeinẽ letztẽ end/ in hoͤchſter marter vñ pein
<lb/>zu dẽ Schecher geſprochẽ hat/ heut wirſtu mit mir
<pb n="I ij.v"/>
ſein im Paradeiß/ Mit dem ich O Vatter meinen
<lb/>Geyſt befehle in deine hende/ bitt/ du woͤlleſt mich
<lb/>durch deine liebe Engel tragen in deinẽ ſchoß/ vnd
<lb/>mich mit ſampt deinen heyligen Engeln vnd allen
<lb/>himliſchen heren ewiglich leben laſſen/ Amen.</p></div>
<div><head>Gebett in Todtsnoͤten.</head>
<p>O Herr Jeſu Chriſte/ Ich bitte dich durch <choice><orig>dei-<lb break="no"/>ne</orig><reg>deine</reg></choice>
guͤte vnnd Barmhertzigkeit/ du woͤlleſt
<lb/>meine Seele ſtercken/ auff den ferren weg/
<lb/>der mir fuͤrſtehet in ein vnbekandtes landt. Ich
<lb/>glaub daß du vmb meinet willen geſtorben/ mir
<lb/>meine ſuͤnde auß deiner gnaden verziehen/ vnnd
<lb/>daß mir das ewig leben zugeſagt iſt. Diſes <choice><orig>mei-<lb break="no"/>nes</orig><reg>meines</reg></choice>
glaubens/ O Herr/ ſoltu ein zeuge ſein/ Diß ſoll
<lb/>auch mein letzter wil ſein/ in ſolchem glauben auff
<lb/>dein lauter Barmhertzigkeyt zuſterben. Vnnd ob
<lb/>ich durch ſchmertzen vnuernunfft/ oder andere <choice><orig>an-<lb break="no"/>fechtung</orig><reg>anfechtung</reg></choice>
wuͤrde jrgent abfallen/ ſo laß mich o Herr
<lb/>in vnglauben vnnd Gottsleſterung nicht ſtecken/
<lb/>Sondern ſtercke vnnd mehre meinen glauben/
<lb/>daß mir Suͤnde/ Helle/ vnd Teuffel/ nicht <choice><orig>ſcha-<lb break="no"/>den</orig><reg>ſchaden</reg></choice>. Du biſt ſtercker dann die alle/ darauff <choice><orig>ver<pb break="no" n="I iij.r"/>laſſe</orig><reg>verlaſſe</reg></choice>
ich mich/ Herr laß mich nicht zuſchanden <choice><orig>wer-<lb break="no"/>den</orig><reg>werden</reg></choice>.</p></div>
<div><head>Gebett in den letzten zuͤgen.</head>
<p>O Herr Jeſu Chriſte/ mein Gott/ mein <choice><orig>Vat-<lb break="no"/>ter</orig><reg>Vatter</reg></choice>/ jetzundt beweiſe meiner armen Seelen/
<lb/>daß ſie innen werde/ daß du ſeyeſt mein fels/
<lb/>burg/ ſchutz vnd zuuerſicht. Erhalte mich Herr in
<lb/>diſen noͤtẽ wider alle anfechtung des boͤſen feinds/
<lb/>Herr auff dich trawe ich/ laß mich nicht <choice><orig>zuſchan-<lb break="no"/>den</orig><reg>zuſchanden</reg></choice>
werden. In deine hende befehle ich meinen
<lb/>Geyſt. Herr du trewer Gott erloͤſe mich/ Amen.</p></div>
<gap n="Extract of Psalms through K ij.v"/></div>
<pb n="K iij.r"/>
<div type="section" n="5"><head>Fuͤnffter vnd letzter Theyl.
<lb/>Kurtze ermanung an
<lb/>die Ehemaͤnner.</head>
<p>DEr <abbr>H.</abbr> Apoſtel Petrus ſetzt den <choice><orig>Ehe-<lb break="no"/>maͤnnern</orig><reg>Ehemaͤnnern</reg></choice>
ein gebott/ wie ſie gegen
<lb/>jhren Weibern ſich halten ſollen/ vnd
<lb/>ſpricht/ <bibl>1. <abbr>Petr.</abbr> 3.</bibl> Jhr Maͤnner <choice><orig>wo-<lb break="no"/>net</orig><reg>wonet</reg></choice>
bey eweren Weibern mit <choice><orig>ver-<lb break="no"/>nunfft</orig><reg>vernunfft</reg></choice>/ vnnd gebt dem weibe/ als dem ſchwaͤchſten
<lb/>werckzeuge ſein ehre/ als auch miterben der gnade
<lb/>des lebens/ auff das ewer gebett nicht verhindert
<lb/>werde.</p>
<p>So hat Gott das Weib auch jm zu einem <choice><orig>Eben-<lb break="no"/>bildt</orig><reg>Ebenbildt</reg></choice>
als wol als den Man geſchaffen/ vnnd dem
<lb/>Manne das Weib zum gehuͤlfen geſetzt. Dann <choice><orig>al-<lb break="no"/>ſo</orig><reg>alſo</reg></choice>
ſteht in dem <bibl>erſten buch Moſi</bibl>: Gott ſchuffe den
<lb/>Menſchen jm ſelbſt zum Ebenbildt/ er ſchuff ſie ein
<lb/>Maͤñlin vnd ein Fraͤwlin.</p>
<p>Darumb ſoll billich bey vns Chriſten/ die Ehe
<lb/>heilig gehalten/ vnnd der Mañ mit ſeinem Weibe
<pb n="K iij.v"/>
vernuͤnfftig vñ Gottsfuͤrchtig leben/ auch nach <choice><orig>ge-<lb break="no"/>legenheit</orig><reg>gelegenheit</reg></choice>
dem Weib als dem ſchwaͤchſten gefeſe/
<lb/>zuweilen vberſehen vnd nachgebẽ/ ſo fern ſie nichts
<lb/>wider ehr vnd billigkeit handlen/ vnd ſie mit <choice><orig>ſittig-<lb break="no"/>keit</orig><reg>ſittigkeit</reg></choice>/ vnd vernunfft/ ſo ſie etwas auß vnuerſtand vn
<lb/>recht thut/ ſtaffen vnd vnderweiſen.</p>
<p>So nun Gott der Allmechtig/ Mañ vnd <choice><orig>Wei-<lb break="no"/>be</orig><reg>Weibe</reg></choice>/ mit der frucht jres leibs ſegnet/ das ſie <choice><orig>Schwan<lb break="no"/>ger</orig><reg>Schwanger</reg></choice>
werden/ ſollen die Maͤñer neben jren Weibern
<lb/>Gott dem allmechtigen fuͤr ſolche gnade vnd ſegen
<lb/>dancken/ vnd lob ſagen/ vnd bitten daß er das weib
<lb/>vnnd die frucht gnedigklich fuͤr aller gefahr <choice><orig>behuͤ-<lb break="no"/>ten</orig><reg>behuͤten</reg></choice>/ vnd froͤlich entbinden woͤlle.</p>
<p>Zum andern/ So ſoll ein jeglicher Chriſtlicher
<lb/>Eheman/ ein Gottsfuͤrchtiges Chriſtliches leben
<lb/>fuͤren/ fuͤr Suͤnde vnd laſter ſich huͤten/ daß nicht
<lb/>etwa die Schwangere Frawen/ oder jhres leibs
<lb/>frucht/ jres gottloſen lebens entgelten muͤſſen.
<lb/>Zum dritten/ So ſollen die Maͤnner mit jhren
<lb/>Weibern/ wann ſie Schwanger ſindt/ vnd auch
<lb/>ſonſt alle zeit/ vernuͤnfftiglich vnd beſcheidenlich
<lb/>vmbgehen/ mit eſſen vnd trincken nottuͤrfftig <choice><orig>ver-<pb break="no" n="K iiij.r"/>ſehen</orig><reg>verſehen</reg></choice>/ ſie mit harter arbeit nit vberladen/ nit <choice><orig>mut-<lb break="no"/>willig</orig><reg>mutwillig</reg></choice>
ſie erzuͤrnen/ anſchnorren/ vnnd <choice><orig>vnbeſchei-<lb break="no"/>den</orig><reg>vnbeſcheiden</reg></choice>
mit jnen vmbgehen.</p>
 <p>Es ſindt aber offtermals etliche Gottloſe <choice>
      <orig>vnbe-<lb break="no"/>ſcheidene</orig>
      <reg>vnbeſcheidene</reg>
     </choice>/ grobe vngehobelde knollẽ/ die gar ein<choice>
      <orig>vn<lb break="no"/>chriſtliches</orig>
      <reg>vnchriſtliches</reg>
     </choice> leben fuͤren/ ſtetigs voll vnd doll ſein/ jre <lb/>Weiber mit harten vñ ſchnoͤden
     worten anfaren vñ <lb/>anſchnorren/ auch ſie rauffen vnnd ſchlagen/ auch <lb/>ein theyls ſie
     mangel vnd hunger leiden laſſen/ vnd <lb/>nichts achten/ wie es mit dem weib oder der frucht
     <lb/>ergehen moͤge/ darumb dañ offt ſchaden erfolget. <lb/>Darneben ſeind auch viel/ welche
     vnwillig ſein <lb/>vnd laͤſtern vnd fluchen/ darumb daß jre Weiber <lb/>Schwanger werden/ vnnd
     lieber wolten/ daß ſie <lb/>keine kinder bekemen.</p>
<p>Solches iſt ein ſchwere ſuͤnde/ vnnd bleibt von
<lb/>Gott nicht vngeſtraffet.</p>
<p>Es ſollen auch ſolche Gottloſe leut/ wo es fuͤr die
<lb/>Obrigkeyt kompt/ das einiger ſchade durch ſie der
<lb/>Mutter oder dem Kindt zukemen/ ach der gebuͤr
<lb/>ernſtlich geſtrafft werden.
<pb n="K iiij.v"/>
Hiergegen ſollen auch die Weiber ſich gegen
<lb/>jhre Maͤnner jede zeit erbarlich zuhalten wiſſen/
<lb/>ein zuͤchtiges leben fuͤren/ jhrem Haus wol <choice><orig>fuͤr-<lb break="no"/>ſtehen</orig><reg>fuͤrſtehen</reg></choice>/ nicht widerſpennig ſein/ nicht muttwilliger
<lb/>weiſe ſich jhnen widerſetzen/ vnnd mit fleiß zum
<lb/>zorn reitzen/ Sonder in allen dingen Gott fuͤr <choice><orig>au-<lb break="no"/>gen</orig><reg>augen</reg></choice>
haben/ jhrem Man kindern vnd geſinde <choice><orig>trew-<lb break="no"/>lich</orig><reg>trewlich</reg></choice>
helffen fuͤrſtehen. Damit Gott der Herr mit
<lb/>ſeinem ſegen bey jhnen ſtehe/ vnd vber jhnen halte
<lb/>vnnd endtlich als ſeine liebe Kinder/ in die ewige
<lb/>freude zu ſich auffneme/ Darzu der ewige guͤtige
<lb/>Gott/ vnſer erſchoͤpffer/ erloͤſer/ vnd ſeligmacher/
<lb/>vns ſeine gnade verleihen/ vnnd verhelffen
<lb/>wolle/ demſelben ſey lob/ ehr/ vnd
<lb/>preiß geſagt in ewigkeyt/
<lb/>Amen.</p>
<lb/><closer>Ende.</closer></div>
<gap n="Sermon by Caspar Huber"/>
</body>
</text>
</TEI>