<?xml version="1.0" encoding="UTF-8"?>
<?xml-model href="http://www.tei-c.org/release/xml/tei/custom/schema/relaxng/tei_lite.rng" type="application/xml" schematypens="http://relaxng.org/ns/structure/1.0"?>
<?xml-model href="http://www.tei-c.org/release/xml/tei/custom/schema/relaxng/tei_lite.rng" type="application/xml"
	schematypens="http://purl.oclc.org/dsdl/schematron"?>
<TEI xmlns="http://www.tei-c.org/ns/1.0">
<teiHeader>
<fileDesc>
 <titleStmt>
<title>Artzneybuch.
 <lb/>Darinnen/
 <lb/>AUß gnaͤdigem Beuelch/ weilund des
 <lb/>Durchleuchtigen Hochgebornen Fuͤrſten vnnd
 <lb/>Herrn/ Herrn Ludwigen/ Hertzogen zu Wuͤrtemberg vnnd Theck/ Grauen zu
 <lb/>Muͤmpelgart/ <abbr>rc.</abbr> meines gnaͤdigen Fuͤrſten vnnd Herrn/ hochloͤblicher
 <lb/>Chriſtmilter gedaͤchtnus/
 <lb/>Vaſt fuͤr alle/ des menſchlichen Leibs/ Anligen vnnd
 <lb/>Gebrechen/ außerleſene vnnd bewehrte Artzneyen/ gemeinem Vatterland <choice><orig>Teut-<lb break="no"/>ſcher</orig><reg>Teutſcher</reg></choice>
 Nation zu gutem/ auß vilen Hohen vnd NidersStands Perſonen <choice><orig>geſchrib-<lb break="no"/>nen</orig><reg>geſchribnen</reg></choice>
 Artzneybuͤchern zuſamen getragen/ vnd in den
 <lb/>Truck verfertiget ſind/
 <lb/>Durch Hochermeldter Ihrer <abbr>F. G.</abbr> <choice><orig>Hofme-<lb break="no"/>dicum</orig><reg>Hofmedicum</reg></choice>
 Oßwaldt Gaͤbelkhouern/ der
 <lb/>Artzney Doctorn.
 <lb/>Vnd nun mit gnaͤdiger Bewilligung des
 <lb/>auch Durchleuchtigen Hochgebornen Fuͤrſten vnnd
 <lb/>Herrn/ Herrn Friderichen/ Herzogen zu Wuͤrtemberg vnd Theck/ Grauen zu
 <lb/>Muͤmpelgart/ <abbr>rc.</abbr> meines auch gnaͤdigen Fuͤrſten vnd Herrn/ publiciert/ an vilen orten
 <lb/>verbeſſert/ vnd mit nutzlichen heilſamen Artzneyen
 <lb/>gemehrt worden.
 <lb/>Was von der Baßleriſchen/ Franckfurtiſchen/ vnd Eißlebiſchen Edition
 <lb/>diſes Artzneybuchs zuhalten/ wuͤrdt der guthertzig Leſer in <choice><orig>nechſt<lb break="no"/>folgender</orig><reg>nechſtfolgender</reg></choice>
 Vorred vernemen.
 <lb/>Mit <abbr>Roͤm. Keys. May.</abbr> Gnad vnnd Freyheit/ innerhalb
 <lb/>zweintzig Jaren nicht nachzutrucken.
 <lb/><bibl>Getruckt zu Tuͤbingen/ bey Georgen
<lb/>Gruppenbach/ im <date>Jar 1595</date></bibl>.
</title>
<author>Oswald Gabelkover</author>
 </titleStmt>
 <editionStmt>
<edition>Digital Facsimile from Universitätsbibliothek Düsseldorf</edition>
<respStmt><resp>transliterator, TXT and XML encoder</resp>
 <name>Whitt, Richard J.</name></respStmt></editionStmt>
 <publicationStmt>
<p>Place of Publication: Tübingen</p>
<p>Year: <date>1595</date></p>
<p>Extract: Part II ("Fuͤr den weiſſen Fluß"-"Fuͤr ſchwere harte Geburt", pp. 15-49)</p>
 </publicationStmt>
 <sourceDesc>
  <bibl>URL: http://digital.ub.uni-duesseldorf.de/vester/content/titleinfo/1882228</bibl>
 </sourceDesc>
</fileDesc>
</teiHeader>
<text>
<body><div type="part" n="2">
<pb n="15"/>
<div><head>Fuͤr den weiſſen Fluß.</head>
 <div><head>Fuͤr die weiſſe Kranckheit.</head>
    <p>NIm weiſſen Andorn/ leg den in Wein/ vnnd trinck zum <choice><orig>eſ-<lb break="no"/>ſen</orig><reg>eſſen</reg></choice>
 die erſte zween Truͤnck daruon/ zu abend auch nach dem
 <lb/>eſſen.</p>
 <p>Solch Tranck wuͤrdt noch nutzlicher/ wann zu <num>j.</num> Haͤndlin vol
    <lb/>Andorn/ noch gelegt werden/ Hirſchzungen/ vnnd <choice><orig>Camillenbluͤm-<lb break="no"/>lin</orig><reg>Camillenbluͤmlin</reg></choice>/ jedes <num>j.</num> Haͤndlin vol/ vnd wuͤrdt alles mit einander in ein zarts
<lb/>Tuͤchlin geſtrickt/ vnd in <num>j.</num> Maß Weins gelegt/ vnnd wie oben <choice><orig>ge-<lb break="no"/>meldet</orig><reg>gemeldet</reg></choice>/ gebraucht.</p></div>
 <div><head>Wann eine den weiſſen Fluß zuhart hat.</head>
    <p>Nim ein weiß Tuͤchlin/ legs in Brenntenwein/ oder <foreign xml:lang="Latin" rend="antiqua">Aqua <choice><orig>vi-<lb break="no"/>tæ</orig><reg>vitæ</reg></choice></foreign>/ daß es naß werd/ legs warm auff die Raͤuhe/ wanns trucken
 <lb/>wuͤrdt/ ſo netzs wider/ das thue einmal oder ſiben. Es iſt bewehrt.</p>
<p>So ein Fraw das Weiß hefftig/ oder ein boͤſe Mutter hat.
 <lb/>Seud edle Salbey in Waſſer/ laß ſie morgens vnnd nachts
 <lb/>den vordern Leib darob daͤmpffen oder baͤhen/ vnnd doch bey leib
 <pb n="16"/>
nicht heiß/ <num>iij.</num> oder <num>iiij.</num> tag/ nach dem es kommen iſt/ doch nicht/ wañ
 <lb/>die Zeit vorhanden/ vnnd ſchon da iſt/ biß es vergehet/ ſo brauchs/
 <lb/>wie gemeldt.</p></div>
<div><head>Fuͤr den weiſſen Fluß.</head>
   <p>Nim des Krauts <foreign xml:lang="Latin" rend="antiqua">Polytrichi</foreign> <num>ij.</num> Lot/ Negelin <num>j.</num> quintlin/ <choice><orig>Maul-<lb break="no"/>beerblaͤtter</orig><reg>Maulbeerblaͤtter</reg></choice>
 <num>j.</num> Lot/ Zucker <num>ij.</num> Lot: Stoß alles zu Puluer/ vnd miſchs
      <lb/>vnder einander zu einem Triget. Daruon ſoll man auff einer <choice><orig>ge-<lb break="no"/>baͤhten</orig><reg>gebaͤhten</reg></choice>
 Weckenſchnitten/ die mit Wein angefeucht ſey/ alle tag vor
<lb/>dem Morgen oder Nachteſſen <num>j.</num> ſtund/ eſſen/ vngefahrlich ein
      <lb/>Schnitten/ vnnd das <num>iij.</num> oder <num>iiij.</num> Wochen an einander. Es iſt <choice><orig>be-<lb break="no"/>wehrt</orig><reg>bewehrt</reg></choice>.</p></div>
 <div><head>Fuͤr das weiß Geſuͤcht/ D. Wolff Thalheuſer.</head>
<p>Nim weiſſen Weyrauch/ Maſtix/ Muſcatnus/ breiten <choice><orig>We-<lb break="no"/>gerich</orig><reg>Wegerich</reg></choice>/ jedes <num>ij.</num> Lot/ <foreign xml:lang="Latin" rend="antiqua">Agrimonia</foreign> <num>j.</num> Hand vol: Thu es in ein Glaß/
   <lb/>vnnd geuß <num>ij.</num> Maß guten ſtarcken Wein daran/ laß <num>ij.</num> Tag <choice><orig>ſte-<lb break="no"/>hen</orig><reg>ſtehen</reg></choice>/
 laß dann auff einem Kolfewr ſieden/ biß der dritte theil <choice><orig>ein-<lb break="no"/>geſotten</orig><reg>eingeſotten</reg></choice>
   iſt/ coliers/ vnnd trucks wol ſauber auß. Nim darnach <choice><orig>Ro-<lb break="no"/>ſenzucker</orig><reg>Roſenzucker</reg></choice>
   <num>viij.</num> Lot/ Feinzucker <num>j.</num> Pfund/ guten Zimmet/ klein <choice><orig>zer-<lb break="no"/>ſtoſſen</orig><reg>zerſtoſſen</reg></choice>/ <num>j.</num> Lot: Thu es alles in ein Glaß/ vermachs wol/ laß alſo <choice><orig>ſte-<lb break="no"/>hen</orig><reg>ſtehen</reg></choice>. Daruon ſoll die Fraw morgens ein guten ſtarcken Trunck
 <lb/>thun/ warm/ dieweil es wehret. Nachmals ſoll man diſen Rauch
 <lb/>machen:</p>
    <p>Nim Imber <num>j.</num> Lot/ der weiſſen duͤnnen Rinden von <choice><orig>Bircki-<lb break="no"/>nem</orig><reg>Birckinem</reg></choice>
 Holtz/ klein zerſchnitten/ <num>j.</num> quintlin/ vnnd der Blumen von
 <lb/>Maͤußoͤhrlin <num>j.</num> Lot/ wann man aber die Blumen nicht gehaben
 <lb/>mag/ ſoll man ſo vil Krauts nemen. Diſe Stuck alle thue auff ein
 <lb/>heiſſen Ziegelſtein/ geuß <num>iij.</num> Loͤffel vol guten Maluaſier darauff/
 <lb/>daruon ſoll ſie den Dampff durch ein Trechter in den Berleib <choice><orig>ge-<lb break="no"/>hen</orig><reg>gehen</reg></choice>
       laſſen/ <num>iij.</num> oder <num>iiij.</num> tag nach einander. Vnd wann ſie das <choice><orig>Waſ-<lb break="no"/>ſer</orig><reg>Waſſer</reg></choice>
 darzu trinckt/ ſo wuͤrdt jhr geholffen. Nach dem Dampff leg jhr
 <lb/>folgends Pflaſter vber den Nabel:
 <pb n="17"/>
Nim rote Roſenblaͤtter/ Camillen vnnd Mutterkraut/ eins ſo
 <lb/>vil als des andern: Laß in einem guten roten Wein ſieden/ vnnd
 <lb/>binds warm vber den Nabel.</p>
 <p>Sie mag auch diß Oel brauchen/ dann es iſt bewehrt von
<lb/><abbr>D.</abbr> Talheuſern.</p>
 <p>Nim Terpentin <num>j.</num> Pfund/ <foreign xml:lang="Latin" rend="antiqua">Galbani, Myrrhæ</foreign>, jedes <num>viij.</num> Lot/
<lb/>Loroͤl <num>x.</num> Lot: Miſchs vnder einander/ thu es in ein Inſtrument/
<lb/>darinn man die Oel diſtilliert/ vnnd diſtilliers mit groſſem fleiß.
<lb/>Thu ein wenig kleine ſauber Kißlingſtein darzu/ ſo ſteigt es nicht
<lb/>vberſich. Vnnd behalt diß Oel/ damit ſoll ſie den Nabel ſalben. Es
<lb/>iſt alles bewehrt von <abbr>D.</abbr> Talheuſern/ wie gemeldt.</p></div>
 <div><head>Fuͤr den weiſſen Fluß.</head>
 <p>Gib jhr abends vnnd morgens allwegen ein Truͤncklin weiß
<lb/>Roſenwaſſer zutrincken.</p></div>
<div><head>Oder.</head>
 <head>Nim weiſſen Beyfuß/ ſeud den in einer Fleiſchbruͤe/ darmit
    <lb/>mach ein Breylin mit Rockenbroſam: Strewe darauff einer <choice><orig>Ha-<lb break="no"/>ſelnus</orig><reg>Haſelnus</reg></choice>
groß weiſſen Weyrauch: Das ſoll ſie morgens nuͤchtern <choice><orig>ett-<lb break="no"/>lich</orig><reg>ettlich</reg></choice>
mal eſſen.</head></div>
 <div><head>Oder.</head>
    <p>Brenn im Meyen von den braunen Kleeblumen in den <choice><orig>Wi-<lb break="no"/>ſen</orig><reg>Wiſen</reg></choice>/ ein Waſſer: Daruon gib jhr den Tag vber/ offt zutrincken/
 <lb/>vnd laß ſie auch den Wein vber Tiſch damit vermiſchen.
 <lb/>Deßgleichen mag man auch das Meliſſenwaſſer brauchen.</p></div></div>
 <div><head>Fuͤr die Beermutter.</head>
<div><head>Fuͤr vberſich ſteigen der Beermutter.</head>
 <p>HEnck jhr Bibergeil an Hals/ vnd laß ſie offt daran riechen.</p></div>
 <div><head>Oder.
 </head><p>Laß ſie Bibergeil zwiſchen die Bruͤſt vber das <choice><orig>Hertz-<lb break="no"/>gruͤblin</orig><reg>Hertzgruͤblin</reg></choice>
 legen.</p></div>
 <pb n="18"/>
<div><head>Fuͤr auffſteigen der Beermutter.</head>
<head>Mach jhr folgende Rauchkuͤchlin/ deren leg eins auff ein
 <lb/>Glut/ vnnd laß den Rauch jhr zum Mund vnnd Naſen gehen.
 <lb/><foreign xml:lang="Latin" rend="antiqua"><abbr>Rec.</abbr> Galbani in aceto diſſoluti, caſtorei, <abbr>añ. vnc. s.</abbr> ſulphuris
<lb/><abbr>vnc.</abbr> <num>j.</num> miſce, fiant trochiſci.</foreign></head>
 <head>Vnden aber brauch jhr folgends Saͤlblin. <foreign xml:lang="Latin" rend="antiqua"><abbr>Rec.</abbr> muſci <abbr>ſcrup.</abbr> <num>j.
 </num> Galliæ muſcatæ <abbr>drach.</abbr> <num>j.</num> olei <abbr>lilior. vnc.</abbr> <num>ij.</num> agitentur ſimul in
<lb/>mortario, vt fiat linimentum molle.</foreign> Damit ſoll der Frawen
<lb/>Leib vnden mit linder warmer Hand geſalbet werden.</head></div> 
 <div><head>Ein bewehrter Rauch vnd Kuͤſſin fuͤr die Mutter.</head>
<p>Nim gelben oder weiſſen Augſtein: Zuͤnde jhn an/ oder wann
 <lb/>er gepuͤluert iſt/ lege jhn auff ein Glut/ vnd laß den Rauch daruon
 <lb/>in Mund vnd Hals gehen. Fuͤlle auch ein Kuͤßlin mit Haſelhuͤner
 <lb/>Federn/ ſo groß/ daß es den Leib bedecken moͤg: Laß ſie das warm
 <lb/>vberlegen/ wann die Mutter anfahet vnrhuͤwig zuwerden.</p></div>
<div><head>Fuͤr die Beermutter.</head>
 <p>Wanns ein Menſch ankompt/ ſo laß gleich vnder beide Arm
<lb/>ein Buͤſchel Leibſtuͤckelblaͤtter legen/ es ſey duͤrr oder gruͤn/ vnd daß
<lb/>ſie ein wenig von einer Leibſtuͤckelwurtz eſſe/ vnd die wol kewe (das
<lb/>thue/ als offt eins ankompt) vnd auff den Nabel lege.</p></div>
<div><head>Oder.</head>
 <p>Fuͤlle <num>ij.</num> Saͤck mit Wermut vnd Beymenten/ die den Leib <choice><orig>be-<lb break="no"/>decken</orig><reg>bedecken</reg></choice>
moͤgen. Stepps/ daß die Kraͤuter nicht zuſamen fallen:
<lb/>Seuds im weiſſen Wein/ trucks wol auß/ laß ſie ein nach dem <choice><orig>an-<lb break="no"/>dern</orig><reg>andern</reg></choice>
allweg warm vberlegen/ biß ſich die Mutter ſetz.</p></div>
<div><p>Oder.</p>
 <p>Nim Wermut vnd Rauten/ eins ſo vil als des andern: Hacks
<lb/>vnnd roͤſchs im Baumoͤl/ biß es weich wuͤrdt: Streichs auff ein
<lb/>Tuͤchlin/ wie ein Pflaſter/ vnd legs warm auff den Nabel.</p></div>
<div><head>Oder.
</head><p>Leg jhr Wermut in die Schuch/ vnd laß ſie darauff gehen.</p></div>
<pb n="19"/>
<div><head>Fuͤr die Beermutter.</head>
<p>Nim friſche Rauten <num>j.</num> Hand vol: Thu es in ein Pfannen/ vnd
 <lb/>hebs vber das Fewr/ biß es wol heiß vnd lind wuͤrdt/ ſo wickle es in
 <lb/>ein zarts Tuͤchlin/ vñ binds auff den Nabel. Wann es nicht gleich
 <lb/>helffen will/ ſo brauchs noch einmal.</p></div>
<div><head>Ein anders.</head>
 <p>Nim Zibet/ einer Linſen groß/ laß ſie das mit einem Finger
<lb/>gantz wol in den Nabel reiben/ ſo lang/ biß ſie bedunckt/ daß es gantz
<lb/>hinein ſey. Dann heiß ſie ſtill ligen/ mit an ſich gezognen Fuͤſſen/
<lb/>vnd daß ſie den Bauch warm halte.</p></div>
<div><head>Oder.</head>
 <p>Nim friſche Krauſenmuͤntz/ laß ſie die vnden an die Geburt
<lb/>binden/ vnnd mit Holderbluſt beſtreichen. Vnnd wann ſchon ein
<lb/>Weib ſchwanger were/ ſo ſchadet es jhr doch nicht.</p></div>
<div><head>Ein bewehrte Kunſt/ ſo einer die Mutter vberſich ſteigt.</head>
   <p>Nim Roſenblaͤtter <num>j.</num> Haͤndlin vol/ vnd <num>x.</num> oder <num>xv.</num> gantze <choice><orig>Ge-<lb break="no"/>wuͤrtzneglin</orig><reg>Gewuͤrtzneglin</reg></choice>: Binds in ein leinins Tuͤchlin/ ſeuds in Maluaſier/
<lb/>ſo lang/ als ein harts par Eyer: Legs der Frawen/ ſo warm ſie es
<lb/>leiden kan/ fuͤr den vordern Leib ſo genach/ als man kan/ ſchier als
<lb/>wann ſie es zu jhr trucken ſolt/ doch ſoll ſie bedeckt ſein/ daß der
<lb/>Dampff daruon nicht vberſich ins Haupt kom̃/ biß ſich die <choice><orig>Mut-<lb break="no"/>ter</orig><reg>Mutter</reg></choice>
geſetzt.</p>
</div><div><head>Ein anders.</head>
 <p>Nim Kuͤhkaht alſo warm/ balds von der Kuh kompt/ thu es
<lb/>in ein Tuͤchlin/ hebs vnder die Kuh/ milck auff das Kuͤhkaht ein
<lb/>guten Trunck in ein Schuͤſſelin/ truͤcks ein wenig auß/ vnnd thue
<lb/>behend/ weil es warm iſt/ eins Pfennings ſchwer Negelinwuͤrtz in
<lb/>die Milch/ rhuͤrs wol vmb/ gibs jhr alſo warm zutrincken: Doch
<lb/>legs vor nider/ decks zimlich zu/ ob ſie ſchwitzen moͤcht.</p>
 <p>Wer ein wenig von einer Alantwurtz ißt/ ſo balds die Mutter
<lb/>ankompt/ iſt faſt gut darfuͤr. Deßgleichen von einer Meiſterwurtz.</p></div>
<pb n="20"/>
 <div><head>Oder.</head>
<p>Nim Khuͤkaht/ zertreibs in einem guten ſtarcken weiſſen
 <lb/>Wein/ ſeyhe es durch ein Tuͤchlin/ thue Zimmet darzu/ ſo vil/ daß
 <lb/>jhm den Geſchmack zum theil neme: Gibs einer warm ein/ bald ſie
   <lb/>die Mutter vberkompt/ doch ſoll ſie ſich/ ehe ſie es trinckt/ <choice><orig>niderle-<lb break="no"/>gen</orig><reg>niderlegen</reg></choice>/ vnd warm zudecken. Es hilfft.</p>
 </div> <div><head>Oder.</head>
<p>Nim <num>v.</num> Schaaffbonen/ als friſch du die bekommen magſt/ vnd
 <lb/>zertreib ſie in einem zimlichen Trunck Weins/ der ſo warm ſey/
 <lb/>als man jhn wol leiden mag/ vnd gibs jhr zutrincken.</p></div>
<div><head>Fuͤr die Beermutter.</head>
 <p>Nim <num>ij.</num> Roßzirch von einem Roß/ das lauter Habern ißt/
<lb/>alſo warm: Zertreibs in einem Trunck Weins/ ſeyhe es durch ein
    <lb/>Tuͤchlin/ vnnd ſtrewe geſtoßnen Zimmet darauff: Gibs warm <choice><orig>zu-<lb break="no"/>trincken</orig><reg>zutrincken</reg></choice>/ <unclear/>eck ſie zu/ vnd laß ſchwitzen. So du Meliſſenwaſſer haſt/
<lb/>ſo nims fuͤr Wein.</p></div>
<div><head>Oder.</head>
 <p>Gib jhr einer Nuß groß <foreign xml:lang="Latin" rend="antiqua">album græcum</foreign>/ in einem Truͤncklin
<lb/>weiß Gilgenwaſſer warm ein.</p></div>
<div><head>Ein bewehrt ſtuck fuͤr die Beermutter.</head>
 <p>Nim das weiß von Huͤnermiſt/ als groß als ein Gartenerbis.
<lb/>Zertreibs in einem Loͤffel vol Weins/ vnd gib es ein. Es iſt gewiß.</p></div>
<div><head>Oder.
</head><p>Seud Lorbeer in Wein/ vnd gib jhr den alſo heiß zutrincken.</p></div>
<div><head>Oder.</head>
   <p>Seud Meliſſen gleicher geſtalt/ vnnd gib den Wein heiß <choice><orig>zu-<lb break="no"/>trincken</orig><reg>zutrincken</reg></choice>.</p></div>
<div><head>Oder.</head>
 <p>Seud Bibenellwurtz <num>j.</num> Lot/ in einem Viertheilin alten Weins/
<lb/>wie harte Eyer: Gib morgens nuͤchtern ein warmen Trunck <choice><orig>da-<lb break="no"/>uon</orig><reg>dauon</reg></choice>.</p></div>
<div><head>Oder.
</head><p>Gib jhr rot Neßlenwaſſer zutrincken/ das ſtillt die Mutter.</p></div>
<pb n="21"/>
 <div><head>Ein anders.</head>
    <p>Nim <num>j.</num> Zehen von einem Knoblauch/ ſchneids auffs aller <choice><orig>klei-<lb break="no"/>neſt</orig><reg>kleivneſt</reg></choice>/ oder zerknitſchs/ thu es in ein Loͤffel vol Brenntenweins/ oder
 <lb/>mehr/ darnach er ſtarck iſt/ gibs jhr zutrincken/ doch daß ſie ſich
 <lb/>warm halte.</p></div>
<div><head>Oder.
</head> <p>Nim Krebsaugen/ Haſenſpruͤng/ Pomerantzenſchalen/ vnnd
 <lb/>ein wenig Einhorn/ daruon mach ein Puluer/ gibs mit gutem
 <lb/>Weineſſig ein/ vnnd decke ſie warm zu. <foreign xml:lang="Latin" rend="antiqua">Nota</foreign>, es were vil ſicherer
 vnd beſſer/ daß mans in warmen Wein eingebe.</p></div>
<div><head>Oder.</head>
 <p>Nim Krebſaugen/ Pomerantzenſchelffen/ Zittwan/ weiſſen
<lb/>Augſtein/ jedes <num>j.</num> quintlin: Stoß alles gar klein/ vnnd miſchs wol
    <lb/>vnder einander. Daruon gib <num>j.</num> quintlin auff einmal mit dem <choice><orig>ſtaͤr-<lb break="no"/>ckeſten</orig><reg>ſtaͤrckeſten</reg></choice>
Wein/ den man haben mag/ vnd daß ſie ſich denſelben Tag
<lb/>vor dem Lufft huͤte.</p></div>
<div><head>Ein andere gantz gewiſſe Kunſt darfuͤr.</head>
 <p>Im Herbſt nim den Samen auß den Kartenbuͤrſten/ wie ſie
<lb/>im Feld wachſen/ die die Tuchſcherer brauchen zu den Tuͤchern/
<lb/>wann er zeittig iſt/ klopff jhn auß/ vnnd ſchwing jhn ſauber/ daß
<lb/>nichts vnſaubers darinn bleib/ laß jhn duͤrr werden/ ſtoß jhn zu <choice><orig>rei-<lb break="no"/>nem</orig><reg>reinem</reg></choice>
    Puluer. Daruon gib der krancken Perſon/ ſo vil man <choice><orig>zwi-<lb break="no"/>ſchen</orig><reg>zwiſchen</reg></choice>
<num>iij.</num> Fingern heben kan/ in einer warmen Bruͤe/ oder in einem
<lb/>warmen Wein/ laß ſie gar ſtill darauff ligen/ vnnd decke ſie warm
<lb/>zu. Wann ſie koͤndte ſchwitzen/ ſo were es deſto beſſer/ laß ſie <num>ij.</num> oder
<lb/><num>iij.</num> ſtund ligen/ biß ſich die Mutter wol ſetzt.</p></div>
<div><head>Oder.</head>
   <p>Nim Meliſſenwaſſer/ oder Beymentenwaſſer/ <choice><orig>Khuͤkahtwaſ-<lb break="no"/>ſer</orig><reg>Khuͤkahtwaſſer</reg></choice>/ vnd Leibſtuͤckelwaſſer/ jedes <num>j.</num> Lot: Gibs warm zutrincken.</p></div>
<div><head>Ein anders.</head>
 <p>Nim Holderſchwaͤmmlin <num>j.</num> Hand vol: Geuß daran <num>j.</num> Maß
<lb/>Brenntenwein/ laß in eim Glaß wol vermacht an einander ſtehen.
<pb n="22"/>
 Wann eins die Beermutter ankompt/ ſo gib jm ein Truͤncklin des
<lb/>Brenntenweins/ ſo vergehets jhm.</p></div>
<div><head>Oder.</head>
 <p>Nim von den Treiſchen oder Ruffolcken/ wie man ſie nennt/
    <lb/>die Maͤglin/ ehe man ſie ſeudt: Thue ſie auff/ vnd ſchab das <choice><orig>vnſau-<lb break="no"/>ber</orig><reg>vnſauber</reg></choice>
herauß/ zeuhe ein Faden dardurch/ vnnd hencks an den Lufft/
<lb/>da kein Sonn ſcheint/ oder doͤrrs in einem Bachofen/ auff einem
<lb/>ſaubern Brittlin/ dann ſtoß zu Puluer/ gib einer Frawen oder
<lb/>Jungfrawen/ ſo die Beermutter hat/ des Puluers <num>iij.</num> Erbis groß
<lb/>in einem Loͤffel vol Weins. Das ſoll gar bewehrt ſein.</p></div>
<div><head>Ein anders fuͤr reiche Leut.</head>
   <p>Nim Beningenkoͤrner gepuͤluert/ fuͤnff an der zahl/ <choice><orig>Kaulber-<lb break="no"/>ſichſtein</orig><reg>Kaulberſichſtein</reg></choice>/ weiſſen Augſtein/ Corallen/ weiſſen vnd blawen Saphir/
<lb/>jedes <num>j.</num> quintlin/ Pomerantzenſchelffen/ Hechtaugen/ Hechtzaͤn/
<lb/>Hirſchcreutz/ jedes <num>j.</num> quintlin/ Feinbeerlin <num>ij.</num> quintlin/ gemalen
<lb/>Gold <num>j.</num> quintlin: Alles auff reineſt gepuͤluert/ vnnd vnder <choice><orig>einan-<lb break="no"/>der</orig><reg>einander</reg></choice>
gemiſcht. Daruon gib abends <num>j.</num> quintlin mit einem Loͤffel vol
<lb/>Meliſſenwaſſer.</p></div>
<div><head>Fuͤr die Beermutter.</head>
   <p>Gib jr bitter Mandeloͤl/ oder das Oel von krauſen <choice><orig>Beymen-<lb break="no"/>ten</orig><reg>Beymenten</reg></choice>/ daß ſie ſich vnden vmb den Nabel damit ſchmiere.</p></div>
<div><head>Wann ein Menſch die Mutter hat.</head>
 <p>Nim <num>j.</num> Hand vol Kuͤmmich/ thu es in ein Saͤcklin/ ſeuds in
<lb/>Wein/ wie harte Eyer/ trucks zwiſchen zwey Tellern wol auß/ legs
<lb/>auff den Leib/ vnderhalb des Nabels: Gib jr auch ein gutẽ Trunck
<lb/>des Weins/ darinn das Saͤcklin geſotten hat/ ſo warm ſie es <choice><orig>trin-<lb break="no"/>cken</orig><reg>trincken</reg></choice>
kan. Wann das Saͤcklin erkalten will/ ſo waͤrms wider im
<lb/>vorigen Wein.
 </p> <p>Ettliche geben weiſſen Weyrauch <num>j.</num> quintlin/ in halb Wein/
<lb/>vnd halb Spicanardiwaſſer/ ein/ vnd laſſend das Kranck darauff
<lb/>nider ligen/ vnd ſich ſtill halten.</p></div>
<pb n="23"/>
 <div><head>Oder.
 </head><p>Mach Baumoͤl heiß/ netz ein Baumwollen darinn: Laß ſie es
<lb/>vber den Nabel legen/ ſo heiß ſie es leiden kan. Es hilfft.</p>
 </div> <div><head>Oder.
 </head> <p>Nim friſchen Butter/ vnd gut friſch Baumoͤl/ eins ſo vil als
<lb/>des andern: Laß heiß werden/ netz ein Tuch darinn (weiß oder blaw
<lb/>wullin wer am beſten) legs vber den Leib. Es hilfft.</p></div>
 <div><head>Fuͤr Mutterwehe.</head>
 <p>Nim Salbey ein guten theil/ legs <num>ij.</num> oder <num>iij.</num> Tag in Eſſig:
<lb/>Zerſtoß jhn dann/ vnd truck den Safft darauß: Damit ſoll ſich die
<lb/>Fraw in vnd vmb den Nabel ſalben/ vnd vmb die Knieſcheiben.</p></div>
 <div><head>Oder.</head>
<p>Netz ein Tuch in Brenntenwein/ vnnd leg es vber den Nabel/
 <lb/>vnd auff den Bauch/ den ſalb zuuor mit ſolchem Brenntenwein.</p></div>
<div><head>Oder.
</head> <p>Nim Alantwurtz/ ſampt dem Kraut: Hacks klein/ ſeuds in
 <lb/>Wein/ legs wol heiß vber.</p></div>
<div><head>Fuͤr das Mutterwehe.</head>
 <p>Brat ein weiſſe Gilgenwurtzel in heiſſer Aſchen/ binds auff
<lb/>den Nabel/ das ſtillt den Schmertzen bald.</p></div>
<div><head>Ein bewehrte Salben fuͤr die Mutter.</head>
   <p>Nim Gloriet <num>j.</num> Lot/ Hirſchin Vnſchlit <num>ij.</num> Lot/ <choice><orig>Meyen-<lb break="no"/>ſchmaltz</orig><reg>Meyenſchmaltz</reg></choice>/ oder ſonſt Butterſchmaltz <num>iij.</num> Lot: Laß es ob einer Glut
<lb/>vnder einander zergehen/ rhuͤrs wol/ biß es geſtehet. Wann eins die
<lb/>Mutter ankompt/ ſo thue der Salben in ein Nußſchalen/ biß ſchier
<lb/>vol iſt: Binds vber den Nabel/ ſo zeucht die Mutter die Salben
<lb/>hinein/ vnd legt ſich.</p></div>
<div><head>Ein anders.
</head> <p>Nim Boley ein gute Hand vol/ wilde Salbey <num>iij.</num> oder <num>v.</num>
 <lb/>Blaͤtter: Hacks klein durch einander/ ſchlag dann zwey Eyer
 <lb/>drein/ auch ſchab von einer Muſcatenuß gar klein darzu: Rhuͤrs
 <lb/>alles wol durch einander/ bachs in Baumoͤl/ wie ein Kuͤchlin/ dann
 <pb n="24"/>
ſeyhe das Oel herab/ vnd ſchlag das Kuͤchlin in ein Tuͤchlin/ vnnd
 <lb/>laß ſie das/ ſo warm ſie es leiden mag/ vber den Nabel legen/ doch
 <lb/>daß ſie ſtill lige: Wann das Kuͤchlin erkalten will/ ſo waͤrms wider
 <lb/>in Baumoͤl/ wie vor.</p></div>
<div><head>Fuͤr Mutterſtoͤrige Frawen ein Triget/ von der
 <lb/>von Hohenlohe.</head>
   <p>Nim Metram/ Boley/ Beymenten/ Maurrauten/ <choice><orig>Korn-<lb break="no"/>muͤntz</orig><reg>Kornmuͤntz</reg></choice>/ Bachbungen/ eins ſo vil als das andern: Doͤrrs/ vnnd ſtoß/
<lb/>thue Zucker darzu/ daß es lieblich wuͤrdt. Magſt auch wol ein <choice><orig>we-<lb break="no"/>nig</orig><reg>wenig</reg></choice>
Imber/ Zimmet/ vnnd Galgant darzu thun: Brauchs abends
<lb/>vnd morgens auff Weckenſchnittlin/ die gebaͤhet/ vnnd mit Wein
      <lb/>angefeucht ſeien. Gib jn auch Maͤußoͤhrlinwaſſer morgens <choice><orig>nuͤch-<lb break="no"/>tern</orig><reg>nuͤchtern</reg></choice>
zutrincken.</p></div>
<div><head>Zu der Mutter.</head>
 <p>Nim <num>j.</num> Muſcatnuß/ Meliſſen/ Maioran/ vnnd Metterich/
<lb/>jedes ein wenig: Stoß vnder einander klein/ binds in ein Tuͤchlin/
<lb/>vnd brauchs.</p>
 <p>Nim auch ein bachnen Stein/ laß jhn wol heiß werden/ geuß
<lb/>ein guten ſtarcken Wein/ darinn geſtoßne Negelin/ vnnd Imber
<lb/>auch ſeien/ darauff/ vnd laß den Dampff zu jhr gehen.</p></div>
<div><head>Ein Bad fuͤr Kinderherin oder Frawen/ ſo die Mutter
 <lb/>vnd Grimmen haben.</head>
 <p>Nim Camillen/ Meliſſen/ Wullinkraut/ Bappelen/ <choice><orig>Rieb-<lb break="no"/>kraut</orig><reg>Riebkraut</reg></choice>/ Kienlin/ Haberſtro/ daran der Haber noch ſey: Thu es in
    <lb/>ein Hafen/ laß <num>iij.</num> ſtund ſieden. Das Riebkraut ſoll die Fraw <choice><orig>her-<lb break="no"/>auß</orig><reg>herauß</reg></choice>
    nemen/ vnnd im Bad darauff ſitzen/ ſoll ſich auch mit dem <choice><orig>ge-<lb break="no"/>bachnen</orig><reg>gebachnen</reg></choice>
Stein/ vor dem ſchlaffen gehen/ baͤhen.</p></div>
<div><head>Fuͤr auffſtoſſen der Mutter ein koͤſtlich Saͤlblin.</head>
 <p>Nim Beerenklaw/ Seuenbaum/ Bappeln/ Rotbucken/
<lb/>Maioran/ Salbey/ Roſmarin/ Wolgemut/ Wermut/ jedes <num>ij.</num>
    <lb/>Haͤnd vol/ Negelin <num>ij.</num> Lot/ Spicanardi/ Zimmet/ jedes <num>iij.</num> <choice><orig>quint-<lb break="no"/>lin</orig><reg>quintlin</reg></choice>
Kuͤmmich <num>ij.</num> Lot: Doͤrrs alles/ vnnd ſtoß auffs reineſt: Nim
<pb n="25"/>
 dann weiß Wachs <abbr>j.</abbr> Quart/ Maluaſier <num>ij.</num> Quart/ Schweinin
<lb/>ſchmaltz <num>ij.</num> Pfund/ Galbani/ zuuor in Wein zerlaſſen/ <num>ij.</num> Lot:
<lb/>Thue diſe letſte Stuͤck zuſamen/ vnd laß gemaͤchlich mit einander
<lb/>ſieden/ biß ſich der Maluaſier verzehrt: Darnach thue erſt das
<lb/>Puluer darein/ wanns nicht mehr heiß iſt/ rhuͤrs wol vnder <choice><orig>einan-<lb break="no"/>der</orig><reg>einander</reg></choice>
 in einem Moͤrſer/ daß es ein zarts Saͤlblin gebe. Damit ſoll
<lb/>man den Nabel ſalben.</p></div>
<div><head>Ein ſehr nutzlich Waſſer fuͤr das auffſteigen der Mutter/
 <lb/>ſehr gewiß vnd bewehrt.</head>
 <p>Nim Zittwan/ wilden Mohrenſamen/ gruͤne Leibſtuͤckelwurtz/
<lb/>rote Myrrhen/ jedes <num>iiij.</num> Lot/ Bibergeil/ Beningenwurtz/ jedes
    <lb/><num>j.</num> Lot/ gruͤnen Eichinmiſtel/ der im abnemen des Mons <choice><orig>geſchnit-<lb break="no"/>ten</orig><reg>geſchnitten</reg></choice>
ſey/ klein gefeilt mit einer Raſpen/ vnd gruͤne Katzenmuͤntz/ <choice><orig>je-<lb break="no"/>des</orig><reg>jedes</reg></choice>
<num>viij.</num> Lot: Stoß alles groblecht/ thue es zuſamen in ein Glaß/
<lb/>vnnd geuß <num>iij.</num> Kannten gut Metterkrautwaſſer daran/ vermachs
<lb/>wol/ daß keine Krafft herauß kom̃/ laß <num>ix.</num> Tag ſtehen/ darnach
<lb/>diſtilliers ſanfft. Daruon gib einem/ das befindt/ daß die Mutter
<lb/>ſteigen will/ <num>ij.</num> Loͤffel vol/ vermiſcht mit <num>j.</num> Loͤffel vol Weins/ oder
<lb/>Lindenbluſtwaſſer/ das thue einmal <num>iij.</num> oder <num>iiij.</num> So aber die <choice><orig>Mut-<lb break="no"/>ter</orig><reg>Mutter</reg></choice>
 ſchon hart auffgeſtanden/ daß ein Menſch not litte/ vnd fuͤr tod
<lb/>lege/ ſo gib jhm nur <num>j.</num> Loͤffel vol auff einmal mit weiſſem Augſtein.
<lb/>Brauch auch/ was ſonſt die Mutter ſtillt/ von Rauchwerck. Diß
<lb/>Tranck legt die Mutter zu recht/ verzehrt die boͤſe reiſſende Wind
<lb/>vnnd auffblaͤhung des Leibs/ welche das auffſteigen der Mutter
<lb/>verurſachen. Es wehret der Ohnmacht vnd ſchwerer Kranckheit.
<lb/>Das iſt an vnzalbarn Perſonen probiert worden.</p></div></div>
 <div><head>Fuͤr Vnfruchtbarkeit der Frawen.</head>
<div><head>Daß ein Fraw bald ſchwanger werde.</head>
 <p>SOll ſie alle tag nuͤchtern friſche Eyer eſſen/ von Heñen/ die
<lb/>kein Hanen bey jhnen haben/ ein Monat lang.</p></div>
<pb n="26"/>
 <div><head>Oder.</head>
<p>Nim den Schaum/ den der Has vmb das Maul hat/ wann
 <lb/>er Bappeln nagt: Gib jhn der Frawen zutrincken in Wein:
 <lb/>Wann ſie dann bey jhrem Man ſchlafft/ ſo wuͤrdt ſie ſchwanger
 <lb/>vnd berhafftig.</p></div>
<div><head>Oder.</head>
 <p>Gib der Frawen Haſenmutter/ ohn jhr wiſſen/ gebraten
<lb/>zueſſen. Oder brenns zu Puluer/ vnd gibs jhr zutrincken in Wein/
<lb/>in einem Bad. Das macht die Fraw ſchwanger deſſelben Tags/
<lb/>wann ſie bey jhrem Man ſchlafft.</p></div>
<div><head>Wann ein Fraw nicht kan ſchwanger werden.</head>
 <p>Nim Imber/ Negelin/ Camillenbluͤmlin/ jedes <num>j.</num> Lot/ <choice><orig>Gal-<lb break="no"/>gant</orig><reg>Galgant</reg></choice>/ rote Myrrhen/ jedes <num>j.</num> quintlin: Alles klein geſchnitten/ thu
<lb/>es in ein aͤchtmaß Weins/ laß ettlich tag daran ſtehen/ brenns dann
<lb/>durch ein Helm auß. Laß ſie des Waſſers abends vnd morgens <num>iij.</num>
<lb/>Loͤffel vol trincken.</p></div>
<div><head>Ein gut Tranck/ wann ein Fraw jhr Zeit nicht recht hat/ vnd gern
 <lb/>ſchwanger were/ die trinck <num>ij.</num> oder <num>iij.</num> Monat daruon/ morgens
 <lb/>warm/ abends alſo kalt.</head>
 <p>Nim Negelinmutter/ Lorbeer/ jedes <num>ij.</num> Lot/ Diptam <num>ij.</num> Lot/
<lb/>Bibenellen <num>j.</num> Lot/ klein Boley ein Haͤndlin vol: Stoß groblecht/
<lb/>ſtricks in ein reins Tuͤchlin/ legs in ein Kannten/ geuß daran ein
    <lb/>Seidlin Reinfal/ laß <num>ij.</num> Finger einſieden/ vnnd wann es <choice><orig>abgetrun-<lb break="no"/>cken</orig><reg>abgetruncken</reg></choice>
worden/ ſo mag man es wider vbergieſſen.</p></div>
<div><head>Ein gut Tranck/ das die erkaͤlte vnnd verſchleimte
 <lb/>Mutter wider reinigt.</head>
 <p>Nim Boley <num>iij.</num> Haͤnd vol/ Maioran <num>ij.</num> Haͤnd vol/ Salbey
<lb/><num>ij.</num> Haͤnd vol/ Doſten <num>j.</num> Hand vol/ Suͤßholtz <num>ij.</num> Lot/ Alantwurtz
<lb/><num>ij.</num> Lot/ Fenchel vnd Enis/ jedes <num>j.</num> Lot/ Roſinlin <num>iij.</num> Lot: Seuds in
<lb/><num>ij.</num> Maß guten alten Wein/ laß den halben theil einſieden/ ſeyhe es
<lb/>durch/ vnd gib jhr morgens nuͤchtern ein kleins Becherlin vol <choice><orig>dar-<lb break="no"/>uon</orig><reg>daruon</reg></choice>
zutrincken/ laß ſie <num>iij.</num> ſtund darauff faſten.</p></div>
<pb n="27"/>
<div><head>Wann ein Fraw gern ſchwanger were.</head>
 <p>Nim wild <foreign xml:lang="Latin" rend="antiqua">lilium conuallium</foreign> (ſihet wie Federn/ wann es
<lb/>verbluͤhet) <num>j.</num> Lot: Doͤrrs an der Sonnen/ oder bey einem warmen
<lb/>Ofen/ puͤluers klein/ vnd thue darzu Mutternegelin/ die man ſonſt
<lb/><foreign xml:lang="Latin" rend="antiqua">Fuſti</foreign> nennt/ auch klein geſtoſſen/ miſchs wol vnder einander: Laß
<lb/>die Frawen ins Bad gehen/ vnnd wann ſie wol außgebadet hat/ ſo
<lb/>gib jhr das Puluer in Maluaſier/ in <num>j.</num> oder <num>ij.</num> Truͤncken ein/ das
<lb/>ſoll ſie <num>j.</num> Stund oder <num>ij.</num> bey jhr erwarmen laſſen/ vnnd ſich dann zu
<lb/>jhrem Man legen. Wann ſie nicht ſchwanger wuͤrdt/ ſo ſoll ſie es
<lb/>vber ein Monat wider thun/ vnnd das alſo <num>iij.</num> Monat nach <choice><orig>einan-<lb break="no"/>der</orig><reg>einander</reg></choice>. Das Bad darzu gehoͤrig/ mach alſo:</p>
   <p>Nim Mutterkraut/ Quendel/ Camillen/ Leibſtuͤckel/ <choice><orig>gipffe-<lb break="no"/>lin</orig><reg>gipffelin</reg></choice>
von Weckholderſtauden/ jedes <num>j.</num> Hand vol: Seuds in einem
<lb/>woluerdeckten Hafen mit Waſſer/ daß kein Dampff daruon <choice><orig>kom-<lb break="no"/>mt</orig><reg>kommt</reg></choice>: Laß ein Badzuber zurichten/ vnnd ein Stul darein/ der in der
<lb/>mitten ein Loch habe/ ſetz den Hafen mit den Kraͤutern darunder/
<lb/>daß der Dampff wol zum Leib moͤge/ doch nicht heiſſer/ als wie es
<lb/>eins außwendig an der Hand wol leiden mag/ darob ſoll die Fraw
<lb/>ſitzen/ wann ſie jhr Zeit gehabt hat/ die naͤchſte <num>iij.</num> Tag nach <choice><orig>einan-<lb break="no"/>der</orig><reg>einander</reg></choice>. Wann ſie ſchwitzt/ ſo truͤcknet man den Schweiß mit trucknen
      <lb/>warmen Tuͤchern ab: Vnnd waͤrmt das Bad mit heiſſen <choice><orig>Zuͤnd-<lb break="no"/>tern</orig><reg>Zuͤndtern</reg></choice>. Das iſt vilfaͤltig bewehrt worden.</p></div>
<div><head>Oder.</head>
 <p>Seud Tormentillwurtzel in Regenwaſſer/ vñ ſetz die Frawen
<lb/>daruͤber/ daß jhr der warme Dampff daruon in Leib gehe. Das
<lb/>thue <num>viiij.</num> abend vnd morgen. Hernach nim Tormentillwurtz klein
<lb/>gepuͤluert/ machs mit heiſſem Honig an/ wie ein Latwerg oder
<lb/>Pflaſter: Streichs auff ein Tuch/ vnnd legs der Frawen vber den
<lb/>Bauch/ Vnnd wann es kalt will werden/ ſo waͤrme es wider. Das
<lb/>thue des tags dreymal.</p></div>
<pb n="28"/>
 <div><head>Wann einer Frawen die Mutter erkaltet iſt.</head>
<p>Nim Cubeben/ Cardomoͤmlin/ Parißkoͤrner/ weiſſen <choice><orig>Im-<lb break="no"/>ber</orig><reg>Imber</reg></choice>/ jedes <num>j.</num> Lot: Stoß jedes beſonder/ gar klein/ vnnd miſchs dann
 <lb/>vnder einander. Vnnd laß die Frawen <num>iiij.</num> Wochen/ alle Wochen
 <lb/>einmal baden. Das Bad mach alſo: Nim ein Rick garn oder <choice><orig>ett-<lb break="no"/>lich</orig><reg>ettlich</reg></choice>/ ſeuds in Aſchen/ ſchneid ein Loch in ein Stul/ ſchlag ein Tuch
 <lb/>darumb/ ſetze den Keſſel mit dem Garn darunder/ laß die Fraw
 <lb/>darob erſchwitzen/ in einer Badſtuben. Vnd vor dem eingehen gib
 <lb/>jhr <num>j.</num> quintlin vom obgeſchribnen Puluer in einem guten Trunck
 <lb/>warmen Weins/ deßgleichen wann ſie außgehet/ laß ſie darauff im
 <lb/>Beth ſchwitzen.</p></div>
<div><head>Ein anders/ wann ein Fraw gern ſchwanger were.</head>
 <p>Nim wilde Salbey: Seuds in Wein oder Waſſer/ vnnd laß
<lb/>ſich die Fraw darob baͤhen/ <num>viij.</num> tag lang/ oder laͤnger/ doch ſoll ſie
<lb/>anfahen/ wann die Zeit fuͤruͤber iſt. Einer erkalteten Frawn ſeuds
  <lb/>in Wein. Einer hitzigen in Waſſer. Diß iſt der Roͤmiſchen <choice><orig>Koͤni-<lb break="no"/>gin</orig><reg>Koͤnigin</reg></choice>
Bad.</p></div>
<div><head>So ein Fraw gern Kinder hette.</head>
 <p>Nim Haberſtro/ Erbiſtro/ Hewblumen/ gleich vil: Thu es
<lb/>in ein Hafen/ geuß Waſſer daran/ laß ſieden ein viertheil ſtund.
<lb/>Wann die Fraw außgebadt hat/ ſoll ſie im Bad vber den Hafen
<lb/>ſitzen/ vnnd ſich darob duͤnſten/ ſo warm ſie es leiden mag/ darnach
<lb/>zu dem Man ligen/ das ſoll in <num>x.</num> tagen dreymal geſchehen.</p></div>
<div><head>Ein Bad/ ſo <abbr>D.</abbr> Lieber zu Heidelberg zwo Frawen geordnet/ die <choice><orig>bei-<lb break="no"/>de</orig><reg>beide</reg></choice>
 daſſelb Jar ſchwanger worden/ da ſie doch daruor nicht
 <lb/>gekindet haben.</head>
 <p>Nim Wolgemut/ Beyfuß/ Camillen/ Maͤußoͤhrlin/ <choice><orig>Brau-<lb break="no"/>nellen</orig><reg>Braunellen</reg></choice>/ klein Heitterneſſeln/ Beymenten/ Quendel/ Haberſtro/
<lb/>Brombeerſtauden: Schneid alles klein/ thu es in ein Sack/ ſeuds
<lb/>in Waſſer/ vnnd laß ſie <num>x.</num> oder <num>xij.</num> tag darinn baden/ nicht zuheiß/
<lb/>alle tag ein ſtund oder zwo.</p></div>
<pb n="29"/>
<div><head>Ein bewehrte Kunſt/ wann ſich ein Fraw erkaͤltet.</head>
 <p>Nim Meliſſen/ Boley/ Roſmarin/ Quendel/ oder <choice><orig>Feldkuͤm-<lb break="no"/>mich</orig><reg>Feldkuͤmmich</reg></choice>/ Baldrian/ jedes <num>j.</num> gute Hand vol/ Maſtix <num>j.</num> Lot/ Myrrhen
<lb/><num>j.</num> quintlin: Thu es in ein newen Hafen/ geuß Wein daruͤber/ vnnd
<lb/>laß wol verdeckt ſieden. Darnach ſetz denſelben Hafen vnder ein
<lb/>Kaͤſtlin/ das oben mit Blech vermacht iſt/ daß der Dampff <choice><orig>dar-<lb break="no"/>durch</orig><reg>dardurch</reg></choice>
gehet/ vnnd ſetz die Frawen darauff/ daß ſie den Dampff in
<lb/>Leib laſſe gehn/ ſo warm/ vnd ſo lang ſie mag. Das thue ſie abends/
<lb/>the ſie zu Beth gehet/ vnnd wann ſie ein weil darauff geſeſſen iſt/ ſo
<lb/>mach ſie ein zarts Tuͤchlin naß im Hafen/ vnd waſch den Leib <choice><orig>vn-<lb break="no"/>den</orig><reg>vnden</reg></choice>
damit ab/ vñ gehe darauff zu Beth. Diß ſoll man <num>iiij.</num> Wochen
<lb/>brauchen/ daß ſie anfahe gleich nach dem/ wann ſie jhr Zeit gehabt
<lb/>hat.</p></div>
<div><head>Ein vaſt gut Bad/ wann ein Fraw gern Kinder hett/ vnd
 <lb/>iſt der Koͤnigin Bad.</head>
 <p>Nim Kienlinkraut/ Mutter oder Matronkraut/ <choice><orig>Peßmol-<lb break="no"/>ten</orig><reg>Peßmolten</reg></choice>/ 
  das iſt/ Buckeln oder Sonnwendguͤrtel/ Wolgemut/ <choice><orig>Me-<lb break="no"/>liſſen</orig><reg>Meliſſen</reg></choice>/ Muͤntzen/ <abbr>S.</abbr> Johannskraut/ Camillen/ <foreign xml:lang="Latin" rend="antiqua">Spica</foreign>/ das iſt/
<abbr>S.</abbr> Magdalenakraut/ deren <num>ix.</num> Kraͤuter jedes <num>vj.</num> Haͤnd vol/ mag
<lb/>man die Kraͤuter gruͤn haben/ ſeind ſie beſſer weder duͤrr/ oder ſo vil
<lb/>man der gruͤnen haben kan. Mach ein weiſſen leinen Sack/ der
<lb/>voͤllig einer guten Spannen breit ſey/ vnnd ſo lang/ daß er voͤllig
<lb/>vmb die Frawen gehe/ zerſchneid die Kraͤuter/ daß ſie nicht vber
<lb/><unclear>eins</unclear> Gleichs lang ſeien/ thue ſie in den Sack wol vnder einander
<lb/>gemiſcht/ nehe den Sack wol zu/ leg jhn in ein Keſſel oder verdecktẽ
<lb/>Hafen/ daß kein Dampff daruon moͤge/ vnnd der Sack wol <choice><orig>weit-<lb break="no"/>tin</orig><reg>weittin</reg></choice>
oder raum habe/ geuß Regen oder fleiſſend Waſſer daran/ laß
<lb/>wol ſieden: Wanns wol geſotten iſt/ ſo ſetzs vom Fewr an ein <choice><orig>kal-<lb break="no"/>te</orig><reg>kalte</reg></choice>
ſtatt/ decks nicht auff/ ſo bleibt die Krafft darbey. Wanns ſo vil
<lb/>erkaltet/ daß es recht zum baden iſt/ ſo geuß es in ein guts tieffs
  <lb/>Leudenſchaff/ laß den Sack erkalten/ biß man jhn leiden kan. <choice><orig>Alſ-<lb break="no"/>dann</orig><reg>Alſdann</reg></choice>
ſoll die Fraw ins Bad ſitzen/ vnd den Sack vmb ſich nemen/
<pb n="30"/>
 morgens nuͤchtern <num>j.</num> Stund/ vnnd nach dem Morgeneſſen vmb
<lb/>zwey/ biß es viere ſchlecht/ das ſeind zwo Stund/ vnnd daß jhr das
<lb/>Waſſer vber den Nabel gehe: Alſo ſoll ſie <num>xij.</num> Tag aneinander <choice><orig>ba-<lb break="no"/>den</orig><reg>baden</reg></choice>/ vnnd allweg am dritten Tag friſche Kraͤuter nemen/ vnnd ein
<lb/>newes Bad ſieden.</p>
 <p>Weitter/ mach ein weiß leinins Saͤcklin/ ſo breit vnnd lang/
  <lb/>daß es der Frawen den Leib wol bedecken moͤg. Darzu nim <choice><orig>Muͤn-<lb break="no"/>tzen</orig><reg>Muͤntzen</reg></choice>/
  Meliſſen/ Spicanardi: Zerſchneid die Kraͤuter/ wie <choice><orig>vorſte-<lb break="no"/>het</orig><reg>vorſtehet</reg></choice>/
  vnd nim jhr ſo vil/ daß der Sack wol vol werde/ vndernehe jhn/
<lb/>daß die Kraͤuter nicht zuſammen fallen. So bald nun die Fraw auß
<lb/>dem Bad gehet/ ſoll ſie ſich in ein Beth legen/ vnnd ſich decken/ wie
<lb/>ſie es wol leiden mag: Vnnd das jetztgemeldt Saͤcklin ob einem
<lb/>heiſſen Ziegel/ der mit gutem ſtarcken Wein beſprengt ſey/ wol
<lb/>waͤrmen/ vnd vber den Leib legen/ ſo lang es warm iſt. Vnd allweg
<lb/>am dritten Tag ſoll man ein friſches Saͤcklin machen.</p>
 <p>Das Bad ſoll ſie am neudten oder zehenden Tag/ nach dem
<lb/>ſie jhr Zeit gehabt hat/ anfahen. Vnnd nach den <num>xij.</num> Tagen/ die ſie
<lb/>gebadt hat/ ſoll ſie <num>j.</num> Tag ruhen. Hernach Pilulen/ zu reinigung
<lb/>des Haupts vnnd Leibs/ einnemen/ vnnd aber <num>j.</num> Tag ruhen. Vnnd
<lb/>gleich darauff auff dem lincken Fuß die Roſenader/ oberhalb des
<lb/>Enckels/ oͤffnen laſſen/ vnnd ſich warm halten/ weil ſie badt/ vnnd
<lb/>Purgatz nimpt/ auch zu dem laſſen. Sie ſoll ſich auch vor ſtarckem
  <lb/>Lufft huͤten/ vnnd dieweil ſie badt/ Purgatz nimpt/ vnnd in der <choice><orig>Laͤſ-<lb break="no"/>ſin</orig><reg>Laͤſſin</reg></choice>
iſt/ ſoll ſie nicht bey jhrem Man ſchlaffen. Deßgleichen/ wo ſich
<lb/>begebe/ daß jhr Zeit gleich auff die Laͤſſin kaͤme/ ſo weißt ſie ſich
<lb/>aber wol zuhalten/ biß daſſelbig fuͤruͤber kompt.</p></div>
<div><head>Ein anders Bad/ das noch ſtaͤrcker iſt.</head>
 <p>Wann das vorgeſchriben Bad nicht helffen wolt/ ſo gib jhr
<lb/>vber ein Zeit hernach wider Pilulen/ wie vorſtehet/ vnd laß jhr auff
<lb/>dem rechten Fuß/ vnnd das vor dem Bad. Darnach vber <num>iiij.</num> Tag
<lb/>fuͤlle den vorgeſchribnen langen Sack mit Waldameyſſenhauffen/
<lb/>alles mit einander/ Ameyſſen/ Eyer/ Hoͤltzlin/ vnd was im <choice><orig>Hauf-<pb break="no" n="32 [31]"/>fen</orig><reg>Hauffen</reg></choice>
 iſt/ vndernehe jhn/ daß es vom ſieden nicht zuſamen fallen moͤg/
<lb/>ſeuds/ wie vorſtehet/ laß erkalten: Vnd daß die Fraw darinn bade/
<lb/>vnd im Bad den Sack vmb ſich neme/ vnd ſich halte allermaß/ wie
<lb/>in dem vorgeſchribnen Bad/ mit den Badſtunden/ vnd dem <choice><orig>truck-<lb break="no"/>nen</orig><reg>trucknen</reg></choice>
 Saͤcklin nach dem Bad/ vnnd allem anderm. Vnnd das Bad
<lb/>ſoll ſie anfahen nach jhrer Zeit/ vnnd es allein <num>viiij.</num> Tag antreiben/
<lb/>vnd in den <num>viiij.</num> Tagen nur <num>iij.</num> friſche Baͤder ſieden laſſen.</p></div>
<div><head>Ein warhaffte bewehrte Kunſt/ die an mancher Frawen bewehrt iſt worden/
 <lb/>zu edel vnnd vnedel/ beſonder an der Hertzogin von Guͤlch/ loͤblicher gedaͤchtnus/ die im ein vnnd
 <lb/>zweintzigſten Jar bey jhrem Herren/ loͤblicher gedaͤchtnus/ vnfruchtbar war/ vnd durch diß
 <lb/>nachgeſchriben Bad von ſtund an empfieng ein Sohn/ vnd hett jhr zween
 <lb/>in zweien Jaren/ deren der ein noch lebt/ vnd die Land
 <lb/>beſeſſen hat.</head>
 <p>Erſtlich ſoll man ein Bad alſo machen: Nim Steinrauten/
<lb/>oder Maurrauten/ <foreign xml:lang="Latin" rend="antiqua">Polypodium</foreign>, der jungen weichen Schoß von
  <lb/>Weckholderſtauden/ Erdrauch/ jedes ſo vil/ als ein klein <choice><orig>Mieß-<lb break="no"/>lin</orig><reg>Mießlin</reg></choice>
macht: Wullinkraut/ Baldrian/ mit Wurtzel vnnd allem/
<foreign xml:lang="Latin" rend="antiqua">Agrimonia</foreign>, mit Wurtzeln vnnd allem/ Quendel oder Kienlin/ <choice><orig>je-<lb break="no"/>des</orig><reg>jedes</reg></choice>
  <num>ij.</num> Hand vol: Fenchelkraut <num>j.</num> Hand vol/ Lauanderkraut/ <choice><orig>Ma-<lb break="no"/>iorankraut</orig><reg>Maiorankraut</reg></choice>/ ehe es Blumen traͤgt/ jedes <num>ij.</num> Haͤnd vol. Vnnd darff
<lb/>man nicht ſorgen/ daß das Bad zuſtarck ſeie. Thue die Kraͤuter
<lb/>alle zuſamen in ein ſaubern Sack/ thue jhn in ein groſſen Keſſel
<lb/>vol Waſſer/ laß es zween Finger tieff einſieden/ geuß es dann in ein
<lb/>Zuber/ vnnd fuͤll den Keſſel wider/ laß ſieden in aller maß/ wie vor/
<lb/>vnd thue es wider in den Zuber. Seud des Waſſers ſo vil/ daß ſein
<lb/>genug ſeie zum Bad/ daß jhr das Waſſer einer Hand breit vber
<lb/>den Nabel gehe. Doch ſoll man kein ander Waſſer zum Bad
<lb/>brauchen/ weder zum waͤrmen/ noch zum kaͤlten/ es ſeye dann vber
<lb/>die Kraͤuter geſotten. Deren Bad muß ſie <num>iiij.</num> haben/ alle <num>iij.</num> Tag
<lb/>einfriſches/ vnnd mit friſchen Kraͤutern. Sie ſoll das Tags <num>iiij.</num>
<lb/>Stund baden/ doch nicht an einander/ ettwa <num>j.</num> ettwa <num>ij.</num> Stund/
<lb/>wie ſie es wol erleiden mag/ <abbr>xij.</abbr> Tag nach einander/ vnnd ſoll nicht
<lb/>ins Bad ſitzen/ ſie hab dann jhren Blumen <num>iiij.</num> Tag vor gehabt/
<lb/>vnnd meide nachfolgende Stuͤck: Zwibel in allerley eſſen/ Item/
<pb n="32"/>
 Aepffel/ Birnen/ Pomerantzen/ vnnd alles Obs/ das kaͤltin bringt.
<lb/>Sie ſoll auch in den <num>iiij.</num> Wochen/ vnd dieweil ſie badet/ bey keinem
<lb/>Man nicht ſchlaffen.</p>
 <p>Der Man ſoll ſich auch der maſſen halten/ daß er kein Fraw
<lb/>in denen <num>xij.</num> tagen nicht beſchlaff/ vnnd ſie beide keinerley Speiß
<lb/>eſſen/ noch trincken/ das vnnatuͤrliche Kaͤltin bringe. Vnnd er ſoll
<lb/>ſich wol huͤten vor Obs/ als ſie/ vnnd ſoll ſich alle Nacht/ alle mal/
<lb/>wann er ſchlaffen will gehen/ die zwelff Naͤcht/ bey einem warmen
<lb/>Ofen reiben laſſen/ hinden vmb die Lenden/ mit der Salben/ die
<lb/>man in der Apotecken heißt <foreign xml:lang="Latin" rend="antiqua">Agrippæ</foreign>. Vnnd verſprechen einem
<lb/>jeglichen/ daß es jhm kein Schaden an ſeinem Leib kan bringen.
<lb/>Vnnd wann die <num>xij.</num> Naͤcht hinkommen/ ſo mag er ſich zu jhr legen:
<lb/>Iſt er dann ein Man/ ſo ſolt du kein zweiffel haben/ ſie wuͤrdt von
<lb/>ſtundan Frucht empfangen durch jhr beider begir. Vnd gib jr alle
<lb/>Nacht darnach/ wann ſie ſchlaffen gehet/ <num>iiij.</num> oder <num>v.</num> Koͤrnlin
<lb/>vberzuckerten Fenchel. Wann diſe Kunſt nicht hilfft/ ſo fuͤrcht ich/
<lb/>daß keine Kunſt nicht helff. Dann diſe Kunſt hat nie gefehlet an
  <lb/>ettlichen geſtandenen Frawen/ die lange zeit vnfruchtbar ſeind <choice><orig>ge-<lb break="no"/>weſen</orig><reg>geweſen</reg></choice>/ vnnd die alte Maͤnner haben gehabt/ ſeind fruchtbar durch
<lb/>diſe Kunſt worden. Vnd weiß/ daß ſie gerecht vnd probiert iſt.</p></div>
<div><head>Daß ein Fraw ſchwanger werde.</head>
 <p>Nim <foreign xml:lang="Latin" rend="antiqua">Laudanum</foreign>/ vnnd mach ein Pflaſter darauß/ legs der
<lb/>Frawen auff den Bauch.</p></div></div>
 <div><head>Zeichen der Empfaͤngnus.</head>
<div><head>Zeichen/ darbey zuerkennen/ ob ein Fraw ſchwanger ſey.</head>
 <p>DIe alten Artzt haben ein theil des beſten Honigs vnder
  <lb/>zwey theil gut Brunnenwaſſer/ oder lautter <choice><orig>Regenwaſ-<lb break="no"/>ſer</orig><reg>Regenwaſſer</reg></choice>
gemiſcht/ vnnd wie ein Julep angemacht/ vnnd der
<lb/>Frawen zutrincken geben/ wann ſie hat woͤllen ſchlaffen gehen. Vñ
<lb/>darfuͤr gehalten: Wann die Fraw Grimmen daruon im Leib/ vnd
<pb n="33"/>
vmb den Nabel bekomb/ ſo ſeie ſie ſchwanger: Wo nicht/ ſo ſeie ſie
<lb/>auch nicht ſchwanger.</p></div>
<div><head>Oder.</head>
 <p>Daß man neme Weyrauch/ Maſtix/ Paradißholtz/ jedes <num>j.</num>
<lb/>quintlin vngefahrlich/ vnnd daruon auff ein Glut lege/ vnnd den
  <lb/>Dampff durch einen Trechter laſſe in Leib gehen/ ob einem <choice><orig>Ge-<lb break="no"/>machſtul</orig><reg>Gemachſtul</reg></choice> 
  wol vermacht/ vnd ſoll ſich die Fraw mit Kleider wol <choice><orig>be-<lb break="no"/>decken</orig><reg>bedecken</reg></choice>: Befinde ſie den Rauch durch den Leib im Mund/ ſo ſeie ſie
<lb/>nicht ſchwanger. Diſe treffen aber nicht allwegen zu.</p>
 <p>Diß aber ſeind die beſte vnnd gewiſſeſte Zeichen einer rechten
<lb/>Empfaͤngnus/ wann ein Fraw geſund geweſen iſt/ vnnd alle <choice><orig>Mo-<lb break="no"/>nat</orig><reg>Monat</reg></choice>
jhr Gerechtigkeit gehabt hat/ vnnd bleibt hernacher auß/ ohne
<lb/>beſondere Beſchwerung oder Klag/ vnnd verlierung der Farb/ mit
<lb/>vngewonlichem Luſt zum eſſen oder trincken: Vnnd daß der Leib
  <lb/>erſtlich einfaͤllt/ vnd fahet gemachſam anzuwachſen/ mit einer <choice><orig>haͤr-<lb break="no"/>tin</orig><reg>haͤrtin</reg></choice>/ vmb den Nabel.</p>
 <p>So aber eine ein Fluß traͤgt/ ſo geſchicht gern das widerſpil/
<lb/>mit gehlingem zunemen vnd wachſen des Leibs vnd der Bruͤſt.</p></div></div>
 <div><head>Fuͤr alleley Zuſtaͤnd <choice><orig>ſchwange-<lb break="no"/>rer</orig><reg>ſchwangerer</reg></choice>
Frawen.</head>
<div><head>Wann ſich ein Fraw beſorgt/ daß ſie ſchwanger ſey/ vnnd
 <lb/>es doch nicht eigentlich weißt.</head>
 <p>DIe ſoll morgens nuͤchtern nemen drey Loͤffel vol krauſen
<lb/>Beymentenſyrup/ vnnd ſoll <num>ij.</num> ſtund darauff faſten. Vnd
<lb/>ſo ſie ſich bricht oder vndaͤwet/ ſo iſt ſie gewiß ſchwanger:
<lb/>So ſie ſich nicht bricht/ ſo iſt ſie nicht ſchwanger.</p>
 <p>So ſie dann ſchwanger iſt/ ſoll ſie ſtets ein ſpitzen Demant
<lb/>an der Hand/ oder auff bloſſer Haut tragen.</p></div>
<div><head>So ſie ſchwach vnd bloͤd darneben were.</head>
 <p>So ſoll die Datteln eſſen/ das gibt jhr vnd dem Kind ein gute
<pb n="34"/>
  Krafft. Vnnd wo ſie ettwa des morgens nicht Suppen moͤcht <choice><orig>eſ-<lb break="no"/>ſen</orig><reg>eſſen</reg></choice>/ moͤchte ſie darfuͤr die Datteln eſſen.</p></div>
<div><head>Wann ſie auff die zweinzig Wochen kompt/ vnd ſich das Kind nicht
 <lb/>rhuͤren wolt/ oder doch ſo ſchwaͤchlich/ daß man ſpuͤrt/ daß das
 <lb/>Kind ſchwach were.</head>
 <p>So ſoll ſie gute ſaubere wolgeſcheelte Mandel nemen/ vnd <choice><orig>wol-<lb break="no"/>gelaͤutert</orig><reg>wolgelaͤutert</reg></choice>
vnd verſchaumpt Honig daruͤber gieſſen/ vnnd in einem
<lb/>Zin ſtehen laſſen: Vnnd von demſelben morgens nuͤchtern drey/
  <lb/>abends vor dem Nachteſſen wider drey/ vnnd drey vor dem <choice><orig>ſchlaf-<lb break="no"/>fen</orig><reg>ſchlaffen</reg></choice>
gehen/ eſſen. Darzwiſchen/ wann ſie ſchwach wolt ſein/ oder
<lb/>werden/ mag ſie die Datteln eſſen.</p></div>
<div><head>Wann ſie Grimmen empfindet/ daß ſie ſorg hette/ daß das
 <lb/>Kind von jhr wolt gehen.</head>
 <p>Soll ſie ein Adlerſtein vnden an den Arm binden gegen der
  <lb/>Hand/ zwiſchen beiden Ballen/ vnnd jhn alſo bleiben laſſen/ biß <choice><orig>beſ-<lb break="no"/>ſer</orig><reg>beſſer</reg></choice>
mit jhr wuͤrdt/ vnd jhr die Grimmen vergehen.</p></div>
<div><head>Ein bewehrt Triget/ wann ein Fraw vier oder fuͤnff Wochen in der
 <lb/>ſorg ſtehet/ daß ſie mit einem Kind gang/ ſoll ſie es abends vnnd <choice><orig>mor-<lb break="no"/>gens</orig><reg>morgens</reg></choice>
 brauchen/ biß ſie des Kinds empfindet.</head>
 <p>Nim rote Roſen/ des rechten weiſſen Augſtein/ Maſtix/ <choice><orig>Pa-<lb break="no"/>radißholtz</orig><reg>Paradißholtz</reg></choice>/ 
  bereitte Perlin/ jedes <num>j.</num> quintlin/ rote Corallen/ <choice><orig>India-<lb break="no"/>niſche</orig><reg>Indianiſche</reg></choice>
<foreign xml:lang="Latin" rend="antiqua">Spica</foreign>/ weiß vnnd rot Behen/ Muſcatnus/ Zimmet/ gelben
<lb/>Sandel/ Cardomoͤmlin/ jedes <num>j.</num> quintlin/ weiſſen Zucker <num>x.</num> Lot/
<lb/>Das ſoll ordenlich zuſamen in ein Treſeney gemacht werden.
<lb/>Traͤgt eine ein Kind/ ſo ſtaͤrckt es/ wo nicht/ ſo treibt es den Fluß
<lb/>hinweg. Wann eine erſchrickt/ oder erzuͤrnt/ oder ſich vbel befindet/
<lb/>ſoll ſie es gleich brauchen. Man ſolls auff einer baͤhten Schnitten
<lb/>Brots/ in Wein geweicht/ brauchen/ biß ſie außrechnet. Iſt mit
<lb/>der huͤlff Gottes vilfaͤltig probiert.</p></div>
<div><head>Wann ein Fraw zweifelt/ ob ſie ſchwanger ſey/ oder nicht/
 <lb/>von der Graͤuin von Caſtel.</head>
 <p>Wann ein Fraw ettwa <num>ix.</num> Wochen in der ſorg gehet/ daß ſie
  <lb/>ſchwanger ſey/ ſoll ſie <num>ix.</num> morgen nach einander/ allweg drey <choice><orig>Ger-<pb break="no" n="35"/>ſtenkoͤrner</orig><reg>Gerſtenkoͤrner</reg></choice>/ 
  groß Meerettich oder Kraͤn in einer Erbiſbruͤe <choice><orig>einne-<lb break="no"/>men</orig><reg>einnemen</reg></choice>/ vnnd ein weil darauff faſten: Iſt es ein Kind/ ſo ſtaͤrckt es/ wo
<lb/>nicht/ ſo treibt es den Fluß hinweg.</p></div>
<div><head>Wie man die Quittenſchnitz ſoll brauchen/ wann ſich ein
 <lb/>Fraw beſorgt/ ſie trag ein Fluß.</head>
 <p>Sie ſoll alle morgen nuͤchtern <num>ij.</num> oder <num>iij.</num> Quittenſchnitz/ in
<lb/>Zucker oder Honig eingemacht/ welches jhr anmuͤtiger iſt/ eſſen/
<lb/>vnnd <num>iij.</num> Stund darauff faſten/ darff wol darauff ſchlaffen. <choice><orig>Sol-<lb break="no"/>ches</orig><reg>Solches</reg></choice>
ſoll ſie <num>iiij.</num> Wochen brauchen/ Iſt es ein Kind/ ſo wuͤrdt es
<lb/>dardurch geſtaͤrckt: Iſt es kein Kind/ ſo gehet es ſonſt hinweg.</p></div>
<div><head>Wann einer ſchwangern Frawen ettwas geluͤſtet/ vnd ſie das nicht
 <lb/>haben kan/ daß es dem Kind kein ſchaden bring.</head>
 <p>Im Meyen brenn Waſſer auß Reblaub/ von den recht <choice><orig>weiſ-<lb break="no"/>ſen</orig><reg>weiſſen</reg></choice>
guten Trauben. Daruon gib der Frawen ein Trunck oder <num>iij.</num>
<lb/>bald nach einander/ vnd darnach ettliche mal.</p></div>
<div><p>Ein guter Syrup fuͤr ſchwangere Frawen/ ſtaͤrckt Mutter vnd Kind/
 <lb/>dient fuͤr ſeltzame Geluſt vnd Schrecken/ auch fuͤr vnluſt zum Eſſen/
 <lb/>vnd vnnatuͤrlichem Durſt.</p>
 <p>Nim vnzeitige Trauben/ darauß man ſonſt den Agreſt macht/
<lb/>Zerſtoß ſie/ truck den Safft darauß/ vnd laß jhn ſittlich ſieden/ biß
<lb/>er verſchaumbt. So nim dann zu einem Pfund des Saffts ein
<lb/>halb Citrinataͤpffel: Schneid ſie zu duͤnnen Scheiblin/ vnnd laß
<lb/>mit einander ſieden/ biß die Krafft wol herauß kompt: So ſeyhe es
<lb/>dann durch/ vnnd preß es auß: Thue <num>ij.</num> Pfund guten weiſſen <choice><orig>Zu-<lb break="no"/>cker</orig><reg>Zucker</reg></choice>
darzu/ vnnd laß es wider ſieden/ biß es wuͤrdt/ wie ein Syrup
  <lb/>ſein ſoll. Behalts wol verwahrt in einem Glaß/ oder <choice><orig>woluerglaͤß-<lb break="no"/>ten</orig><reg>woluerglaͤßten</reg></choice>
jrrdin Geſchirr. Daruon ſoll ein ſchwangere Fraw des tags
  <lb/><num>ij.</num> Loͤffel vol einnemen/ ſonderlich/ wann jhr obgeſchribner <choice><orig>Be-<lb break="no"/>ſchwernus</orig><reg>Beſchwernus</reg></choice>
eine begegnete.</p></div>
<div><head>Daß einer Frawen nichts anwachſe.</head>
 <p>Wann ein Fraw ſchwanger iſt/ ſoll ſie/ ſo offt ſie <choice><orig>ſchweißba-<lb break="no"/>dey</orig><reg>ſchweißbadet</reg></choice>/ 
  wann ſie auß dem Bad gehet/ die Hand ettwan drey mal in <choice><orig>ei-<pb break="no" n="36"/>nem</orig><reg>einem</reg></choice>
 kalten Waſſer netzen/ vnd vber die Schloß abſtreichen. Oder
<lb/>ſoll ſich mit kaltem Waſſer laſſen vber die Schloß beſchuͤtten/ das
<lb/>wehret/ daß nichts in der Frawen anwachſe.</p></div>
<div><head>Ein koͤſtlich Waſſer zur reinigung der Mutter/ die es auch erwaͤrmt/ vnd das
 <lb/>boͤſe hinweg treibt/ ſtaͤrckt die Mutter/ vnnd iſt auch den Frawen gut/ wann ſie
 <lb/>ſchwanger gehen/ man heißts der Weiber
 <lb/><foreign xml:lang="Latin" rend="antiqua">Aqua vitæ</foreign>.</head>
 <p>Nim Zimmetrinden/ Muſcatbluͤt/ Negelin/ weiſſen Imber/
<lb/>Cubeben/ Cardamoͤmlin/ Parißkoͤrner/ jedes <num>iij.</num> Lot/ Galgant/
<lb/>gantzen langen Pfeffer/ jedes <num>j.</num> Lot/ Zittwan <num>ij.</num> Lot: Zerſchneids
<lb/>klein/ Thu es alles in ein ſteinin Krug/ vnnd verbinds veſt/ geuß
<lb/>darauff <num>vj.</num> Kandel gar guten Wein/ ſetz in den Keller/ vnnd ruͤttels
<lb/>ſtets vnder einander: Vnnd wann es <num>ix.</num> Tag ſtehet/ ſo thue darzu
<lb/>Creutzſalbey/ vnnd rote Muͤntzen/ jedes <num>ij.</num> Haͤnd vol/ die duͤrr ſeien/
<lb/>laß wider <num>xiiij.</num> Tag ſtehen. Vnnd wann die Wuͤrtz geweichet iſt/
<lb/>dann geuß den Wein ab/ vnnd ſtoß die Wuͤrtz gantz wol zu Muß/
<lb/>vnnd geuß den Wein wider darauff/ vnnd diſtilliers/ vermach den
<lb/>Helm gar wol/ daß kein Krafft daruon komme.</p>
 <p>Iſt einem Weib die Mutter vnrein oder erkaͤlt: Die trincke
<lb/>diß Waſſer abends vnnd morgens <num>ij.</num> Loͤffel vol/ <num>ij.</num> Monat lang/ es
<lb/>treibt alles boͤſe auß/ vnnd macht die Mutter ſtarck vnd fruchtbar.
<lb/>Iſt ein Weib ſchwanger/ die trinck diſes Waſſers alle morgen
<lb/><num>j.</num> Loͤffel vol/ ſo bald ſie zu der helfft iſt/ vnnd folge alle zeit nach/ weil
<lb/>ſie ſchwanger gehet: Das verzehrt alle boͤſe Feuchtigkeit/ ſo bey
<lb/>dem Kind iſt/ ſtaͤrckt die Mutter vnnd Kind trefflich ſehr/ vnd laßt
<lb/>die Affterburt nicht anwachſen. So was beſchwerlichs dem Kind
<lb/>zufaͤllt/ als ſchrecken oder fallen/ ſo neme ſie ein Loͤffel vol/ ſo ſchadet
<lb/>es jhr nicht. Es ſtaͤrckt das Weib vnd Kind/ vnd alle Glider/ vnnd
<lb/>gibt groſſe Krafft.</p></div>
<div><head>Wann ein Fraw mit einem Kind gehet/ vnnd jhre Kranckheit
 <lb/>hat/ daß zubeſorgen/ ſie komme darumb.</head>
 <p>So ſoll ſie nemen von <num>vj.</num> oder <num>viij.</num> Eyer die weiſſe Voͤgelin/
<lb/>vnd in einem ſaubern Waſſer ſieden/ vnnd wann ſie hart geſotten
<pb n="37"/>
ſeind/ ſo ſoll ſie die mit einem Loͤffel herauß nemen/ vnd nieſſen/ wie
<lb/>ſie mag/ das ſoll jhr die Frucht behalten.</p></div>
<div><head>Ein bewehrte Kunſt/ ſo ein Fraw mit einem Kind gehet/ vnd doch <choice><orig>dar-<lb break="no"/>zu</orig><reg>darzu</reg></choice>
 fleußt/ oder ſo ſie ſonſt jmmer Fluͤß auff einander eraͤgt/ oder daß ſie die
 <lb/>Kind nicht auff rechte Zeit traͤgt.</head>
 <p>Wann ſie ſich im argwohn hat/ da ſie ſchwanger ſey/ ſo nim
  <lb/>auff einmal <num>ij.</num> Lot Meliſſen oder Mutterkraut/ vnd <num>j.</num> Lot <choice><orig>Fenchel-<lb break="no"/>ſamen</orig><reg>Fenchelſamen</reg></choice>: 
  Seuds verdeckt in <num>j.</num> Maß weiſſen Weins/ als ein Ey/ laß
<lb/>zugedeckt erkalten: Daruon ſoll die Fraw offt trincken/ dieweil es
<lb/>wehret. Darnach bind <num>j.</num> Lot Meliſſen/ vnnd <num>j.</num> Lot Fenchelſamen
<lb/>in ein zarts Tuͤchlin/ doch nit zuhart/ legs in der Frawen <choice><orig>Trinck-<lb break="no"/>wein</orig><reg>Trinckwein</reg></choice>/ 
  damit ſie ſonſt nichts/ dann von diſem Wein/ trincke. Leg <choice><orig>all-<lb break="no"/>weng</orig><reg>allweng</reg></choice>
am dritten tag wider friſches ein. Das laß ſie <num>iiij.</num> oder <num>v.</num> <choice><orig>Mo-<lb break="no"/>nat</orig><reg>Monat</reg></choice>
nat thun: Darneben daß ſie vil Mandel/ vnnd was von Mandel
<lb/>gemacht iſt/ eſſe/ vnd ſich groſſer bewegung maͤſſige.</p></div>
<div><head>Krafftwaſſer fuͤr ſchwangere Weiber/ die jhre Kinder nicht zu rechter
 <lb/>Geburt bringen/ oder doch tod geberen/ ſtaͤrckt Mutter vnd Kind: Der
 <lb/>Kinder Balſam genant: Von der Graͤuin
 <lb/>von Caſtel.</head>
 <p>Nim Muſcatnus/ Muſcatbluͤt/ Negelin/ Zimmet/ weiſſen
<lb/>Imber/ Cubeben/ Parißkoͤrner/ Zittwan/ jedes <num>iij.</num> Lot/ Galgant
<lb/><num>ij.</num> Lot: Zerſchneids alles gar klein/ dann nim der Blaͤtter von den
<lb/>roten gefuͤllten Negelinblumen/ Lindenbluſt/ jedes <num>j.</num> Pfund/ edle
<lb/>Salbeyblaͤtter/ Feldkuͤmmich/ Fenchelkraut/ Eiſenkraut/ <choice><orig>Lauan-<lb break="no"/>der</orig><reg>Lauander</reg></choice>/ 
  jedes <num>vj.</num> Lot/ Krauſenmuͤntz <num>iiij.</num> Lot: Zerhack die Kraͤuter alle
<lb/>klein: Vnd thu darzu Beningenwurtzel/ vnd Beningenkern/ auch
<lb/>Miſtel von Steineichen/ der im abnemen des Monds gewonnen
<lb/>ſey/ jedes <num>iiij.</num> Lot/ vnnd ein Broſam von einer harten Semmel/ die
<lb/>zerbricht in <num>iiij.</num> theil: Thu es alles zuſamen in ein zinin Gefeß/ oder
<lb/>in ein Niderlaͤndiſchen jrdin oder ſteinin Krug/ geuß daran <num>iiij.</num>
<lb/>Maß guten Maluaſier/ vermachs gantz wol/ vnd vergrabs in ein
<lb/>Keller/ laß <num>iij.</num> Wochen alſo bleiben. Wann du es herauß nemen
<lb/>wilt/ ſo nim den Tag daruor <num>j.</num> Pfund guter friſcher geſcheelter
 <pb n="38"/>
Mandel/ ſchneid ſie klein/ vnnd ſtoß ſie in einem Moͤrſer/ geuß <choice><orig>dar-<lb break="no"/>an</orig><reg>daran</reg></choice>
weiß gefuͤllt Roſenwaſſer/ vnnd Ochſenzungenblumenwaſſer/
jedes <num>j.</num> Noͤſſel/ das iſt/ <num>j.</num> Meißniſche Maß/ laß tag vnnd nacht <choice><orig>ſte-<lb break="no"/>hen</orig><reg>ſtehen</reg></choice>/ 
  nim auch <num>j.</num> Pfund hart gedoͤrrt Maltz/ darauß man Bier
<lb/>macht/ ſtoß es/ doch nicht zuklein/ geuß darauff Erdbeerwaſſer
<lb/>vnnd Meyenbluͤmlinwaſſer/ jedes <num>j.</num> Maß/ laß auch ein Tag vnnd
<lb/>ein Nacht ſtehen. Vnd wañ du die Kannten auß der Erden nimſt/
<lb/>ſo laß die Mandel gantz klein reiben/ mit dem Waſſer/ das daruͤber
<lb/>iſt geſtanden/ daß ſie ſo klein werden/ wie ein Suppen: Thu es in
<lb/>ein newen Hafen/ vnnd das Maltz mit den Waſſern darzu/ rhuͤrs
<lb/>gar wol vnder einander. Iſt der Waſſer nicht genug/ ſo nim von
<lb/>dem Maluaſier darzu/ es muß wol zerſchlagen vnnd gerhuͤrt ſein/
<lb/>daß es werde wie ein Milch. Alſdann thue es zu den Gewuͤrtzen in
<lb/>die Kannten/ vñ miſchs wol durch einander: Thue darzu zu <num>j.</num> Pfund
<lb/>gelaͤutterten Honig/ den vermiſch auch wol darunder: Brenns in
<lb/>einem Sand/ nicht gar zuheiß. Das iſt das erſte Waſſer. <choice><orig>Dar-<lb break="no"/>nach</orig><reg>Darnach</reg></choice>
nim ein ſchwartzen Capaunen <num>iij.</num> oder <num>iiij.</num> Jar alt/ den henck
<lb/>an Hals auff/ biß er erſtickt/ berupff jhn ſauber/ ſchneide jhn auff/
<lb/>das vnſauber vnd feißt thue hinweg/ vnd ſchneid jhn dann zu <choice><orig>klei-<lb break="no"/>nen</orig><reg>kleinen</reg></choice>
ſtuͤcklin: Geuß <num>j.</num> Maß Maluaſier darauff/ darein waſche das
  <lb/>Blut wol/ vnnd geuß noch darzu Buretſchwaſſer/ <choice><orig>Eiſenkraut-<lb break="no"/>waſſer</orig><reg>Eiſenkrautwaſſer</reg></choice>/ 
  Fenchelwaſſer/ Salbeywaſſer/ jedes <num>j.</num> Maß: Leg auch noch
  <lb/>darein friſche Datteln/ ohn die Kern/ friſche Roſinlin/ friſche <choice><orig>groſ-<lb break="no"/>ſe</orig><reg>groſſe</reg></choice>
Weinbeer/ Muſcatnuß/ jedes <num>iiij.</num> Lot/ Negelin/ Zimmet/ <choice><orig>Im-<lb break="no"/>ber</orig><reg>Imber</reg></choice>/ 
  Cubeben/ Parißkoͤrner/ Zittwan/ jedes <num>j.</num> Lot/ Saffran <num>j.</num> Lot/
<lb/>rot Roſenzucker <num>viij.</num> Lot. Die Gewuͤrtz vnnd Datteln zerſchneid
<lb/>klein/ vñ mach den Hafen veſt zu mit einem ſtarcken Taig/ daß kein
<lb/>Dampff herauß koͤnde/ laß es gemaͤchlich ſieden/ biß das Fleiſch
<lb/>von den Beinen faͤllt: Alſdann mach den Hafen auff/ vnnd nim
<lb/><num>iiij.</num> gantze heiſſe Semmel/ die heiß auß dem Ofen kom̃en/ zerbrich
<lb/>ſie/ vnnd thue ſie in den Hafen/ in die heiſſen Bruͤe. Nim auch ein
<lb/>Pfund dicken zwiret gebachnen Leckkuchen/ ſchneid Stuͤcklin eins
<pb n="39"/>
  Fingers dick/ legs auff ein Roſch/ vnnd brats fein braunlecht: <choice><orig>Be-<lb break="no"/>ſtreichs</orig><reg>Beſtreichs</reg></choice>
 mit Honig/ vnnd wirffs auch in den Hafen/ daß es waiche:
<lb/>Mach den Hafen veſt zu/ vnd laß es alſo ſtehen/ biß auff den andern
<lb/>Tag/ ſo ſeyhe die Bruͤe ſauber ab/ vnnd ſtoß den Capaunen mit
<lb/>allem/ was darbey iſt/ gantz vnnd gar wol/ wie ein Muß: Geuß die
<lb/>Bruͤe wider daruͤber/ vnnd rhuͤrs wol durch einander. Diſtilliers
<lb/>wider im Sand gar ſanfft. Darnach thue das erſt/ vnnd das jetzig
<lb/>Waſſer/ beide zuſamen/ vnd leg <num>j.</num> Marck Vngeriſch Gold darein/
<lb/>vnnd laß es <num>iij.</num> Tag an der Sonnen ſtehen: Diſtilliers dann wider
<lb/>im Sand gar ſanfft. Vermmachs gar wol/ daß kein Geruch daruon
<lb/>gehe/ auch wann es gemacht iſt/ ſo verbinds gar wol/ ſo haſt du der
<lb/>armen vngebornen Kinder Balſam gut vnd gerecht.</p></div>
<div><head>Fuͤr ſchwangere Frawen zu ſtaͤrckung der Kinder.</head>
 <p>Nim rechten weiſſen Honig <num>j.</num> Viertheilin/ laß jhn wol ſieden
  <lb/>vnd verſchaumen/ vnnd wann er noch warm iſt/ ſo rhuͤre darein <choice><orig>ge-<lb break="no"/>ſtoßnen</orig><reg>geſtoßnen</reg></choice>
Fenchelſamen/ geſtoßne Galgant <num>j.</num> Loͤffel vol: Rhuͤrs wol
<lb/>durch einander/ vnnd behalts auff. Daruon ſoll ein ſchwangere
<lb/>Fraw vber den andern tag einer Haſelnuß groß einnemen: Auch
<lb/>ſonſten/ wann ſie erſchrickt.</p>
</div><div><head>Wann ein ſchwangere Fraw ſehr erſchrickt.</head>
 <p>Gib jhr zutrincken <num>j.</num> Loͤffel vol oder <num>ij.</num> gediſtilliert <choice><orig>Mayen<lb break="no"/>thawwaſſer</orig><reg>Mayenthawwaſſer</reg></choice>/ 
  vnd das je vber <num>j.</num> ſtund oder <num>ij.</num> wieder.</p>
 <p>Laß auch Fenchel in weiſſem Wein ſieden/ <num>j.</num> Loͤffel vol in eim
<lb/>Viertheilin/ wie ein weichs Ey: Vnd gib jhr daruon <num>iij.</num> Loͤffel vol
<lb/>auff einmal: Das mag ſie thun des tags ſo offt ſie will. Auch ettwa
<lb/>Fenchel geeſſen/ ſtaͤrckt die Kinder.</p></div>
<div><head>Oder.</head>
 <p>Nim Fenchelſamen <num>j.</num> Loͤffel vol/ laß jn wol ſieden in eim guten
  <lb/>Trunck Weins: Nim dann des Puluers vom Creutz auß den <choice><orig>wel-<lb break="no"/>ſchen</orig><reg>welſchen</reg></choice>
Nuſſen/ einer Bonen groß/ vnnd ein wenig geſchlagen Gold.
<lb/>Geuß des Weins <num>j.</num> Loͤffel vol daran/ vñ laß ſie das warm trincken:
<pb n="40"/>
 doch daß ſie noch <num>j.</num> Truͤncklin vom warmen Wein darauff thue.
  <lb/>Das brauch <num>iij.</num> mal/ abends vnd morgens. Ettliche brauchens <choice><orig>al-<lb break="no"/>ſo</orig><reg>alſo</reg></choice>: 
  Sie ſieden den Fenchelſamen in Geißmilch/ zerreiben dann <choice><orig>ett-<lb break="no"/>liche</orig><reg>ettliche</reg></choice>
 geſcheelte Mandel/ vnnd laſſens noch ein Wal in der Milch
<lb/>thun. Daruon geben ſie der Frawen offt ein Truͤncklin.</p></div>
<div><head>Wann ein Fraw groſſe Wehe hat/ vnd man ſich duncken
 <lb/>laͤßt/ es ſey noch nicht zeit.</head>
 <p>Nim ein blaw wullin Tuch/ beſtreichs wol mit heiſſem <choice><orig>Jung-<lb break="no"/>frawhonig</orig><reg>Jungfrawhonig</reg></choice>/ 
  legs jhr vnder dem Nabel vber/ ſo warm ſie es leiden
<lb/>kan: Iſts zeit/ ſo laſſen die Wehe nicht nach/ ſonder nemen zu. Iſts
<lb/>aber nicht zeit/ ſo legen ſich die Wehe gantz/ vnnd wuͤrdt die Fraw
<lb/>wider ſtarck. Das iſt probiert.</p></div>
<div><head>Wann ein ſchwangere Fraw groß Ruckenwehe hat/
 <lb/>vnd im Bauch.</head>
 <p>Die ſoll ſich mit weiß Gilgenoͤl mit warmer Hand ſalben/ wo
  <lb/>der Schmertz iſt: Man ſoll jhr alle tag <num>j.</num> guten Trunck feißter <choice><orig>Huͤ-<lb break="no"/>nerbruͤe</orig><reg>Huͤnerbruͤe</reg></choice>
zutrincken geben/ darinn <num>j.</num> Lot roter Zucker zerſchmoltzen
  <lb/>ſey. Man mag jhr auch ein Waſſerbad machen/ darinnen <choice><orig>Bappe-<lb break="no"/>len</orig><reg>Bappelen</reg></choice>/ 
  Eybiſch/ Leinſamen/ in ein Saͤcklin gemacht/ geſotten ſeien/
<lb/>Darauff ſoll ſie im Bad ſitzen/ vnd nach dem Bad ſoll ſie ſich mit
<lb/>folgendem Saͤlblin ſalben/ vber die Schloß/ vnnd vnder dem <choice><orig>Na-<lb break="no"/>bel</orig><reg>Nabel</reg></choice>: 
  Nim Schleim von Eybiſch/ vnd <foreign xml:lang="Latin" rend="antiqua">Fœnum græcum</foreign>/ mit <choice><orig>Bey-<lb break="no"/>fußwaſſer</orig><reg>Beyfußwaſſer</reg></choice>
außgezogen/ jedes <num>j.</num> Lot/ weiß Gilgenoͤl/ ſuͤß Mandeloͤl/
<lb/>Hennenſchmaltz/ jedes <num>iij.</num> Lot/ Zim̃et vnnd Saffran/ jedes <num>j.</num> <choice><orig>Seru-<lb break="no"/>pel</orig><reg>Serupel</reg></choice>/ 
  mit eim wenig Wachs mach es zu einem Saͤlblin.</p></div>
  <div><head>Wann ein Fraw ein ſchwache Frucht bey jhr traͤgt/ daß man <choice><orig>be-<lb break="no"/>ſorgt</orig><reg>beſorgt</reg></choice>/ 
   ſie werds nicht auff die recht zeit tragen.</head>
 <p>Leg Coriander auff Kolen: Laß den Dampff doruon vnden
<lb/>zu jhr gehen/ das thu <num>j.</num> Tag oder <num>xiiij.</num> abends vnd morgens.
<lb/>Man ſoll auch die Honigkuchen/ wie ſie die Kraͤmer feil <choice><orig>ha-<lb break="no"/>ben</orig><reg>haben</reg></choice>/ 
  vngefahrlich einer Handbreit/ vnd <num>ij.</num> Viertheil lang/ in der
<lb/>mitten von einander ſpalten/ vnd jhr ſo warm/ als ſie es leiden mag/
<lb/>ob dem Nabel vberlegen. Auch Honigwaſſer zutrincken geben.</p></div>
<pb n="41"/>
<div><head>Oder.</head>
 <p>Nim Negelin/ Muſcatnuß/ Muſcatbluͤt/ Rauten/ vnd <choice><orig>Weck-<lb break="no"/>holderbeer</orig><reg>Weckholderbeer</reg></choice>/ 
  jedes <num>j.</num> quintlin/ alles geſtoſſen: Rhuͤrs in ſiedigheiß <choice><orig>Ho-<lb break="no"/>nig</orig><reg>Honig</reg></choice>/ 
  vnd laß es noch ein Wal oder zwen thun. Daruon ſtreich auff
<lb/>ein wolgebaͤhte Schnitten Brots/ die laß ſie auff den Nabel legen/
<lb/>alſo warm. Wann ſie erkalten will/ ſo nimpt man ein andere/ die
<lb/>mag man auch zuuor mit Maluaſier netzen.</p></div>
<div><head>Wann man ſorgt/ daß ein Kind ſchwach in Mutterleib ſeie.</head>
 <p>Nim Fenchel vnd Kuͤmmich/ jedes <num>j.</num> guten Loͤffel vol: Seuds
<lb/>in <num>j.</num> Maß Waſſers/ wie harte Eyer: Machs dann mit Honig wol
<lb/>ſuͤß/ vnd gib der ſchwangeren Frawen offt daruon zutrincken.</p></div>
<div><head>Oder.</head>
 <p>Seud Maltz/ groblecht zerſtoſſen/ Fenchel vnd Eiſenkraut in
<lb/>Milch/ vnd brauchs gleicher geſtalt.</p></div>
<div><head>Wie ſich ein Fraw halten ſoll/ die noch <num>iij.</num> oder <num>iiij.</num> Wochen vor
 <lb/>jhr hat/ daß ſie des Kinds ſoll geligen.</head>
 <p>Zum erſten ſoll ſie ſich morgens/ wann ſie auffſtehet/ <choice><orig>deßglei-<lb break="no"/>chen</orig><reg>deßgleichen</reg></choice>
nachts/ wann ſie nider gehet/ vor einem Ofen oder Glut/ mit
<lb/>nachgeſchribner Salben ſchmieren laſſen/ vornen vm̃ den Bauch/
<lb/>vnnd neben in den Seitten vmb die Leiſten/ vnnd hinden auff dem
<lb/>Creutz: Vnd ſoll alle Wochen einmal Schweißbaden/ biß auff die
<lb/>leiſte <num>xiiij.</num> Tag/ ſo ſoll ſie alle <num>viij.</num> Tag zwey mal waſſerbaden/ vnd
<lb/>im Bad auff nachgeſchribnem Sack ſitzen. Wann ſie baden will/
<lb/>ſo braucht ſie die Salben erſt nach dem Bad.</p></div>
<div><head>Die Salben mach alſo:</head>
 <p>Weiß Gilgenoͤl <num>iij.</num> Lot/ Nardenoͤl <num>ij.</num> Lot/ Huͤnerſchmaltz
<lb/><num>j.</num> Lot/ <num>j.</num> Tropffen oder <num>ij.</num> Spicaoͤl: Zerlaß das Huͤnerſchmaltz <choice><orig>zu-<lb break="no"/>uor</orig><reg>zuuor</reg></choice>
in einem Pfaͤndlin ob einer Glut: Thue dann die Oel darein
<lb/>vnd laß alſo heiß durch ein ſaubers weiß Tuͤchlin lauffen: Behalts
<lb/>in einem verglaͤßten Haͤfelin.</p></div>
<div><head>Den Sack/ darauff die Fraw im Bad ſitzen ſoll/ mach alſo:</head>
 <p>Mache ein langen ſchmalen Sack von weiſſem Leinwat/ daß
<pb n="42"/>
  er hinden das Creutz erreichen moͤge/ vnd vornen den Bauch: <choice><orig>Fuͤl-<lb break="no"/>le</orig><reg>Fuͤlle</reg></choice>
 ein Hand vol ettlich Leinſamen darein/ laß in einem Hafen mit
<lb/>Waſſer ſiedẽ/ biß es wol ſchlipfferig wuͤrdt: Darauff ſoll die Fraw
<lb/>ſitzen/ ſo warm ſie es leiden mag. Vnnd wann der Sack will kalt
<lb/>werden/ ſo ſoll man jhn wider in der Bruͤe/ darinn er geſotten <choice><orig>wor-<lb break="no"/>den</orig><reg>worden</reg></choice>/ 
  waͤrmen/ vnd ſie wider laſſen darauff ſitzen.</p>
 <p>Es iſt auch nutzlich/ daß die Fraw ein Tag <num>xiiij.</num> oder mehr/
<lb/>vor dem Zil/ alle Tag morgens nuͤchtern/ <num>iij.</num> oder <num>iiij.</num> Feigen eſſe.</p>
 <p>Ettliche geben ein Monat vorher alle morgen <num>v.</num> oder <num>vj.</num> <choice><orig>ge-<lb break="no"/>ſcheelte</orig><reg>geſcheelte</reg></choice>
Mandel/ mit <num>xx.</num> Koͤrnlin Fenchelſamen zueſſen.</p></div>
<div><head>Warfuͤr ſich ein ſchwangere Fraw huͤten ſoll.</head>
 <p>Vor eſſen/ das mit Eſſig vil ſawr gemacht iſt.</p>
 <p>Vor freuenlich vberſich langen/ damit dem Kind die <choice><orig>Nabel-<lb break="no"/>gert</orig><reg>Nabelgert</reg></choice>
nicht entzogen/ oder auffs wenigſt verruckt werde.</p>
 <p>Vor vil fuͤrſich bucken/ vnd von der Erden ettwas <choice><orig>auffzuhe-<lb break="no"/>ben</orig><reg>auffzuheben</reg></choice>/ 
  damit dem Kind die Sennen nicht vmb das Haͤlſlin <choice><orig>geſchla-<lb break="no"/>gen</orig><reg>geſchlagen</reg></choice>
werde/ vnnd die Gefahr darauff erfolg/ daß es in Mutterleib/
<lb/>oder in der Geburt/ erſticke.</p></div></div>
 <div><head>Fuͤr ſchwere harte Geburt.
 </head><div><p>So ein Fraw geſchwillt vor dem niderkommen.</p>
<p>NIm Veihelkraut/ Wullenkraut/ vnnd Bappeln/ ſeuds in
 <lb/>Waſſer/ darob ſoll die Fraw wol erwarmen. Darnach netz
 <lb/>ein blawen wullin Fleck in Veiheloͤl/ halt jhr den/ ſo warm
 <lb/>ſie es leiden kan/ an den Leib/ Das vertreibt alle Geſchwulſt.</p></div>
<div><head>Daß ein Fraw leichtlich niderkomme.</head>
 <p>Gib jr einer andern Frawen Milch zutrincken/ doch daß ſie es
<lb/>nicht wiſſe.</p></div> <div><head>Oder.</head>
<p>Nim das Kraut von Weißwurtz: Zerknitſchs/ daß es feucht
 <lb/>wuͤrdt/ legs der Frawen auff die Scham/ ſo wuͤrdt ſie zuhand <choice><orig>erle-<lb break="no"/>digt</orig><reg>erledigt</reg></choice>/ 
 wann gleich das Kind tod were.</p></div>
<pb n="43"/>
 <div><head>Wann einer Frawen in Kindsnoͤtten die Mutter fuͤr den Leib
<lb/>gehet/ daß ſie das Kind nicht haben kan.</head>
<p>Nim Wermut/ halt jhne in einer trucknen Pfannen vber ein
 <lb/>Glut/ daß er wol heiß werde. Wickle jhn dann in ein blaw wullin
 <lb/>Tuch/ vnd halt jhn der Frawen fuͤr den Leib/ ſo weicht die Mutter
 <lb/>von ſtundan hinderſich.</p></div>
<div><head>Daß ſich ein Kind/ ſo vnrecht zu der Geburt kompt/ in Mutter
 <lb/>Leib wendt/ es ſey tod oder lebendig.
</head><p>Gib jhr <foreign xml:lang="Latin" rend="antiqua">Mumia</foreign>/ vnnd Eichenmiſtel/ jedes einer guten Erbis
 <lb/>groß in warmen Wein ein/ ſo wendt es ſich.</p></div>
<div><head>Oder.</head>
 <p>Nim Elendsklawen/ der zu rechter zeit gefangen iſt: Bind jhr
<lb/>den auff den Leib/ daß der Spitz vom Fuß vnderſich gewendt <choice><orig>wer-<lb break="no"/>de</orig><reg>werde</reg></choice>. 
  Das iſt probiert.</p></div>
<div><head>Wann das Kind nicht zu rechter Geburt ſtehet.</head>
 <p>Nim Eiſenhartkraut/ ſeuds in Waſſer/ laß ſich die Frawen
<lb/>darob baͤhen/ ſo ſchlecht ſich das Kind gern wider zu ruͤck. Das iſt
<lb/>bewehrt.</p></div>
<div><head>Wann die Nabelſchnur fuͤr die Geburt faͤllt/ vnd das
 <lb/>Kjnd noch nicht zugewinnen iſt.</head>
 <p>So ſoll man jhr alſo bald wider hinein helffen: Bleibt ſie <choice><orig>her-<lb break="no"/>auſſen</orig><reg>herauſſen</reg></choice>/ 
  daß ſie nicht darinnen bleiben wil/ ſo netze ein zarts/ weichs/
<lb/>leinins tuͤchlin in warmen Maluaſier/ Wein/ Milch/ oder Bier/
<lb/>vnd ſtrewe ein wenig geſtoßner Negelin vnd Muſcatbluͤt darauff/
<lb/>vnd laß die Nabelſchnur damit winden. Das waͤrmt vnnd ſtaͤrckt
<lb/>das Kind/ vnd helt die Schnur kraͤfftig. Wann das Tuͤchlin kalt
<lb/>wuͤrdt/ ſo machs wider warm vnnd naß/ vnnd halt die Schnur im
<lb/>Tuͤchlin jmmer fuͤr die Geburt gantz hart.</p></div>
<div><head>Fuͤr Ohnmachten in Kindsnoͤtten.</head>
 <p>Streich jhr Spicanardieſſig/ von duͤrren Bluͤmlin/ vnd <choice><orig>gu-<lb break="no"/>ten</orig><reg>guten</reg></choice>
  ſtarcken Eſſig gemacht/ an die Naſen. Vnnd leg jhr <choice><orig>Pulsſaͤck-<lb break="no"/>lin</orig><reg>Pulsſaͤcklin</reg></choice>
vber/ mit Muſcatnuß vnd Weckholderbeer gefuͤllt/ vnd in dem
<lb/>Eſſig genetzt/ vber die Puls.</p></div>
<pb n="44"/>
<div><head>Oder.</head>
 <p>Nim Negelin/ Zimmet/ vnnd Saffran/ zu der Muſcatnuß/
<lb/>netz in Roſenwaſſer/ vnd legs vber die Puls.</p></div>
<div><head>Oder.</head>
 <p>Nim geſchaben Paradißholtz/ binds in ein Tuͤchlin/ legs in
<lb/>ein kalten Eſſig/ vnd halts jhr fuͤr die Naſen.</p></div>
<div><head>Ein ſehr gute ſtaͤrckung fuͤr Mutter vnd Kind.</head>
 <p>Nim gute friſche Muſcatnuß <num>ij.</num> oder <num>iij.</num> Stoß in einem <choice><orig>Moͤr-<lb break="no"/>ſer</orig><reg>Moͤrſer</reg></choice>
  wol/ thue darann weiſſen <foreign xml:lang="Latin" rend="antiqua">Aqua vitæ</foreign>/ oder das guͤldin <choice><orig>Carfun-<lb break="no"/>ckelwaſſer</orig><reg>Carfunckelwaſſer</reg></choice>/
  daß es werde/ wie ein Taiglin. Daruon gib jhr einer
<lb/>Haſelnuß groß ein/ daß ſie es lang im Mund vmbziehe/ biß es <choice><orig>all-<lb break="no"/>gemach</orig><reg>allgemach</reg></choice>
zergehet: Vnd beſtreich jhr die Naßloͤcher vnd Pulſadern
<lb/>auch darmit. Daruon werden beide/ Mutter vnnd Kind/ groſſe
<lb/>Krafft befinden. Das iſt gar offt bewehrt.</p></div>
<div><head>Wann einem Weib wehe zum Kind wuͤrdt.</head>
 <p>Nim den Dotter von einem friſchen Ey/ vnd ein gantze <choice><orig>Mu-<lb break="no"/>ſcatnuß</orig><reg>Muſcatnuß</reg></choice>/
  die reib klein/ rhuͤrs wol durch einander/ vnnd bach ein
<lb/>Kuͤchlin darauß. Gibs jhr alſo warm zueſſen.</p></div>
<div><head>Daß ein Fraw leichtlich gebere.</head>
 <p>Nim Zimmet <num>iij.</num> Lot/ vnd <num>vj.</num> Lot Zucker/ beide geſtoſſen/ vnnd
  <lb/>Saffran einer guten Erbis groß: Legs in <num>ij.</num> Maß Weins des <choice><orig>be-<lb break="no"/>ſten</orig><reg>beſten</reg></choice>/
  rhuͤrs wol vnder einander/ laß ein ſtund oder zwo an einander
  <lb/>ſtehen/ wol verdeckt: Laß es dann drey oder vier mal durch ein <choice><orig>Cla-<lb break="no"/>retſack</orig><reg>Claretſack</reg></choice>
lauffen. Daruon gib der Frawen zutrincken/ wann ſich das
<lb/>Kind zu der Geburt geſchickt hat/ vnd nicht eher.</p></div>
<div><head>Wann ein Fraw in Kindſnoͤtten ligt/ vnd das Kind
 <lb/>nicht von ſtatt will gehen.</head>
 <p>Nim weiß Gilgenwaſſer/ Boleywaſſer/ Gamander oder <choice><orig>Dol-<lb break="no"/>drichwaſſer</orig><reg>Doldrichwaſſer</reg></choice>/
  jedes <num>j.</num> Loͤffel vol. Nim dann von Marillen/ Pferſich/
<lb/>vnd Neſpelkern/ jedes <num>iij.</num> die auffgeſchlagen ſeien: Thue darzu ein
<lb/>rohen Haſenſprung/ vnd ein Hirſchcreutz/ das im Dreiſſigſten <choice><orig>ge-<pb break="no" n="45"/>fangen</orig><reg>gefangen</reg></choice>
  worden: Stoß alles klein zu Puluer/ Thu es in die <choice><orig>obge-<lb break="no"/>ſchribne</orig><reg>obgeſchribne</reg></choice>
 Waſſer/ vnd gibs der Frawen zutrincken.</p>
 <p>Bind jhr auch ein Adlerſtein oben in aller dicke/ einwerts an
<lb/>das rechte Bein/ aber ſo bald das Kind von jhr kompt/ ſo thue den
<lb/>Stein gleich von jhr hinweg.</p></div>
<div><head>Oder.</head>
 <p>Streiff die Blaͤtter von Rotbucken ab/ vnd bind der Frawen
<lb/><num>j.</num> Hand vol auff den Nabel. Thu es hinweg/ ſo bald ſie geneſen.</p></div>
<div><head>Zu ſchwerer harter Geburt.</head>
 <p>Gib der Frawen einer Lorbeer groß gepuͤluert Hirſchſamen/
<lb/>das iſt die Natur/ ſo dem Hirſch in der Brunſt entſcheußt/ in einem
<lb/>Loͤffel vol Weins.</p></div>
<div><head>Oder.</head>
 <p>Gib jhr nur Butter/ mit Wein gemiſcht/ zutrincken.</p></div>
<div><head>Wann ein Fraw zu der Geburt arbeitet/ vnd es nicht
 <lb/>will von ſtatt gehen.</head>
 <p>Nim Birenmiſtel/ vnnd Einghirn: Schabs in <num>j.</num> Loͤffel vol
<lb/>weiß Gilgenwaſſer.</p></div>
<div><head>Wann ein Fraw in groſſen Kindsnoͤtten iſt/ vnnd
 <lb/>es nicht von jhr will.</head>
 <p>Nim Waſſer/ auß rotem Koͤl gebrannt/ machs warm/ netz
<lb/>Tuͤchlin darinn/ halts der Frawen fuͤr die Naſen/ daß der Dampff
<lb/>vnd Geruch moͤge zur Naſen eingehen/ dann ſie genuͤßt gleich <choice><orig>dar-<lb break="no"/>uon</orig><reg>daruon</reg></choice>. Iſt gantz gewiß.</p>
 <p>Ettliche gebens gar zutrincken/ vnnd thund ein wenig gefeilt
<lb/>Hirſchhoren/ im Dreiſſigſten gefangen/ darunder.</p></div>
<div><p>In allerhoͤchſten noͤtten/ wanns ſo gar vbel zugehet/ daß ein Kind gantz
 <lb/>vnrecht ligt/ vnd kein Huͤlff ettwas thun will/ vnd man beſorgt/ <choice><orig>Mut-<lb break="no"/>ter</orig><reg>Mutter</reg></choice>
 vnd Kind muͤſſen bleiben.</p>
 <p>So ſoll man das Weib vber vnnd vber burtzlen/ ſo geſchwind
  <lb/>man kan: Als dann verwirfft ſich das Kind/ daß die Mutter <choice><orig>zuret-<lb break="no"/>ten</orig><reg>zuretten</reg></choice>
iſt/ bißweilen auch die Kinder/ ſo ſie noch leben.</p></div>
<pb n="46"/>
<div><head>Oder.</head>
 <p>Thue jhr Pfeffer vnd Nießwurtz/ vnder einander gemiſcht/ in
<lb/>die Naſen: So ſchuͤtt ſich der Leib/ vnd kompt die Frucht zu recht.</p></div>
<div><head>Ein anders/ einzugeben in harter Geburt.</head>
 <p>Nim ein drittheil von eim Vngeriſchen Guldin/ klein gefeilt/
<lb/>vnd ein gantz Hirſchcreutzlin/ auch klein gefeilt. Gibs der Frawen
<lb/>mit Wein/ wañ das Kind in hoͤchſten noͤtten ſteckt/ vnd jetzund ſoll
<lb/>geboren werden. Das ſtaͤrckt das Hertz/ vnd haͤlt das Hertzblut bey
<lb/>ſeiner Krafft/ <abbr>rc.</abbr></p></div>
<div><head>So ein Fraw nicht geneſen kan.</head>
 <p>Gib jhr ein Hirſchcreutz/ klein gefeilt/ ein/ in Waſſer/ das <choice><orig>ge-<lb break="no"/>brennt</orig><reg>gebrennt</reg></choice>
iſt/ auß dem gelben/ von den weiſſen Gilgen.</p></div>
<div><head>Oder.</head>
 <p>Gib jhr eins Pfennings ſchwer geſtoßnen weiſſen Augſtein/
<lb/>warinn ſie will.</p></div>
<div><head>Wann ein Fraw in Kindsnoͤtten ligt/ vnd gar nichts
 <lb/>helffen will.</head>
 <p>So gibt jhr <num>j.</num> Loͤffel von Hundsmilch ein/ wo es muͤglich iſt/
<lb/>daß ettwas helffe/ ſo hilfft das.</p></div>
<div><head>Wann ſich die Kindswehe bey einer geberenden
 <lb/>Frawen legen.</head>
 <p>Nim Boleywaſſer/ weiß Gilgenwaſſer/ jedes <num>ij.</num> Lot/ <choice><orig>Saff-<lb break="no"/>ran</orig><reg>Saffran</reg></choice>/ 
  vnnd des weiſſen in gelben Gilgen/ jedes einer kleinen Erbis
<lb/>groß. Gibs jhr warm zutrincken.</p></div>
<div><head>Wann ein Fraw keine Wehe hat.</head>
 <p>Gib jhr einer guten Erbis groß <foreign xml:lang="Latin" rend="antiqua">Mumia</foreign> in Wein zutrincken.</p></div>
<div><head>Wann einer Frawen die Wehen zum Kind vergehen.</head>
 <p>Nim weiſſen Augſtein/ ſtrew den auff ein Glut/ vnnd laß den
<lb/>Rauch in den Mund gehen/ daß ſie jhn wol einſchlinde.</p></div>
<div><head>Oder.</head>
 <p>Nim <num>ij.</num> oder <num>iij.</num> der groſſen dicken Gewuͤrtznegelin/ die man
<lb/>Mutternegelin nennet: Laß ſie die wol kewen/ vnd hinab ſchlinden.</p></div>
<pb n="47"/>
 <div><head>Oder.</head>
<p>Gib jhr von Rockenb<unclear/>/was man zwiſchen <num>ij.</num> oder <num>iij.</num> <choice><orig>Fin-<lb break="no"/>ger</orig><reg>Finger</reg></choice>
 heben kan/ rein geſtoſſen/ in einem guten Loͤffel vol Boleyen/
 <lb/>oder weiſſen Gilgenwaſſer.</p></div>
<div><head>Oder.</head>
 <p>Nim <num>ij.</num> oder <num>iij.</num> Stengel von roten Bucken: Laß ſieden in <choice><orig>ro-<lb break="no"/>tem</orig><reg>rotem</reg></choice>
Wein/ der von jm ſelber rot gewachſen iſt/ vnd laß der Frawen
<lb/>die Solen an Fuͤſſen damit reiben.</p></div>
<div><head>Wolten die Wehen noch nicht kommen.</head>
 <p>So nim <num>ij.</num> Becken oder Kuͤbelin/ da die Fuͤß wol eingehen
<lb/>moͤgen: Thue in jedes das halb theil des obgeſchribnen Weins vnd
<lb/>Krauts/ vnnd laß ſie in jedes ein Fuß ſetzen/ daß ſie wol erwarmen/
<lb/>vnnd ſo bald die Wehe kommen/ ſoll man die Becken oder Kuͤbelin
<lb/>hinweg thun. So aber das alles nicht helffen will/ ſoll man jhr jres
<lb/>Ehemans Harnwaſſer zutrincken geben.</p></div>
<div><head>Wann ein Fraw in Kindsbanden ligt/ vnnd das Kind eingetretten iſt/
 <lb/>vnd nicht fort will/ auch bißweilen die Wehe vergangen.</head>
 <p>Nim Einhorn/ weiſſen Augſtein/ Ellendklawen/ rot <choice><orig>Coral-<lb break="no"/>len</orig><reg>Corallen</reg></choice>/ 
  Perlin/ vnd Eichinmiſtel/ jedes gleich vil/ klein geſtoſſen/ vnnd
<lb/>darnach zuſamen vermiſcht: Gib jhr ein guten Meſſerſpitzen vol
  <lb/>in Lindenbluͤtwaſſer ein. Das thue/ wann das Kind am Tag <choice><orig>ſte-<lb break="no"/>het</orig><reg>ſtehet</reg></choice>/ 
  Das iſt gut fuͤr den Krampff/ vnnd ſchwere Kranckheit der
<lb/>Mutter vnd dem Kind/ vnd fuͤrdert die Geburt.</p></div>
<div><head>Wann ein Fraw nicht ledig kan werden/ oder jhr
 <lb/>die Wehe vergehen.</head>
 <p>Nim das gelb inner Haͤutlin von Hennen/ Capaunen/ oder
<lb/>anderm Federwildbret/ im Magen: Doͤrr es/ vnnd ſtoß auff das
<lb/>kleineſt: Thue das dritte theil Zucker darunder. Daruon gib der
<lb/>Frawen <num>j.</num> quintlin in Wein oder Bier/ vnnd laß noch ein Trunck
<lb/>darauff thun/ damit das Puluer wol hinab komme.</p></div>
<div><head>Ein anders/ wann ein Kind hart ſteckt/ die Wehe <choice><orig>ver-<lb break="no"/>gangen</orig><reg>vergangen</reg></choice>
 ſeind/ vnd die Not groß iſt.</head>
 <p>Nim Eingehirn/ vnd vnſer Frawen Eiß: Stoß klein/ nim <choice><orig>je-<pb break="no" n="48"/>des</orig><reg>jedes</reg></choice>
einer guten Erbis groß/ gib jhrs ein mit weiß Gilgenwaſſer.
<lb/>Doch nicht eher/ dann biß das Kind in voller Geburt ſtehet/ vnnd
<lb/>die Wehe vergangen ſeind.</p></div>
<div><head>Oder.</head>
 <p>Nim <num>viij.</num> Pferſichkern/ ſtoß ſie klein: darzu nim fuͤnff Creutz
  <lb/>auß den welſchen Nuſſen auch klein geſtoſſen. Gibs jhr mit <choice><orig>Ritter-<lb break="no"/>ſpornwaſſer</orig><reg>Ritterſpornwaſſer</reg></choice>
ein.</p></div>
<div><head>Wann einer Frawen die Wehe vergangen.</head>
 <p>Nim Ritterſporn <num>j.</num> Hand vol: Seuds in Waſſer/ oder bey <choice><orig>ei-<lb break="no"/>nem</orig><reg>einem</reg></choice>
Huͤnerviertheilin. Daruon gib jhr fuͤnff Loͤffel vol zutrincken.
<lb/>Das Kind muß von jhr. Das iſt bewehrt.</p></div>
<div><head>Oder.</head>
 <p>Nim <num>j.</num> Hand vol Gamanderkraut/ ſeuds in <num>j.</num> aͤchtmaß
<lb/>Weins/ daß es halb einſiede. Daruon gib jhr ein warmen Trunck
<lb/>oder zwen.</p></div>
<div><head>Wann einer Frawen die Wehe vergehen/ vnd das
 <lb/>Kind abgeſtanden iſt.</head>
 <p>So gib jhr gepuͤluert Rockenbluſt ein/ in einer Erbiſbruͤt/
<lb/>vnd mach jhr vnden auff ein Rauch mit Kuͤmmich.</p></div>
<div><head>Oder.</head>
 <p>Nim Meerhirſchen/ vnd Eichinmiſtel/ jedes <num>j.</num> quintlin: Laß in
<lb/>einem achttheilin weiſſen Wein halb einſieden/ ſeyhe es druch/ vnd
<lb/>gibs jhr warm zutrincken.</p></div>
<div><head>Daß ein ſchwangere Fraw des Kinds/ es ſey lebendig
 <lb/>oder tod/ bald geneſe.</head>
 <p>Nim Borax/ das die Goldſchmid brauchen/ eines <choice><orig>Goldguͤl-<lb break="no"/>dins</orig><reg>Goldguͤldins</reg></choice>
ſchwer. Thue darzu <num>iiij.</num> oder <num>v.</num> Bluͤmlin vngeſtoſſen <choice><orig>Saff-<lb break="no"/>ran</orig><reg>Saffran</reg></choice>: 
  Gibs jhr in einem Truͤncklin warms Weins/ Doch nicht
<lb/>cher, das Kind ſtehe dann an der Geburt.</p></div>
<div><head>Wann ein Weib nicht geberen kan/ vnd ein todtes
 <lb/>Kind bey jhr hat.</head>
 <p>Nim Vergißmeinnicht <num>j.</num> Hand vol/ vnd ein wenig Borras:
<lb/>Kochs mit Bier oder Wein/ gibs der Frawen zutrincken.</p></div>
<pb n="49"/>
<div><p>Fuͤr ſchwere harte Geburt.
 <lb/>Ein erfahren Stuͤck/ ſo ein Fraw ein tods Kind
 <lb/>bey jhr hat.</p>
 <p>Nim das Hertz von eim Hirſch/ der in der Brunſt gehet/ <choice><orig>zer-<lb break="no"/>ſchneids</orig><reg>zerſchneids</reg></choice>
zu Schnitten/ waſch es fein ſauber in ſtarckem Wein/
<lb/>hencks mit Stecklin fein auff/ daß es trucken vnnd duͤrr werde/ <choice><orig>dar-<lb break="no"/>nach</orig><reg>darnach</reg></choice>
ſtoß zu Puluer. Daruon ſoll man einer eins quintlins ſchwer
<lb/>in gelb Beyhelwaſſer eingeben. Es thut recht.</p></div>
<div><head>Wann ein Fraw ein tods Kind bey jhr hat/ das
 <lb/>nicht von ihr will.</head>
 <p>Nim geſtoſſen Neſpelkern/ einer Muſcatnuß groß/ geuß daran
<lb/><num>j.</num> Truͤncklin Boley vnd Gamanderwaſſer: Rhuͤrs wol durch <choice><orig>ein-<lb break="no"/>ander</orig><reg>einander</reg></choice>/
  gibs jhr warm ein. Nim auch Rotbucken/ vnd Camillen/ <choice><orig>je-<lb break="no"/>des</orig><reg>jedes</reg></choice>
ein gute Hand vol/ ſeuds in Laugen/ ſetz die Fraw daruͤber/ bald
<lb/>du jhr das Puluer haſt eingeben/ vnnd laß den Dampff wol zu jhr
<lb/>gehen. Das Kind kompt bald von jhr/ das iſt gewiß vnd probiert.</p></div>
<div><head>Zu ſchwerer harter Geburt.</head>
 <p>Nim roten Beyfuß/ ſeud den in Waſſer: vnd wann ein Weib
<lb/>das obgeſchriben Puluer getruncken hat/ ſo laß jhr den Beyfuß/
<lb/>ſo warm ſie es leiden kan/ an jhren rechten Schenckel/ oben nechſt
<lb/>am Leib/ in einem wullin Tuch inwendig auff bloſſem Leib/ gegen
<lb/>der Geburt/ binden/ das ſoll man doch/ ſo bald ſie geboren/ wider
<lb/>hinweg nemen. Vnnd ſoll doch diß nicht eher thun/ das Kind ſey
<lb/>dann in die Geburt eingetretten: Das hilfft der Natur zu rechter
<lb/>Wehe/ wehret Vnfall/ fuͤrdert das Nachweſen/ laßt das Gebluͤt
<lb/>nicht zuſamen rinnen/ vnd thut dem Weib vil guts.</p></div>
<div><head>Abgeſtandene oder todte Kinder von einer Frawen
 <lb/>zutreiben.</head>
 <p>Nim Eingehirn/ Eichinmiſtel/ weiſſen Augſtein/ gebrennt
<lb/>Hirſchhorn/ <foreign xml:lang="Latin" rend="antiqua">Nucis Vomicæ</foreign>/ Hirſchcreutz/ weiſſe Corallen/ jedes
<lb/>gleich vil: Machs zu Puluer/ vnnd miſchs. Daruon gib <choice><orig>ei-<lb break="no"/>ner</orig><reg>einer</reg></choice>
Haſelnuß groß im warmen Wein. Diß hat
<lb/>die Fuͤrſtin von Sachſen <choice><orig>ge-<lb break="no"/>braucht</orig><reg>gebraucht</reg></choice>.</p></div><div></div></div></div> 
</body>
</text>
</TEI>