<?xml version="1.0" encoding="UTF-8"?>
<?xml-model href="http://www.tei-c.org/release/xml/tei/custom/schema/relaxng/tei_lite.rng" type="application/xml" schematypens="http://relaxng.org/ns/structure/1.0"?>
<?xml-model href="http://www.tei-c.org/release/xml/tei/custom/schema/relaxng/tei_lite.rng" type="application/xml"
	schematypens="http://purl.oclc.org/dsdl/schematron"?>
<TEI xmlns="http://www.tei-c.org/ns/1.0">
<teiHeader>
<fileDesc>
 <titleStmt>
<title>Peſt Regiment
 <lb/>Deſſen
 <lb/>SChwangere Frawen/
 <lb/>wie dann auch andere
 <lb/>Weibes Perſonen/
 <lb/>Welchen ſtarcke treibende Pr<hi rend="antiqua">æ</hi>ſervativ nicht
 <lb/>dienſtlichen/ auch wegen jhres herben Geſchmacks/ nicht
 <lb/>ſo gar anmuͤtig/
 <lb/>In/ und auſſerhalb gefehrlichen Laͤufften/ vermittelſt
 <lb/>Goͤttlicher allmaͤchtiger Huͤlffe ſich erſprißlichen
 <lb/>zugebrauchen.
 <lb/>Geſtellet
 <lb/>Durch eines Ehrveſten Hochweiſen Raths der
 <lb/>Stadt Leipzig beſtallten <foreign xml:lang="Latin" rend="antiqua">Phyſicum</foreign>
 <lb/>Chriſtoph. Meurern der Artzney Doctorn
 <lb/>vnd <hi rend="antiqua">Profeſſorn</hi>.
</title>
<author>Christoph Meurer</author>
 </titleStmt>
 <editionStmt>
<edition>Digital Facsimile from Universitäts- und Landesbibliothek Sachsen-Anhalt</edition>
<respStmt><resp>transliterator, TXT and XML encoder</resp>
 <name>Whitt, Richard J.</name></respStmt></editionStmt>
 <publicationStmt>
<p>Place of Publication: Leipzig</p>
<p>Year: <date>1607</date></p>
<p>Extract: Entirety of main text (index of medications omitted)</p>
 </publicationStmt>
 <sourceDesc>
<bibl>URL: http://dfg-viewer.de/show/?set[mets]=http%3A//digitale.bibliothek.uni-halle.de%2Foai%2F%3Fverb%3DGetRecord%26metadataPrefix%3Dmets%26identifier%3D661569</bibl>
 </sourceDesc>
</fileDesc>
</teiHeader>
<text>
<body>
<pb n="1"/>
<head>Vor
 <lb/>Schwangere Frawen/
   <lb/>vnd andere Weibsperſonen/
   <lb/>Peſt Regiment.</head>
 <p>NAch dem die taͤgliche <choice><orig>Erfa-<lb break="no"/>rung</orig><reg>Erfarung</reg></choice>
menniglich vor Augen ſtellet/
    <lb/>daſz in der jetzo faſt vberall heimlich
    <lb/>eingeſchlichenen Peſt dieſe Sommers
     <lb/>zeit vber/ vnter andern auch ſehr <choice><orig>be-<lb break="no"/>draͤnget</orig><reg>bedraͤnget</reg></choice>
Weibsperſonen/ vnnd vnter
     <lb/>denſelben zum oͤfftern die jenigen/ ſo entweder <choice><orig>Mañ-<lb break="no"/>bar</orig><reg>Mañbar</reg></choice>/
     oder mit Leibsfruͤchten beladen. Vnd aber <choice><orig>gleich-<lb break="no"/>wol</orig><reg>gleichwol</reg></choice>
vnlaͤugbar vnd vnverneinet werden kan/ daſz die
     <lb/><foreign xml:lang="Latin" rend="antiqua">medicamẽta</foreign>, ſo in gemein zur <hi rend="antiqua">Præſervation</hi> in <choice><orig>die-<lb break="no"/>ſer</orig><reg>dieſer</reg></choice>
     zeit/ zu vblichen gebrauch in Apotecken wol <choice><orig>ange-<lb break="no"/>ordnet</orig><reg>angeordnet</reg></choice>/
     faſt alle/ oder meiſtes theils/ ſchwangern vnd
    <lb/>andern Weibesperſonen mehr/ nicht gar bequemlich
     <lb/>vnd dienſtlich ſeyn/ vnd zwar dahero/ weil ſolche <choice><orig>mei-<lb break="no"/>ſtes</orig><reg>meiſtes</reg></choice>
     theils von den <foreign xml:lang="Latin" rend="antiqua">ſimplicibus</foreign> vnd <foreign xml:lang="Latin" rend="antiqua">aromatibus</foreign> <choice><orig>ge-<lb break="no"/>meiniglich</orig><reg>gemeiniglich</reg></choice>
<hi rend="antiqua">præparirt</hi> werden/ welche die Weibliche
    <lb/>Blum oder Roſen ſehr befoͤrdern vñ treiben/ Dahero
     <lb/>jhnen dann/ ſo wol auch der zartenfrucht ſelbſt/ die <choice><orig>er-<lb break="no"/>ſten</orig><reg>erſten</reg></choice>
vnd letzten drey Monden/ weil ſie mit jhrer <choice><orig>weib-<pb break="no" n="2"/>lichen</orig><reg>weiblichen</reg></choice>
buͤrden beladen/ allerley vngemach/ nachteil vnd
    <lb/>gefehrlicher ſchaden/ zu vnzeitigen abgange der frucht/
    <lb/>aus vernuͤnfftigen vnd Natuͤrlichen vrſachen/ Welche
    <lb/>allhier geliebter kuͤrtze halben vor zuͤchtigen Ohren an
    <lb/>zu deuten nicht noͤtig/ leichtlich entſtehen kan. Dieweil
    <lb/>aber gleichwol in ſolchen ſorglichen vnnd gefaͤhrlichen
    <lb/>Laͤufften/ obgedachte Weibesperſonen nichts minder/
    <lb/>ja weit mehr/ als ander/ ſich in gebuͤrliche acht zu
    <lb/>nehmen/ vnnd gleichſam andern eine Gewiſzheit <choice><orig>ha-<lb break="no"/>ben</orig><reg>haben</reg></choice>
moͤchten/ was jhnen diſzfals auch zuerhaltung <choice><orig>jh-<lb break="no"/>res</orig><reg>jhres</reg></choice>
Leibes vnnd Lebens zur pr<hi rend="antiqua">æ</hi>ſeruirung dienſtlich
    <lb/>vnnd bequem ſeyn koͤnte. Als habe aus ſonderlicher
    <lb/>trewer Chriſtlicher Vorſorge/ jhnen zum beſten nicht
     <lb/>allein gute vnd bequeme Artzney/ derer ſie ſich <choice><orig>tuͤgli-<lb break="no"/>chen</orig><reg>tuͤglichen</reg></choice>/
     vermittelſt Goͤttlicher Allmaͤchtiger Huͤlffe vnd
    <lb/>Beyſtandes nuͤtzlichen/ neben andaͤchtigem Lebet/ zu
     <lb/>gebrauchen/ ich in der Apoteck allhier auff <choice><orig>rathſa-<lb break="no"/>mes</orig><reg>rathſames</reg></choice>
bedencken eines Ehrenveſten Hochweiſen Raths/
    <lb/>vber die vorigen wenig ſtück/ ſo bald anfaͤnglich dieſer
    <lb/>noch jetzo ſchwebender Seuche/ verfertigen laſſen/ <choice><orig>an-<lb break="no"/>geordnet</orig><reg>angeordnet</reg></choice>:
     Sondern auch wie dieſelben Woͤchentlich/
     <lb/>auff alle Tage/ wechſelsweiſe nuͤtzlichen vnd <choice><orig>erſprieſ-<lb break="no"/>lichen</orig><reg>erſprieſlichen</reg></choice>
zu gebrauchen/ auch was in denſelben fuͤr <choice rend="antiqua"><orig>de-<lb break="no"/>lect</orig><reg>delect</reg></choice>
     vnd wahl zu halten ſey/ zwar kuͤrtzlich vnnd <choice><orig>ein-<lb break="no"/>feltig</orig><reg>einfeltig</reg></choice>/
     doch aber gruͤndlichen vnd gar deutlichen genug
    <lb/>zu papier bringen/ vnnd zu Erhaltung jhrer Leibes
<pb n="3"/>
Geſundheit/ welche nechſt dieſes zeitlichen Lebens der
    <lb/>aller edelſte thewreſte Schatz iſt/ hiermit publiciren
    <lb/>wollen.</p>
<p>Es haben aber ſolcher Artzneyen/ derer in dieſem
   <lb/>verfaſten Peſt Regiment gedacht/ vornemlich vnnd zu
   <lb/>foͤrderſt ſich anzumaſſen nicht allein ſchwangere <choice><orig>Fra-<lb break="no"/>wen</orig><reg>Frawen</reg></choice>/
    ſondern auch andere WeibesPerſonen/ nach <choice><orig>ge-<lb break="no"/>ſtalten</orig><reg>geſtalten</reg></choice>
 ſachen vnd Gelegenheit/ beneben den jenigen/
   <lb/>denen vnſere andere zur pr<hi rend="antiqua">æ</hi>ſervation verordnete <foreign xml:lang="Latin" rend="antiqua"><choice><orig>Me-<lb break="no"/>dicamenta</orig><reg>Medicamenta</reg></choice></foreign>,
    entweder zu ſtarck/ oder aber wegen
   <lb/>jhres herben geſchmacks nicht ſo gar anmuͤtig.</p>
 <p><note place="right margin">Kuͤchlein deß
    <lb/>erſten Tages.</note>Ob nun zwar vnter andern nuͤtzlichen/ vnd <choice><orig>hie-<lb break="no"/>zu</orig><reg>hiezu</reg></choice>
dienſtlichen pr<hi rend="antiqua">æ</hi>ſervativen/ gar wol kan vnnd mag
    <lb/>der anfang gemacht werden/ von dreyen vnterſchiedenen
     <lb/><hi rend="antiqua">Manus Chriſt</hi>skuͤchlein/ denen ein ſonderlicher <choice><orig>Zu-<lb break="no"/>ſatz</orig><reg>Zuſatz</reg></choice>/
     von Zitwar/ <hi rend="antiqua">Angelica</hi>, vnd <foreign xml:lang="Latin" rend="antiqua">Scordio</foreign>, jetziger
     Zeit Zuſtand nach/ gethan: Oder aber von den <choice><orig>koͤſtli-<lb break="no"/>chen</orig><reg>koͤſtlichen</reg></choice>
Perlenkuͤchlein/ welche gar lieblich zu nemen/ wie
    <lb/>dann auch die ſuͤſſen <foreign xml:lang="Latin" rend="antiqua">Liberantis</foreign>. So ſeynd doch im
    <lb/>Nechſten vor <num>9.</num> Jaren/ ſo wol auch in dieſem jetzigem
    <lb/>ſchwebenden Sterben mit beſonderm nutz gebrauchet
    <lb/>worden/ die Kuͤchlein/ derer <hi rend="antiqua">Deſcription</hi> ich in meinẽ
    <lb/>groſſen auſgegangenẽ Hauſzregiment <abbr>pag.</abbr> <num>23.</num> geſetzt</p>
 <p>Haben derwegen offtgedachte Weibſz-Perſonen
    <lb/>derer zwey oder drey zum wenigſten den erſten Tag
    <lb/>zur Pr<hi rend="antiqua">æ</hi>ſervation wol vnd kuͤnlich zu gebrauchen/ zu
<pb n="4"/>
foͤrderſt/ wann ſie in die Kirchen/ auffn Marckt/ vnd
    <lb/>an andere oͤrter/ da ſie vieles vnd vnterſchiedenẽ Volcks
    <lb/>ſich vermuthen/ gehen wollen/ vnnd jhrer Geſchaͤffte
    <lb/>vnd hauſzhaltung halben das auſzgehen nicht gaͤntzlich
    <lb/>vermeiden koͤnnen. Sollen aber/ ſo wol als auff andere
    <lb/>pr<hi rend="antiqua">æ</hi>ſervativ/ zum aller wenigſten ein bar ſtunden faſtẽ.</p>
 <p><note place="left margin">Saͤffte des <choice><orig>an-<lb break="no"/>dern</orig><reg>andern</reg></choice>
     Tages.</note>So ſeynd vber jetzt erzehlte vnterſchiedene <choice><orig>Kuͤch-<lb break="no"/>lein</orig><reg>Kuͤchlein</reg></choice>/
     welche zu vermeidung boͤſer Lufft/ vnd <choice><orig>Sterck-<lb break="no"/>ung</orig><reg>Sterckung</reg></choice>
     des Hertzens/ beneben den andern beyden <choice><orig>vornem-<lb break="no"/>ſten</orig><reg>vornemſten</reg></choice>
Gliedern/ als Gehirn vnd Leber auch in der <choice><orig>Apo-<lb break="no"/>teck</orig><reg>Apoteck</reg></choice>
     allhier ſtets/ in vnd auſſerhalb gefuͤhrlicher <choice><orig>Leuff-<lb break="no"/>te</orig><reg>Leuffte</reg></choice>/
     koͤſtliche gute Hertzſterckende/ vnnd wider Gifft
    <lb/>ſtreitende Saͤffte/ befindlichen/ derer man entweder
    <lb/>einen vor ſich ſelbſt/ oder einen mit dem andern zugleich
    <lb/>vermiſchet/ zur Pr<hi rend="antiqua">æ</hi>ſervirung woͤchentlich auch nur
    <lb/>einmal/ vnd zwar des andern Tages fruͤe nuͤchtern/ ſo
    <lb/>bald als man auffgeſtanden/ den Mund ſauber vnnd
     <lb/>rein auſzgeſpuͤlet/ vnd ehe man auſzgehet/ wol <choice><orig>gebrau-<lb break="no"/>chen</orig><reg>gebrauchen</reg></choice>
mag/ Als da iſt der beruͤmpte Syrup von
     <lb/>Scordio/ Cardobenedicten/ Meliſſen/ <choice><orig>Cimmet-<lb break="no"/>rinden</orig><reg>Cimmetrinden</reg></choice>/
     Sauerampff/ Citronen/ Pomerantzen/
    <lb/>von Citronenſchalen/ Limonien/ Granaten/ <choice><orig>Quit-<lb break="no"/>ten</orig><reg>Quitten</reg></choice>/
     Johanns vnd Berberis Beerlein/ die zwar alle/
    <lb/>wie jetzt gemeldet/ das Gertz ſonderlich ſtercken/ vnd
     <lb/>dem Giffte kraͤfftig widerſtreben. Dieweil aber <choice><orig>ſol-<lb break="no"/>che</orig><reg>ſolche</reg></choice>
     wegen vngleichs Temperaments/ auch nicht <choice><orig>glei-<pb break="no" n="5"/>chen</orig><reg>gleichen</reg></choice>
Geſchmacks/ in dem einer herber vnnd bitterer
     <lb/>als der ander/ nicht allen Perſonen gleich <choice><orig>anmuͤ-<lb break="no"/>tig</orig><reg>anmuͤtig</reg></choice>.
     So wollen ſie doch vnter dem jetzt <choice><orig>new-<lb break="no"/>lich</orig><reg>newlich</reg></choice>
     erzehlten Saͤffte/ den Zimmet/ <choice><orig>Neclkenblu-<lb break="no"/>men</orig><reg>Neclkenblumen</reg></choice>/
     Citronen/ Limonien/ Granat/ vnnd <choice><orig>Ber-<lb break="no"/>beris</orig><reg>Berberis</reg></choice>
     Beerleinſafft/ nicht allein wegen jhrer <choice><orig>ſonderli-<lb break="no"/>chen</orig><reg>ſonderlichen</reg></choice>
Krafft vnd Tugent/ die ſie beyde der Mutter/ vnd
    <lb/>der zarten Leibesfrucht zu gleich wircklichen pr<hi rend="antiqua">æ</hi>ſtiren
    <lb/>koͤnnen/ ſondern auch zu gebrauchen/ gar anmuͤtig
    <lb/>vnd lieblich ſind/ jhnen zum trewlichſten laſſen <choice><orig>befoh-<lb break="no"/>len</orig><reg>befohlen</reg></choice>
ſeyn. Vnd wie oben gemeldet/ deren entweder
    <lb/>nur einen an ſich ſelbſt/ oder mit der andern inem <choice><orig>o-<lb break="no"/>der</orig><reg>oder</reg></choice>
mehr vermiſchet/ ein bar Loͤffel voll gebrauchen.</p>
 <p><note place="right margin">Morſellen deß
     dritten Tages.</note>Des dritten Tages nehmen ſie derer von mir <choice><orig>ſon-<lb break="no"/>derlich</orig><reg>ſonderlich</reg></choice>
hierzu verordenten Morſellen/ vnnd faſten <choice><orig>ebe-<lb break="no"/>ner</orig><reg>ebener</reg></choice>
     maſſen darauff zum aller wenigſten ein par <choice><orig>ſtun-<lb break="no"/>den</orig><reg>ſtunden</reg></choice>/
     nach dem ſie früe nuͤchtern derer eine/ oder ein <choice><orig>hal-<lb break="no"/>be</orig><reg>halbe</reg></choice>
genoſſen. Seynd nicht allein/ wie die <foreign xml:lang="Latin" rend="antiqua">ingredientia</foreign>
     <lb/>bezeugen/ zu abewendung vnd widerſtrebung des <choice><orig>Giff-<lb break="no"/>tes</orig><reg>Gifftes</reg></choice>/
     ſondern auch zu Sterckung vnd Erhaltung <choice><orig>der<lb break="yes"/>Frucht</orig><reg>der Frucht</reg></choice>
     im Mutterleibe fuͤrnemlich dirigirt vnnd <choice><orig>ge-<lb break="no"/>richtet</orig><reg>gerichtet</reg></choice>.
     Leſſet jhm aber jemandts wegen jhres <choice><orig>lieb-<lb break="no"/>lichen</orig><reg>lieblichen</reg></choice>
geſchmacks mehr belieben die Citron Morſellen/
     <lb/>ſo moͤgen ſie eine oder gleich zwo der ſelben fruͤe <choice><orig>nuͤch-<lb break="no"/>tern</orig><reg>nuͤchtern</reg></choice>
gebrauchen/ dann ſie nicht allein das hertz ſterckẽ/
    <lb/>ſondern auch vor boͤſe lufft/ ehe man auſz gehet/ zu <choice><orig>ge-<pb break="no" n="6"/>brauchen</orig><reg>gebrauchen</reg></choice>
     gar ſehr bequehm vnd dienſtlich ſeynd/ zu <choice><orig>foͤr-<lb break="no"/>derſt</orig><reg>foͤrderſt</reg></choice>
denen/ ſo vor andern Pr<hi rend="antiqua">æ</hi>ſervativen gleichſam <choice><orig>ei-<lb break="no"/>ne</orig><reg>eine</reg></choice>
 eckel haben/ vnd jhnen zu wieder ſeyn.</p>
 <p><note place="left margin">Eingemachte
    <lb/>ſachen deſt <choice><orig>vier-<lb break="no"/>den</orig><reg>vierden</reg></choice>
     Tages.</note>So ſchadet derowegen auch gar nicht/ daſz ſie <choice><orig>woͤ-<lb break="no"/>chentlich</orig><reg>woͤchentlich</reg></choice>
zum wenigſten ein mahl ſich an die <choice><orig>einge-<lb break="no"/>machten</orig><reg>eingemachten</reg></choice>
ſachen halten/ als da ſeynd an fruͤchten/ gantze
    <lb/>an ſich ſelbſt eingemachte Citronen/ Pomerantzen/
    <lb/>Limonien/ wie dann derſelben bluͤete vnnd ſchalen/
    <lb/>Quitten/ welſche/ wie dann auch Muſzcatennuͤſſe/
    <lb/>ſo zu vns auſz <hi rend="antiqua">India</hi> alſo koͤſtlich eingemacht gebracht
     <lb/>werden. So wohl alſo die <foreign xml:lang="Latin" rend="antiqua">Myrobalani</foreign>, derer <choice><orig>fuͤnff-<lb break="no"/>erley</orig><reg>fuͤnfferley</reg></choice>
vnterſchiedenene art/ eigenſchafft/ vnd wirckung
    <lb/>die Materialiſten zufuͤhren pflegen. Deſzgleichen
    <lb/>eingemacht huͤndleufft wurtzel/ Alant/ Bibenell/
    <lb/>Zitwar/ vnd Scorzonera/ die fuͤr andern jetziger zeit
    <lb/>ſehr geruͤhmet vnd hochgehalten wird. In welchen
    <lb/>ſtuͤcken ein jedere jhrer gelegenheit nach die wahl <choice><orig>ha-<lb break="no"/>ben</orig><reg>haben</reg></choice>
     kan/ vnnd derer entweder auch nur eins/ oder <choice><orig>die-<lb break="no"/>ſelbe</orig><reg>dieſelbe</reg></choice>
auch wechſels weiſe/ ſo der Natur am fuͤglichſten
    <lb/>vnd anmuͤhtigſten fruͤe nuͤchtern/ ehe ſie auſgehet/ vnd
    <lb/>an die lufft ſich begeben wil/ des vierden Tages/ ſo viel
    <lb/>als jhr geliebet/ eſſen/ vnd darauff nichts mindern/ als
    <lb/>auff andere fruͤe zu ſich genom̃ene Pr<hi rend="antiqua">æ</hi>ſervativ ein par
    <lb/>ſtunden andere ſpeiſe zu ſich zunemen/ enthalten/ <choice><orig>da-<lb break="no"/>mit</orig><reg>damit</reg></choice>
nit auſz vormiſchung derſelben/ jhnen die kraͤffte
    <lb/>geſchwaͤchet/ oder wol gaͤntzlichen entzogen werden/
<pb n="7"/>
dardurch nachmals die vorgeſetzte vnd verhoffete <choice><orig>wir-<lb break="no"/>ckung</orig><reg>wirckung</reg></choice>
wol gar zu entſtehen pfleget.</p>
<p><note place="right margin">Latwergen vnd
   <lb/>Conſeruen des
   <lb/>fuͤnfften Tags.</note>Zu Pr<hi rend="antiqua">æ</hi>ſervirung deſz fuͤnfften Tags aber/ <choice><orig>we-<lb break="no"/>re</orig><reg>were</reg></choice>
    zwar nichts fuͤglichers vnd nuͤtzlichers/ als die <choice><orig>Lat-<lb break="no"/>werge</orig><reg>Latwerge</reg></choice>/
    ſo jetze ſtetes wol zu gericht in der Apotecken <choice><orig>ge-<lb break="no"/>halten</orig><reg>gehalten</reg></choice>/
    vnd <foreign xml:lang="Latin" rend="antiqua">Diaſcordium</foreign> genennet wird. Wie dann
    <lb/>zum oͤfftern in Weibesperſonen nicht allein zur <choice><orig>Pr<hi rend="antiqua">æ</hi>-<lb break="no"/>ſervirung</orig><reg>Pr<hi rend="antiqua">æ</hi>ſervirung</reg></choice>
    derer effect erſprieſzlich ſich erzeiget/ <choice><orig>Son-<lb break="no"/>dern</orig><reg>Sondern</reg></choice>
Schwangern/ ſo faſt gar auff der zeit/ wann ſie
    <lb/>mit der Peſt befallen/ vnd inficirt geweſen/ mit <choice><orig>groſ-<lb break="no"/>ſem</orig><reg>groſſem</reg></choice>
nutz/ zu abtreibung des Giffts/ ich ein quintlein
    <lb/>mit vier loth Sauerampff Safft/ einem loth <choice><orig>Citro-<lb break="no"/>nen</orig><reg>Citronen</reg></choice>
ſafft/ zwey loth eſſig/ ſampt einem par Scrupel
    <lb/>des Pulvers/ ſo man in der Apoteck <foreign xml:lang="Latin" rend="antiqua">Species <choice><orig>Cordia-<lb break="no"/>lis</orig><reg>Cordialis</reg></choice>
de Gemmis</foreign> nennet/ vermiſchet. Wie dann auch
    <lb/>ſonſten der gleichen zweyer anderer vornehmer <choice><orig>Electu-<lb break="no"/>arien</orig><reg>Electuarien</reg></choice>
Beſchreibungen vor ſchwangere Weibesperſonen/
   <lb/>in die Apoteck vbergeben/ derer man zu fuͤrfallender
    <lb/>noth bald habhafftig ſeyn kan. Dieweil aber <choice><orig>dieſelbi-<lb break="no"/>gen</orig><reg>dieſelbigen</reg></choice>/
    ſo wol als obgedachtes <foreign xml:lang="Latin" rend="antiqua">Diaſcordium</foreign> etwas <choice><orig>her-<lb break="no"/>be</orig><reg>herbe</reg></choice>
    einzunemen/ mag man zur pr<hi rend="antiqua">æ</hi>ſervirung des <choice><orig>fuͤnff-<lb break="no"/>ten</orig><reg>fuͤnfften</reg></choice>
    Tags/ an derer Stadt bleiben/ bey den <choice><orig>eingemach-<lb break="no"/>ten</orig><reg>eingemachten</reg></choice>
 Vorragen/ Zu gloſſen oder Ochſenzung/ deſz <choice><orig>klei-<lb break="no"/>nen</orig><reg>kleinen</reg></choice>
    vnd groſſen Sauerampffs/ Violen/ <choice><orig>Nelcken-<lb break="no"/>blumen</orig><reg>Nelckenblumen</reg></choice>/
    Peonien Vetonien/ Roſzmarien/ Rauten/
<pb n="8"/>
Meliſſen/ Alant vnd Scordionzucker/ welche alle/
    <lb/>dieweil ſie nicht allein dem hertzen vnd andern <choice><orig>fürneh-<lb break="no"/>men</orig><reg>fürnehmen</reg></choice>
Gliedern/ zu gleich ſterckung geben/ ſondern
    <lb/>auch zur abtreibung des giffts ſehr dienſtlichen/ <choice><orig>etzli-<lb break="no"/>che</orig><reg>etzliche</reg></choice>
 fuͤr ſich ſelbſt allein/ oder mit vermiſchung der <choice><orig>an-<lb break="no"/>dern</orig><reg>andern</reg></choice>/
    wie oben mit den ſaͤfften bey Pr<hi rend="antiqua">æ</hi>ſervirung deſz
   <lb/>andern tages meldung geſchehen/ ehe vnd zuuor man
   <lb/>auſzgehet/ vnd an die lufft vnter die leute ſich begeben
   <lb/>wil/ einer Caſtanien oder welſchennuſz gros zu ſich
   <lb/>nehmen.</p>
    <p><note place="left margin">Puluer des <choice><orig>ſech-<lb break="no"/>ſten</orig><reg>ſechſten</reg></choice>
 Tags.</note>Den ſechſten tag/ mag es letzlich bewenden/ bey den
    <lb/>verordenten Puluer eins/ ſo ſchwangern Weibern
    <lb/>vnd andern/ denen ſtarcke treibende Artzneyen nicht
    <lb/>rahtſam/ wann ſie deſſen fruͤe morgens/ gleich den <choice><orig>an-<lb break="no"/>dern</orig><reg>andern</reg></choice>
    ſich biſzhero gebrauchten Pr<hi rend="antiqua">æ</hi>ſervativen/ ſo viel
    <lb/>man auff einer Meſſerſpitzen faſſen vnd behalten kan/
    <lb/>mit einen Biſſen geroͤſteten Brod/ zuuor mit einem
    <lb/>gutem Reiniſchen weine wol beſprenget/ einnehmen/
    <lb/>vnd ſich mit enthaltung der ſpeiſe allenthalben darauff
    <lb/>verhalten/ wie faſt bey jedem tage/ auch zum vberflus
    <lb/>erinnert worden.</p>
    <p>Aber ſolche Vorſorge mit taͤglicher fleiſſiger <choice><orig>ab-<lb break="no"/>wechſlung</orig><reg>abwechſlung</reg></choice>
        biſhero angezeigter nuͤtzlicher <choice><orig>Pr<hi rend="antiqua">æ</hi>ſervati-<lb break="no"/>ven</orig><reg>Pr<hi rend="antiqua">æ</hi>ſervativen</reg></choice>/
        damit die Natur derſelben eines nicht ſo gar <choice><orig>ge-<lb break="no"/>wohne</orig><reg>gewohne</reg></choice>/
        vnnd mehr fuͤr eine ſpeiſe vnd Nahrung/ als
    <lb/>eine artzney annehme/ ſollen ſchwangere/ Weiber auch
<pb n="9"/>
ſonſten guter ordnung vnd meſſigkeit in allen dingen/
        <lb/>ſo zu erhaltung dieſes zeitlichen lebens/ vnd guter <choice><orig>ge-<lb break="no"/>ſundheit</orig><reg>geſundheit</reg></choice>
gehoͤrig/ ſich bevleiſſigen.</p>
 <p><note n="1" place="right margin"><label rend="antiqua">I.</label>
     <lb/>Von <choice><orig>reinigun-<lb break="no"/>gen</orig><reg>reinigungen</reg></choice>
 der lufft.</note>Vnd zwar Vors erſte/ ſauberer/ reiner vnd wol
    <lb/>temperiter Lufft/ die ſie ohn vnterlas an ſich ziehen/
     <lb/>nicht allein jhrer eignen Perſonen halben ſelbſt/ <choice><orig>ſon-<lb break="no"/>dern</orig><reg>ſondern</reg></choice>
auch wegen der frucht/ die ſie vnter jhren hertzen
    <lb/>verſchloſſen tragen/ welche durch die beyde Lufftadern
    <lb/>jhre lebendige krafft/ nichts minder/ als die Nahrung
     <lb/>des andern gebluͤts/ durch die beyde blutadern/ ſo <choice><orig>ſambt-<lb break="no"/>lich</orig><reg>ſambtlich</reg></choice>
     vnd zu gleich die Nabelſchnur machen vnd <choice rend="antiqua"><orig>conſti-<lb break="no"/>tuiren</orig><reg>conſtituiren</reg></choice>, 
     von der Mutter an ſich ziehen/ vnd alſo damit
    <lb/>beym leben vnd krafft/ ſo lange ſie in Mutterleib/ bis
    <lb/>zur rechter Geburtszeit erhalten/ zugetragen wird.
    <lb/>Dahero dann ſchwangere Frawen ſelbſt vernuͤnfftig
     <lb/>ſchlieſſen koͤnnen/ warumb jhnen die Puluer/ <choice><orig>küch-<lb break="no"/>lein</orig><reg>küchlein</reg></choice>/
     Kertzlein/ Saͤcklein/ ſo zum riechen vnnd <choice><orig>reu-<lb break="no"/>chern</orig><reg>reuchern</reg></choice>
in wol beſtelten Apotecken angeordnet/ ſo wohl
    <lb/>als andern ſtarcken/ ſcharffen/ hitzigen geruchs ſie ſich
    <lb/>gaͤntzlich zu euſſern haben/ in vnnd auſſerhalb der zeit/
    <lb/>da ſie ſchwanger/ damit nicht von denſelbigen das haͤupt
    <lb/>jhnen gefuͤllet/ vnd daraus zu vielen hefftigen nieſen
     <lb/>vervrſachet werden/ welches dann den leib ſehr <choice><orig>bewe-<lb break="no"/>get</orig><reg>beweget</reg></choice>/
     vnd gnugſame vrſach iſt/ daſs die Frucht/ wo nicht
     <lb/>die Nachgeburt gar/ doch zum wenigſten die <choice><orig>Bind-<lb break="no"/>adern</orig><reg>Bindadern</reg></choice>
leichtlich entzwey reiſſen kan/ zufoͤrderſt in den
<pb n="10"/>
erſten vnnd letzten dreyen Monden. Dahero dann auch
     <lb/>in gefaͤhrlichen vnd anſtehen den Kindeſnoͤten nicht <choice><orig>vn-<lb break="no"/>billich</orig><reg>vnbillich</reg></choice>/
     vnd in ſonderheit das nieſen man zubefoͤdern
    <lb/>pfleget. Iſt derowegen zu reinigung der vnſaubern
     <lb/>lufft zu dieſer zeit/ ſchwangern Frawen/ faſt nicht <choice><orig>be-<lb break="no"/>quemers</orig><reg>bequemers</reg></choice>/
     nuͤtzlichers vnd zutraͤglichers/ als daſs ſie an
    <lb/>ſtadt anders Raͤuchwercks in den gemachen/ darinnen
     <lb/>ſie ſich meiſten theils auff halten/ vnd taͤglich zu <choice><orig>ſchaf-<lb break="no"/>fen</orig><reg>ſchaffen</reg></choice>
haben/ entweder eines hellen vnd reinen flammen
     <lb/>feuers/ welches gar bald verzehret/ zertheilet/ vnd <choice><orig>auſ-<lb break="no"/>tilget</orig><reg>auſtilget</reg></choice>
     allerley vnſauberkeit vnd duͤnſte/ nur von <choice><orig>Eiche-<lb break="no"/>nem</orig><reg>Eichenem</reg></choice>/
     oder ſonſt andern truckenem holtz/ doch maͤſſig/
    <lb/>ſich gebrauchen: oder hin vnd her/ oben in die gemach/
    <lb/>vngeleſchten Kalck ſetzen/ wie dann auch ſehr heiſſe <choice><orig>zie-<lb break="no"/>gel</orig><reg>ziegel</reg></choice>/
     oder vielmehr Kieſelſtein mit weineſſig wohl <choice><orig>be-<lb break="no"/>ſprenget</orig><reg>beſprenget</reg></choice>
hierzu nicht vndienſtlichen. Dargegen aber
    <lb/>jhnen ſo wol der frucht faſt nichts ſchaͤdlichers ſeyn
     <lb/>kan vnd mag/ als der vbele ſtinckende geruch von <choice><orig>auſ-<lb break="no"/>geleſchten</orig><reg>auſgeleſchten</reg></choice>
Inſelt liechten/ vnnd derſelbe vngeleſchte
    <lb/>ſchnauppen/ ſo wohl der dampff von Lampen/ <choice><orig>darin-<lb break="no"/>nen</orig><reg>darinnen</reg></choice>
     allerley alt fettes vnnd garſtig von andern <choice><orig>leuch-<lb break="no"/>tern</orig><reg>leuchtern</reg></choice>
zuſammen geſchmeltzt Inſelt gebrand wird/
    <lb/>auch der geſtanck ſo aus vnſauberkeit der Soͤſsſteine
    <lb/>vnd Spühlgelten/ Nachtſchirbeln/ darinne der vrin
    <lb/>lange verhalten worden/ heimlich Gemach/ hanff vnd
    <lb/>flachs roͤſten/ Huͤner/ Gaͤnſe vnnd ſaͤwſtaͤlle/ geblüete
<pb n="11"/>
     von abgeſchnittenẽ Taubẽ/ Huͤñer/ Gaͤnſen vñ <choice><orig>derglei-<lb break="no"/>chen</orig><reg>dergleichen</reg></choice>
Federviehe entſtehet. Derowegen dañ nicht allein
    <lb/>vnd beſonders in gefaͤhrlichen leufften/ ſondern auch zu
     <lb/>andern zeiten Schwangere Perſonen/ denen jhre <choice><orig>Ge-<lb break="no"/>ſundheit</orig><reg>Geſundheit</reg></choice>
     Lieb/ auch einer friſchen geſunden <choice><orig>Leibes-<lb break="no"/>frucht</orig><reg>Leibesfrucht</reg></choice>
ſich getroͤſten/ nicht allein des Liecht ziehens/
    <lb/>vnnd was demſelben oben anhaͤngig gemacht/ ſondern
    <lb/>auch die andern jetzo erwehnten vngelegenheiten/ ſo
    <lb/>man zwar nicht gar entrathen/ doch aber gar wol zu
    <lb/>aͤndern ſeyn/ abſchaffen/ vnd die nothwendige <choice><orig>Anord-<lb break="no"/>nung</orig><reg>Anordnung</reg></choice>
thun/ daſz von dem geſinde die Soſsſteine taͤglich
    <lb/>mit reinem Waſſer fleiſſig auſgegoſſen/ in den Gelten
    <lb/>des Nachts vber/ in Nachtſchirbeln aber rein Waſſer
    <lb/>gehalten werde des Tages vber. In die heimliche
    <lb/>Gemach vngeleſchter Kalch geſchuͤttet/ Hünnerhaͤuſer.
    <lb/>Gaͤns vnd Saͤwſtaͤlle woͤchentlich gereiniget werden.
    <lb/>Vnd dann das Gebluͤt von abgeſchnittenen Huͤñern
    <lb/>auch mit reinem Waſſer als bald/ vnd ehe er gelieffert
    <lb/>vnd eintrucknet/ abgieſſen/ auch darnach ſauber vnnd
    <lb/>rein aufftruͤcknen laſſen/ <abbr>etc.</abbr></p>
<p>An ſtadt der Biſemknoͤpffe/ vnd andern ſtarcken
   <lb/>Riechſaͤcklein/ moͤgen ſie in oͤffentlichem auſgehen/
   <lb/>vnter das Volck/ in Haͤnden tragen/ Wermut/ <choice><orig>Rau-<lb break="no"/>te</orig><reg>Raute</reg></choice>/
    Bertram/ Peterſilgen/ wie dann auch <choice><orig>Bi-<lb break="no"/>bergeil</orig><reg>Bibergeil</reg></choice>/
    beſonders die jenigen/ denen <choice><orig>beſchwerun-<lb break="no"/>gen</orig><reg>beſchwerungen</reg></choice>
 wegen der Mutter/ teglichen zuhenget.</p>
 <pb n="11 [12]"/>
 <p>Zu bewaren aber wieder gifft die eſſuerlichen <choice><orig>glie-<lb break="no"/>der</orig><reg>glieder</reg></choice>/
     moͤgen ſie das Angeſicht/ die Haͤnde/ Puls/ Hertz
     <lb/>vnd Naſen beſtreichen/ mit den bittern ſchlagkwaſſer/
     <lb/>ſowegen der Mutter/ vnter allen <hi rend="antiqua">Medicamenten</hi>/
     <lb/>ſo euſſerlichen koͤnnen oder moͤgen gebraucht werden/
     <lb/>am bequembſten vnd zutreglichſten iſt.</p>
 <p><note n="2" place="left margin"><label rend="antiqua">II.
 </label><lb/>Eſſen vnd <choice><orig>Trin-<lb break="no"/>cken</orig><reg>Trincken</reg></choice>.</note>Neben ſolcher guter/ reiner vnd wol temperirter
     <lb/>lufft/ ſollen ſich obgedachte Perſonen/ Vors ander
     <lb/>auch einer guter vnd bequemen Di<hi rend="antiqua">æ</hi>t befleiſſigen/ vnd
     <lb/>in derſelben fuͤrnemlich ſich huͤten/ vor groſſem vnnd
     <lb/>langwehrendem hunger/ dahero die fruͤcht in <choice><orig>mang-<lb break="no"/>lung</orig><reg>manglung</reg></choice>
gutes gebluͤets jhre gebuͤhrliche nottuͤrfftige <choice><orig>Nah-<lb break="no"/>rung</orig><reg>Nahrung</reg></choice>
entzogen/ vnd entweder wo nicht gar ſtirbet/ doch
     <lb/>zum wenigſten vnruhſam gemachet wird/ vnnd alſo
     <lb/>durch jhr zappeln vnd vnnatuͤrliches bewegen die <choice><orig>Nach-<lb break="no"/>geburt</orig><reg>Nachgeburt</reg></choice>
vnd bande dann gar leichtlich zerreiſſen kan. Ob
     <lb/>aber die frucht an ſolcher natuͤrlicher Nahrung mangel
     <lb/>leide/ erkennet man eigentlich daher/ wann ohn alle
     <lb/>einige vorhergehende vrſache die Bruͤſte klein vñ weich
     <lb/>werden. Seynd ſie aber ſehr gros vnd die Milch fleuſt
     <lb/>aus denſelben/ auch ohn alle vorgehende vrſach/ ſo iſts
     <lb/>eine gewiſſe anzeigung/ das zwar des gebluͤets vbrig <choice><orig>ge-<lb break="no"/>nug</orig><reg>genug</reg></choice>
     vorhanden ſey/ doch aber die frucht ſchwach/ vnnd
     <lb/>nicht wol narung zu ſich ziehen kan. Wie aber in dieſen
     <lb/>fall/ vnleidlicher/ ſchaͤdlicher hunger/ alſo auch dagegen
     <lb/>alle vberfluͤſſigkeit/ da die frucht leichtlich erſticken
<pb n="12 [13]"/>
kan/ zumeiden iſt. Derowegen dann alhier auch gute
     <lb/>ordnung vnd beſchneidenheit ſehr von noͤten. Vnd die
     <lb/>koſt zwar belangend/ kan ein ſchwanger Perſon/ des <choice><orig>ta-<lb break="no"/>ges</orig><reg>tages</reg></choice>
     vber an zwo Malzeiten/ doch zu rechter vnd <choice><orig>gewoͤn-<lb break="no"/>licher</orig><reg>gewoͤnlicher</reg></choice>
     zeit wol begnuͤget ſeyn/ das eſſen aber <choice><orig>verglei-<lb break="no"/>che</orig><reg>vergleiche</reg></choice>
ſich faſt einer Sechswoͤcherin koſt in der 2. oder drey
     <lb/>Gerichte begrieffen. Wie nun aber in ſolcher koſt alles
     <lb/>zuvormeiden/ was ſehr hefftig treibet vnd oͤffnet/ als
     <lb/>ſeyn Knobloch/ Zwibeln/ Mehrretigk/ Peterſilien
     <lb/>wurtzel/ wie dañ auch Pfeffer/ Ingwer/ Galgand/
     <lb/>Zimmetrinden/ viel Saffran/ vnnd was der gleichen
     <lb/>ſcharff vnd hitzig gewürtz mehr kan vnd mag in ſpeiſe
     <lb/>vorkommen/ Alſo auch was ſehr grob/ zehe vnd <choice><orig>ſchlei-<lb break="no"/>mig</orig><reg>ſchleimig</reg></choice>
iſt/ als gedoͤrret fleiſch vnd fiſche/ Ochſen vnd kalbs
     <lb/>fuͤſſe/ Kaldaunen/ flecke/ ſo wol alles was in pfannen
     <lb/>geroͤſtet vnd gebacken wird/ vnnd wie das mehr mag
     <lb/>Namen haben. Dañ ſolche vndauliche koſt nicht allein
     <lb/>den vntern leib/ ſondern auch die Adern allenthalben
     <lb/>im leibe ſehr verſtopffet vnd ſchleuſt/ vnd vrſach giebet/
     <lb/>daſs die bewegliche krafft aus dem haͤupt/ die lebendige
     <lb/>aus dem hertzen/ die natuͤrliche aus der leber nicht
     <lb/>vollkoͤmlich kan der frucht vnd Mutter zukommen.
     <lb/>Aus welchen maͤngeln nachmals das kind offt ſehr <choice><orig>ge-<lb break="no"/>ſchwaͤchet</orig><reg>geſchwaͤchet</reg></choice>/
     vnd auch wol gar druͤber ſterben mus/ nicht
     <lb/>anders als wie die Baͤwme/ kreuͤter vnd allerley <choice><orig>Er-<lb break="no"/>dengewaͤchs</orig><reg>Erdengewaͤchs</reg></choice>/
     offtmals auch alle krafft vnnd ſafft/
<pb n="14"/>
weben vnd leben verlieren/ wann ſie nicht den lieben vnd
     <lb/>anmuͤtigen Sonnenſchein/ ſambt des andern geſtirnes
     <lb/>Influentz haben koͤnnen/ darinnen die rechte vnd <choice><orig>ge-<lb break="no"/>waltige</orig><reg>gewaltige</reg></choice>
krafft zu wachſen vnd fruchtbar zu ſeyn/ <choice><orig>zu-<lb break="no"/>bringen</orig><reg>zubringen</reg></choice>.
     Vnd eben aus jetzt angezogenem <choice><orig>Funda-<lb break="no"/>ment</orig><reg>Fundament</reg></choice>/
     ſind gleicher weiſe alle truͤbe/ dicke Getraͤncke/
     <lb/>als Malvaſier/ Baſtart/ Moſt/ Alacant/ Reinfall
     <lb/>vnd dergleichen ſehr ſchaͤdlichen. Bleiben derowegen
     <lb/>billich bey einem wolgebrauen vn gefaͤlſchten lauteren
     <lb/>klaren bier/ vnnd zu weilens einen trunck reinen
     <lb/>vnd guten Reiniſchen weins/ doch aber nicht ſehr offt
     <lb/>vnd viel/ ſondern allein vber gewoͤhnlicher Mahlzeit/
     <lb/>auch nicht/ ehe man habe dann zuuor wol geſſen/ vnnd
     <lb/>ein gut fundament geleget/ damit die <foreign xml:lang="Latin" rend="antiqua">acetabula</foreign> nit
     <lb/>ſich vbermeſſig vnd zu ſehr erfeuchten/ vnd vnzeitigen
     <lb/>ab oder entzweyreiſſen verurſachen. Dann gar gewis/
     <lb/>wann eine ſchwangere Perſon/ welche zum theil wol
     <lb/>bey leib vnd geſund iſt/ doch aber den andern vnd drittẽ
     <lb/>Monden ohn erkentliche vrſach Miſzgeburt/ iſt ein <choice><orig>ge-<lb break="no"/>wiſſes</orig><reg>gewiſſes</reg></choice>
     zeugen/ das jhr mehr gedachte hand voller <choice><orig>feuch-<lb break="no"/>tigkeit</orig><reg>feuchtigkeit</reg></choice>
geweſen/ alſo daſs ſie durch ſchwere die frucht
     <lb/>nicht hett mehr vnd laͤnger halten koͤnnen/ ſondern die
     <lb/><foreign xml:lang="Latin" rend="antiqua">acetabula</foreign> in jhrem leibe abgeriſſen ſeyn.</p>
<p><note n="3" place="left margin"><label rend="antiqua">III.</label>
    <lb/>Von der Leibes
    <lb/>bewegungen.</note>Nachmals vnd Vors dritte haben ſchwangere
    <lb/>Perſonen in vnd auſſerhalb gefehrlicher zeit/ ſich auch
    <lb/>fleiſſig zu huͤten vor aller groſſer hefftiger/ gehlingen
<pb n="15"/>
leibes bewegung/ als da iſt/ viel vnnd eilendes gehen/
    <lb/>geſchwinde fahren/ auff ſchuttrichten wagen vnd <choice><orig>kurtzſ-<lb break="no"/>chen</orig><reg>kurtzſchen</reg></choice>/
    gehlinges ſteigen/ ſonderlich berge auff vnd abe/
    <lb/>hier zu auch gehoͤret das vnvorſehene gleiten der fuͤſſe/
    <lb/>hart vnd vbel fallen/ ſtarck vnd viel nieſen/ hartes vnnd
    <lb/>ſchweres huſten/ ſtarckes/ lautes ſchreiens vnd ruffens/
    <lb/>dann ſolche ding alle den leib ſehr bewegen/ vnd gar <choice><orig>ge-<lb break="no"/>nungſame</orig><reg>genungſame</reg></choice>
vrſach alleine ſeyn koͤnnen/ daſs die frucht die
    <lb/>bande leichtlichen zureiſſen/ vnd vor beſtimpter zeit die
    <lb/>frucht durchbrechen vnd abgehen kan. Wie dann auch
    <lb/>ſchwangern faſt nichts ſchaͤdlichers kan vnd ſeyn mag/
    <lb/>als das vnbeſcheiden vordrehen vnd durchkriechen vnter
    <lb/>den armen am Tantz/ ſo wol auch das hindertruͤck vnd
    <lb/>vberſich etwas zu reichen/ in die hoͤhe greiffen/ es <choice><orig>ge-<lb break="no"/>ſchehe</orig><reg>geſchehe</reg></choice>
 gleich ſitzend oder ſtehende/ dann ſolch vnnd <choice><orig>der-<lb break="no"/>gleichen</orig><reg>dergleichen</reg></choice>
    ſpannen vnd drehen geſchicht mit groſſer <choice><orig>tref-<lb break="no"/>licher</orig><reg>treflicher</reg></choice>
gefahr vnd nachtheil der feucht/ zu foͤrderſt in den
    <lb/>erſten vnd letzten dreyen Monden. Dann in den erſten
    <lb/>dreyen ſind die <foreign xml:lang="Latin" rend="antiqua">acetabula</foreign> noch gar ſchwach/ zart vnd
    <lb/>ſubtil aͤderlein/ welche ſich artig den kleineſten/ aller
    <lb/>duͤnneſten ſeidenen faͤdelein vorgleichen/ die gar leicht
    <lb/>zerreiſſen/ oder zum wenigſten verletzet werden <choice><orig>koͤn-<lb break="no"/>nen</orig><reg>koͤnnen</reg></choice>/
    dadurch nachmals gebluͤt/ Nahrung vnd krafft
    <lb/>beyde der Mutter vnd frucht entgehet/ vnnd leichtlich
    <lb/>eins vom andern mag geloͤſet vnd geſchieden werden/
    <lb/>noch ehe vnd zuuor die zeit der natuͤrlichen geburt ſich
<pb n="16"/>
nahet vnd vorhanden/ in den letzten dreyen Monden
    <lb/>aber iſt vbermaͤſſiges bewegen auch ſehr ſchaͤdlich vnnd
    <lb/>gefehrlich/ darumb daſs die frucht nunmehr faſt reiff/
    <lb/>ſchwer/ gros vnd ſtarck worden/ daher ſie dann <choice><orig>aber-<lb break="no"/>mal</orig><reg>abermal</reg></choice>
 leichtlich kan vnd mag abreiſſen/ vnd zeitlicher <choice><orig>ab-<lb break="no"/>gehen</orig><reg>abgehen</reg></choice>/
    welches alles in den mittel Monden nicht ſo
    <lb/>leichtlich geſchehen kan/ dieweil die frucht das leben nit
    <lb/>allein hat/ ſondern an groͤſſe vnnd ſtaͤrcke/ ſo wol die
    <lb/>bindadern mehr vnnd ſchwerer zutragen haben/ vnnd
    <lb/>dardurch mercklich geſchwaͤchet werden/ ſonderlich
    <lb/>je mehr ſich die zeit der natuͤrlichen geburt herzu nahet.
    <lb/>Daher dann das gantze werck nicht vnbillich von <choice><orig>ver-<lb break="no"/>nuͤnfftigen</orig><reg>vernuͤnfftigen</reg></choice>
aͤrtzten mit andern natuͤrlichen/ ſonderlich
    <lb/>mit baum gewaͤchſen/ als Apffel/ Birn/ Kirſchen vnnd
    <lb/>anderm obſt verglichen wird. Wel lẽ<unclear>a</unclear>uch die groͤſte <choice><orig>ge-<lb break="no"/>fahr</orig><reg>gefahr</reg></choice>
vnd ſchaden in der erſten vnd letzten zeit zuſtehen/
    <lb/>dann weil ſolch gewaͤchs noch bluͤehet vnnd ſehr jung/
    <lb/>mag jhm gar leicht ein harte lufft vnnd ſtarcker wind
    <lb/>ſchaden thuen/ ſo wol wann ſie nunmehr reiff/ gros
    <lb/>vnnd ſchwer worden/ mag jhnen abermal gar <choice><orig>leicht-<lb break="no"/>lich</orig><reg>leichtlich</reg></choice>
ein ſchaden zugefuͤget vnnd vrſach gegeben werden/
    <lb/>das ſie auch vor rechter zeit abfallen muͤſſen. Dann ob
    <lb/>wol/ wie bald im Eingang gemeldet/ nur in alles
    <lb/>vier roͤhrlein die Nabel ſchnur <hi rend="antiqua">conſtituirn</hi>/ ſo ſeynd
    <lb/>doch anfaͤnglich der empfaͤngnis derſelben kleinen <choice><orig>aͤ-<lb break="no"/>derlein</orig><reg>aͤderlein</reg></choice>
weie mehr/ vnd faſt jrer zartheit vnd ſubtilheit
<pb n="17"/>
wegen vnbegreifflich vnd vnzehlich/ welche nachmalſz
    <lb/>taͤglichen nicht allein fuͤr ſich ſelbſt ſtaͤrcker vnd groͤſſer/
    <lb/>ſondern auch von tage zu tage weniger werden/ biſz ſie
    <lb/>endlich in die offtgedachte/ zwo Blut/ vnd zwo <choice><orig>Lufft-<lb break="no"/>adern</orig><reg>Lufftadern</reg></choice>
ſich erſpriſſen/ die nachmals dermaſſen wachſen
    <lb/>vnd zunehmen/ das auch aus denſelben vier adern <choice><orig>letz-<lb break="no"/>lich</orig><reg>letzlich</reg></choice>
nur ein <foreign xml:lang="Latin" rend="antiqua">Corpus</foreign> wird/ doch aber mit vier roͤhrlein
    <lb/>vnterſchiedlich fuͤrnemlich zu dieſem nutz/ damit die
    <lb/>frucht jhre lebendige krafft in dem ſubtilſten <choice><orig>Hertzge-<lb break="no"/>bluͤt</orig><reg>Hertzgebluͤt</reg></choice>/
    vnnd die Narung/ durch der Adern gebluͤt an
    <lb/>ſich ziehen/ vnd ſich alſo beym leben vnd krafft erhalten/
    <lb/>die gantze zeit vber/ weil ſie in Mutterleib/ bis zur
    <lb/>rechten geburts zeit/ getragen wird. Wie nun aber
    <lb/>aus vielen/ ſteten/ hefftigen bewegungen aller hand
    <lb/>nachteil vnnd vngemach zum oͤfftern ſchwangeren
    <lb/>Frawen zu begegnen pfleget/ alſo kan jhnen auch <choice><orig>hin-<lb break="no"/>wiederumb</orig><reg>hinwiederumb</reg></choice>
durch das ſtetige jnne liegen vnnd faſt des
    <lb/>gantzen tages an einer ſtet/ oder ende ſtill ſitzen/ <choice><orig>merck-<lb break="no"/>licher</orig><reg>mercklicher</reg></choice>
    vnd vnwiederbringlicher ſchade gar leicht <choice><orig>zuge-<lb break="no"/>fuͤget</orig><reg>zugefuͤget</reg></choice>
werden/ in dem durch ſolche ſtete vnbewegligkeit
    <lb/>allerley boͤſe feuchtigkeit/ beneben kalten/ dicken/ <choice><orig>ze-<lb break="no"/>hen</orig><reg>zehen</reg></choice>
 ſchleim geſamlet wird/ daher nachmals nicht <choice><orig>al-<lb break="no"/>lein</orig><reg>allein</reg></choice>
der Mutter/ die gantze zeit vber/ do ſie mit jhrer
    <lb/>Weiblichen buͤrde beladen/ viel ſchrecklicher zufaͤlle vnd
    <lb/>Kranckheiten/ als ſeyn groſſe vndawung/ brechen/ <choice><orig>wuͤr-<lb break="no"/>gen</orig><reg>wuͤrgen</reg></choice> 
    vnd wehetagen des Magens/ eckel fuͤr natuͤrlichen
<pb n="18"/>
guten geſunden ſpeiſen/ vnnatuͤrliche luſt vnd ſehuung/
    <lb/>vieler ſchaͤdlicher/ ſeltzamer/ abſcheulicher dinge <choice><orig>taͤg-<lb break="no"/>lich</orig><reg>taͤglich</reg></choice>
anhenget/ ſondern auch die frucht keiner guten
    <lb/>bequehmen nahrung faͤhig wird/ vnd zu rechten <choice><orig>kraͤff-<lb break="no"/>ten</orig><reg>kraͤfften</reg></choice>
    volkoͤmlich kommen mag/ zu geſchweigen/ <choice><orig>derſel-<lb break="no"/>ben</orig><reg>derſelben</reg></choice>
an die affterbuͤrden in Mutterleibe vnnatuͤrliches
    <lb/>anwachſen/ daher dann ſchwere/ harte vnnd gar <choice><orig>ſorgli-<lb break="no"/>che</orig><reg>ſorgliche</reg></choice>
 geburten ſich ereigenen/ ja offtmals/ wo nicht <choice><orig>Mut-<lb break="no"/>ter</orig><reg>Mutter</reg></choice>
vnnd Kind zu gleich/ doch derer zum wenigſten
    <lb/>eins/ erbaͤrmlich einbüſſen/ vnd gar mit dem leben <choice><orig>be-<lb break="no"/>zahlen</orig><reg>bezahlen</reg></choice>
mus.</p>
    <p><note n="4" place="left margin"><label rend="antiqua">IV.</label><lb/>Vom Schlaff</note>Ebener maſſen ſoll auch zuvorhütung alles <choice><orig>vn-<lb break="no"/>rahts</orig><reg>vnrahts</reg></choice>
Vors vierdte der natuͤrliche/ naͤchtliche ſchlaff/
        <lb/>welcher den gliedern des Menſchen die beſte kraͤffte vnd
        <lb/>ſtaͤrcke durch volbringung vollkoͤmlicher dawung in
        <lb/>Magen/ bringet/ vnd viel boͤſer feuchtigkeiten <choice><orig>vorzeh-<lb break="no"/>ret</orig><reg>vorzehret</reg></choice>/
        nichts durch vbriges langes vber/ gewoͤhnliche zeit
        <lb/>ſitzen/ vnd ſpats zu bette gehen/ abgebrochen vnd <choice><orig>entzo-<lb break="no"/>gen</orig><reg>entzogen</reg></choice>/
        noch vber gewoͤhnliche zeit/ die einem jederm <choice><orig>ſei-<lb break="no"/>ne</orig><reg>ſeine</reg></choice>
Natur/ complexion vnnd gewohnheit ſelbſt wol
        <lb/>pruͤffen kan/ vñ bis an den hellen lichten tag/ <unclear>erſtrvckt</unclear>
        <lb/>werden. In bewegung/ daſz in ſolchem fall viel <choice><orig>gre-<lb break="no"/>be</orig><reg>grebe</reg></choice>/
        kalte feuchtigkeit vnd ſchleim/ die der frucht zu <choice><orig>be-<lb break="no"/>quemer</orig><reg>bequemer</reg></choice>
Nahrung gar nicht dienſtlich/ geſamlet vnnd
        <lb/>verhalten. Wegen vbermeſſiges wachens aber/ vnd lange
        <lb/>biſz in die nacht ſitzens/ die kraͤffte des leibes ſehr <choice><orig>ver-<pb break="no" n="19"/>zehret</orig><reg>verzehret</reg></choice>/
        ſinne vnd verſtand aber/ vber die maſſen hefftig
        <lb/>ſchwaͤcht. Des tags ſchlaff iſt niemand gut/ ſol ſich auch
        <lb/>leichtlichen niemand darzu in der jugend gewehnen/
        <lb/>viel groſſen/ ſchweren/ kalten/ toͤdlichen kranckheiten
        <lb/>dardurch zu vorhuͤtten vnd vorzukommẽ. Damit auch
        <lb/>nicht vrſach vnd anreitzung darzu gegeben wuͤrde/ ſoll
        <lb/>die Morgenmalzeit deſto maͤſſiger ſeyn. Hette aber aus
        <lb/>zufaͤlligen vrſachen bey nacht eine ſchwangere Fraw
        <lb/>gar vbel geruhet/ als denn muͤſte jhr ſolcher geſtalt des
        <lb/>tages zuerſtattung des vorigen/ mangelsnicht gar <choice><orig>ge-<lb break="no"/>wehret</orig><reg>gewehret</reg></choice>
        werden/ doch daſs es nicht bald auffs eſſen/ <choice><orig>ſon-<lb break="no"/>dern</orig><reg>ſondern</reg></choice>
zum wenigſten ein par ſtunden nach gehaltener
        <lb/>früe Malzeit geſchehe/ damit alſo auch diſsfalls der <choice><orig>na-<lb break="no"/>tur</orig><reg>natur</reg></choice>/
        ſo viel immer muͤglichen/ jhr gewoͤhnlich recht
        <lb/>wiederfahren moͤge.</p>
<p><note n="5" place="right margin"><label rend="antiqua">V.</label>
    <lb/>Von reinigung
    <lb/>des Leibes.</note>Ob zwar ſchwangere Perſonen faſt nichts <choice><orig>gemei-<lb break="no"/>ners</orig><reg>gemeiners</reg></choice>/
    als daſs ſie die gantze zeit vber nicht wol <choice><orig>ſtuelfer-<lb break="no"/>tig</orig><reg>ſtuelfertig</reg></choice>
ſeynd. Derentwegẽ daſz das kind in Mutterleib die
    <lb/>daͤrme ſehr druͤcket/ vnd zwinget/ zu foͤrderſt den Maſt
    <lb/>oder ſtueldarm/ darauff es gleichſam als auff einen
    <lb/>ſanfften weichen kuͤſſen ſeine ſtelle vnd lager hat/ vnnd
    <lb/>daſs zwar jmmer mehr vnd mehr es taͤglich an groͤſſe
    <lb/>zunibt/ vnnd ſich naͤher zur geburt nahet/ ſo ſeynd doch
    <lb/>Vors fuͤnffte ſtarcke Purgationes vnd alles das <choice><orig>jeni-<lb break="no"/>ge</orig><reg>jenige</reg></choice>/
    welches die ſtuelgaͤnge ſehr befoͤrdet/ gantz <choice><orig>ſchaͤdli-<lb break="no"/>chen</orig><reg>ſchaͤdlichen</reg></choice>/
    dann ſolche einer groſſe bewegung im leib erregen/
<pb n="20"/>
welche auch die Mutter/ ſo auff obgedachten darm jhre
    <lb/>ſtelle hat/ beweget/ benoͤtiget vnd vberarbeitet/ beneben
    <lb/>dem gantzen jnnern leibe/ darinnen die Mutter iſt.
    <lb/>Dahero dañ leichte die hefftunge der geburt abreiſſen/
    <lb/>vnd eine Miſſgeburt verurſchen kan. Wolte es aber ja
    <lb/>aus allerhand vrſachen vnnd beſchwerlichen <choice><orig>Kranck-<lb break="no"/>heiten</orig><reg>Kranckheiten</reg></choice>
 die hoͤchſte noth erforden/ ſo ſol ſolches/ ſo fern <choice><orig>ei-<lb break="no"/>ne</orig><reg>eine</reg></choice>
jhr leib vnd leben nicht ſelbſt vorſetzlich in die ſchantz
    <lb/>ſchlagen wil/ ja nicht liederlich/ ſondern mit zuziehung
    <lb/>eines in dieſer ſachen erfarnen <foreign xml:lang="Latin" rend="antiqua">Medici</foreign> geſchehen/ <choice><orig>wel-<lb break="no"/>cher</orig><reg>welcher</reg></choice>/
    nach erforderung der kranckheit vnd erkuͤndigung
    <lb/>der complexion/ hierinnen am beſten einzurahten
    <lb/>weis/ zu foͤrderſt in den erſten vnd letzten dreyen <choice><orig>Mon-<lb break="no"/>den</orig><reg>Monden</reg></choice>/
    in welchen es am aller ſorglichſten vnd <choice><orig>gefehrlich-<lb break="no"/>ſten</orig><reg>gefehrlichſten</reg></choice>
 iſt/ nicht allein nur jetzt angezogener vrſachen <choice><orig>hal-<lb break="no"/>ben</orig><reg>halben</reg></choice>/
    ſondern auch dahero/ daſs die kraͤffte der ſtarcken
    <lb/>Purgirenden ſachen in das geblüt/ dauon die frucht
    <lb/>ſtets erhalten wird/ kommen/ vnd daſſelbe gar in <choice><orig>kur-<lb break="no"/>tzer</orig><reg>kurtzer</reg></choice>
    zeit/ ja noch bey wehrender wirckung der <choice><orig>artzney-<lb break="no"/>en</orig><reg>artzneyen</reg></choice>/
    vorandern/ welche ſchnelle verenderung die frucht/
    <lb/>ſo wegen jhrer zartheit noch nicht viel dulden noch <choice><orig>auſ-<lb break="no"/>ſtehen</orig><reg>auſſtehen</reg></choice>
    kan/ wol gar zu toͤdten vnd vmbzubringen <choice><orig>pfle-<lb break="no"/>get</orig><reg>pfleget</reg></choice>.
    Doch iſt aber mit nichten der ſchaͤdlichen <choice><orig>verſtopf-<lb break="no"/>ung</orig><reg>verſtopfung</reg></choice>
    des leibes vnuorſichtiglich vnd nachleſſig <choice><orig>nachzu-<lb break="no"/>ahmen</orig><reg>nachzuahmen</reg></choice>/
    ſondern ſoll ſo viel jm̃er muͤglich ſeyn wil/ die
    <lb/>fleiſſige vorſorge geſchehen/ daſs man taͤglich <choice><orig>ſtuelfer-<pb break="no" n="21"/>tig</orig><reg>ſtuelfertig</reg></choice>
 ſey. In entſtehung derer/ mag mã wol ohn alles <choice><orig>be-<lb break="no"/>dencken</orig><reg>bedencken</reg></choice>
bequemer linderung des leibes ſich gebrauchen/
    <lb/>die dann auch leichtlich durch <num>1 1/2</num> lot ohngefehrlich <choice><orig>auſ-<lb break="no"/>gezogener</orig><reg>auſgezogener</reg></choice>
Caſſien/ wann die ein par ſtunden vor dem
    <lb/>morgen oder abendeſſen gebrauchet wird/ oder durch/ in
    <lb/>einem huͤnerbruͤelein ein wenig zerlaſſen Manna/
    <lb/>ohngefehrlichen <num>3.</num> oder <num>4.</num> loth/ oder anderer <choice><orig>derglei-<lb break="no"/>chen</orig><reg>dergleichen</reg></choice>
gelinde Ertzney/ als ſeyn/ purgierender Violen
    <lb/>vnd Roſenſafft/ zu erlangen.</p>
<p>Vnd weil ferner das Aderlaſſen nichts minders als
    <lb/>die vbermeſſigen ſtuelgaͤnge/ ja faſt noch ſehrer <choice><orig>allent-<lb break="no"/>halben</orig><reg>allenthalben</reg></choice>
    groſſete bewegung im gebluͤt erreget/ ſo iſt <choice><orig>ſol-<lb break="no"/>ches</orig><reg>ſolches</reg></choice>
gleicher geſtalt zu vnterlaſſen. Weil in den erſten
    <lb/>Monden der bindadern gefahr ſehr zubeſorgen/ in dem
    <lb/>andern Monden aber die frucht zu feiner nahrung <choice><orig>viel-<lb break="no"/>les</orig><reg>vielles</reg></choice>
 gebluͤts benoͤtiget. Welches da es jhr durch die <choice><orig>ader-<lb break="no"/>las</orig><reg>aderlas</reg></choice>
entzogen/ ſo beweget ſich die frucht in Mutterleibe
    <lb/>gar zu ſehr/ durch ſtoͤſſet/ zerreiſſet alſo durch jr zappeln
    <lb/>mit den fuͤſſen die Nachgeburt/ vnd verurſachet vor <choice><orig>ge-<lb break="no"/>buͤhrlicher</orig><reg>gebuͤhrlicher</reg></choice>
zeit vnzeitigen auſgang. Koͤnte aber ſolches
    <lb/>mittel auch aus erheiſchender notturfft nicht <choice><orig>eingeſtel-<lb break="no"/>let</orig><reg>eingeſtellet</reg></choice>/
    ſondern muͤſte fuͤr die hand genommen werden/ vnd
    <lb/>wann geblüts vbrig genug vorhanden/ auch das <choice><orig>ader-<lb break="no"/>laſſen</orig><reg>aderlaſſen</reg></choice>
 gewohnet/ So ſol doch ſolches ohne zuziehung <choice><orig>ei-<lb break="no"/>nes</orig><reg>eines</reg></choice>
erfarnen <foreign xml:lang="Latin" rend="antiqua">Medici</foreign>, der am bequembſten vnnd beſten
    <lb/>nach gelegenheit der Kranckheit vnd andern <choice><orig>vmbſtaͤn-<pb break="no" n="22"/>den</orig><reg>vmbſtaͤnden</reg></choice>
mehr/ welche Ader-zuſchlagen/ vñ wie viel gebluͤt
    <lb/>zu laſſen ſey/ zuerinnern weis/ nicht geſchehen.</p>
<p>Doch iſt allzeit zutraͤglicher/ zu benehmen den
    <lb/>vberfluſz des gebluͤts/ das an ſtad der aderlas das <choice><orig>ſchroͤp-<lb break="no"/>fens</orig><reg>ſchroͤpfens</reg></choice>
man ſich gebrauchen/ vñ koͤpffe auff die Schultern
    <lb/>anſetzen laſſen. Welches dann auch in den erſten <choice><orig>Mon-<lb break="no"/>den</orig><reg>Monden</reg></choice>/
    da die frucht zu ſeiner Nahrung noch nicht ſo gar
    <lb/>viel gebluͤet/ als in den Mitteln vnnd letzten Monden
    <lb/>benoͤtiget/ ſo fern ſolches ohne furcht vnd entſetzen <choice><orig>ge-<lb break="no"/>ſchehen</orig><reg>geſchehen</reg></choice>
kan/ dann wo die vorhanden/ iſt das ſchrepfen
    <lb/>ſo wol/ als das Aderlaſſen an jhr ſelbſt zu vnterlaſſen/
    <lb/>dieweil es eine bewegung des gebluͤets im gantzen <choice><orig>Lei-<lb break="no"/>be</orig><reg>Leibe</reg></choice>/
    welches der frucht mercklichen zuſetzet/ erregen
    <lb/>kan. Gar zu offt vnd viel baden iſt zu keiner zeit <choice><orig>ſchwã-<lb break="no"/>gern</orig><reg>ſchwãgern</reg></choice>/
    auſſerhalb der letzten tage/ in denen die <choice><orig>natuͤr-<lb break="no"/>liche</orig><reg>natuͤrliche</reg></choice>
geburts zeit ſich herbey nahet/ doch daſs es nicht zu
    <lb/>vbrig heiſz vnd kalt geſchehe/ bequehm vnd gut/ dann
    <lb/>groſſe feuchtigkeit vnd kaͤlte iſt an ſich ſelbſt der gantzen
    <lb/>natur/ ſonderlich der jungen zarten frucht/ ja auch
    <lb/>dem geburtsglied ſelbſten/ nicht allein feindlich <choice><orig>entge-<lb break="no"/>gen</orig><reg>entgegen</reg></choice>/
    ſondern erweichet auch vnd ſchwaͤchet die bande der
    <lb/>Mutter vnd aderlein/ damit die frucht an die Mutter
    <lb/>verbunden. Daher dañ ſchwangere leicht abzunehmen/
    <lb/>wie gantz ſchaͤdlich jhnen ſey mit bloſſen armen bis an
    <lb/>Ellenbogen im kalten waſſer ſiedeln/ desgleichen in
    <lb/>denſelben/ oder auch gleich nur auff ſteinern eſtrichen
<pb n="23"/>
    vnd pflaſter mit bloſſen fuͤſſen ſtehen vnd gehen/ wil <choice><orig>ge-<lb break="no"/>ſchweigen</orig><reg>geſchweigen</reg></choice>/
    ſcharffe/ kuͤle/ vnnd feuchte lufft/ durch ſich
    <lb/>wehen vnd gehen zulaſſen.</p>
<p><note n="6" place="right margin"><label rend="antiqua">VI.</label>
    <lb/>Von <choice><orig>bewegun-<lb break="no"/>gen</orig><reg>bewegungen</reg></choice>
    des <choice><orig>gemuͤ-<lb break="no"/>tes</orig><reg>gemuͤtes</reg></choice>.</note>Wie nun in den biſhero erzehlten ſtuͤcken/ alle
    <lb/>ſchaͤdliche vber maͤſſigkeit/ ſo Schwangere zu <choice><orig>erhal-<lb break="no"/>tung</orig><reg>erhaltung</reg></choice>
 guter geſundheit gaͤntzlichen zu meiden. Alſo <choice><orig>ha-<lb break="no"/>ben</orig><reg>haben</reg></choice>
    ſie nu mehr Vors ſechſte vnd letzte/ auch alle <choice><orig>heff-<lb break="no"/>tige</orig><reg>hefftige</reg></choice>/
    gehlinge/ vnuorſehene bewegungen vñ anfechtung
    <lb/>des gemuͤths/ als ſeynd/ erſchrecknis/ betruͤbnis/ <choice><orig>trau-<lb break="no"/>rigkeit</orig><reg>traurigkeit</reg></choice>/
    ſchwermuth/ furcht/ zorn/ vnd in ſumma alles
    <lb/>das jenige/ ſo mag vnnd kan genant werden/ das ſehr
    <lb/>pfleget zu hertzen zu gehen/ vnd das gebluͤt hefftig <choice><orig>be-<lb break="no"/>weget</orig><reg>beweget</reg></choice>/
    ſich gaͤntzlich/ gleich einem gifft zu euſſern/ vnd
    <lb/>mit allem fleis zu entſchlagen/ vnnd dargegen ſo viel
    <lb/>immer muͤglichen/ in Gottes furcht eines froͤlichen/
    <lb/>leichten muhts vnnd ſinnes jederzeit/ ſonderlich aber
    <lb/>zu tiſche vnd bette/ dardurch die narung vnd ruhe des
    <lb/>leibes maͤchtig befoͤrdert wird/ ſtetig zu befleiſſigen.
    <lb/>Dann ob wol alle vberflüſſigkeit/ auch froͤligkeit vnd
    <lb/>freud ſchaͤdlichen/ vnd wie glaubwirdige hiſtorien <choice><orig>be-<lb break="no"/>zeugen</orig><reg>bezeugen</reg></choice>/
    das jr viel von groſſer freude des gehlingẽ todtes
    <lb/>geſtorben. So iſt doch bey vnſern zeiten/ welche angſt
    <lb/>vnd noth/ einem jedern in ſeinem heruff gnugſam <choice><orig>brin-<lb break="no"/>gen</orig><reg>bringen</reg></choice>/
    ſolches falles bey ſchwangern Perſonen/ die <choice><orig>we-<lb break="no"/>gen</orig><reg>wegen</reg></choice>
jhres von Gott bald anfaͤnglich des Menſchlichen
    <lb/>Sündenfalles auffgelegten Creutzes/ mit der gleichen
<pb n="24"/>
 freude/ derer die hiſtorien gedenckẽ/ wol verſchont <choice><orig>blei-<lb break="no"/>ben</orig><reg>bleiben</reg></choice>/
    nicht zu befahren.</p>
<p><note place="left margin">Wie etlichen
    <lb/>ſorglichen <choice><orig>zu-<lb break="no"/>faͤllen</orig><reg>zufaͤllen</reg></choice>
 zu begegẽ.</note><note place="left margin">Morſelln: <abbr rend="antiqua">Pag.</abbr>
<lb/><num>26.</num>
     <lb/>Sterckung/
     <lb/><abbr rend="antiqua">Pag.</abbr> <num>7.</num>
     <lb/>Salbe/ <abbr rend="antiqua">Pag</abbr> <num>30</num></note><note place="left margin">Pflaſter/ <abbr rend="antiqua">pag</abbr> <num>30</num></note>Do aber vber alle angewande fleiſſige vorſorge/ <choice><orig>vn-<lb break="no"/>uerhoffentlich</orig><reg>vnuerhoffentlich</reg></choice>
ſich dergleichen zufaͤlle ereignen ſolten/
    <lb/>dardurch fehrlicher ſchaden oder vnzeitiger abgang der
    <lb/>frucht zubeſorgen ſeyn moͤchte/ ſo gebrauche ſich die
    <lb/>mutter taͤglich/ der zu ende dieſes Regiments/ <choice><orig>entwe-<lb break="no"/>der</orig><reg>entweder</reg></choice>
der geſchriebener Morſellen eine/ oder der ſtaͤrckung
    <lb/>einer Caſtanien gros auff einmal/ ſo lange bis ſie <choice><orig>beſ-<lb break="no"/>ſerung</orig><reg>beſſerung</reg></choice>
befindet. Den leib aber laſſe ſie alle Morgen mit
    <lb/>der hierzu verordenten ſalben wol warm/ vom Nabel
    <lb/>an bis zu ende des leibes ſchmieren/ ſo wol auch auff den
    <lb/>Ruͤcken vnter dem guͤrtel allenthalben. Dann <choice><orig>vormit-<lb break="no"/>telſt</orig><reg>vormittelſt</reg></choice>
ſolches ſchmirens/ werden die Mutter/ vñ derſelben
    <lb/>band geſtercket vnd feſt gemacht/ darinn die frucht/ zu
    <lb/>rechten natuͤrlichem auſgange getragen wird. Wie dañ
    <lb/>auch dieſes pflaſter hierzu nicht vndienſtlich iſt. Vnnd
    <lb/>eben zu dem ende/ moͤgen wolhabende Perſonen/ zu
    <lb/>dieſer zeit an halſe tragen/ vnd ſo lang bis auff den leib
    <lb/>hengen laſſen/ einen Smaragd/ oder in mangel deſſen
    <lb/>blauen Laſurſtein/ oder tinen gruͤnen <foreign xml:lang="Latin" rend="antiqua">Iaſpidem</foreign>.
    <lb/>Dann ſolche Edelgeſtein aus heimlicher verborgener
    <lb/>natur vnd eigenſchafft/ die frucht ſtercken/ vnd in <choice><orig>mut-<lb break="no"/>terleibe</orig><reg>mutterleibe</reg></choice>/
    bis zu rechter natuͤrlicher geburszeit/ erhaltẽ.
    <lb/>Wie dann auch dem Adlerſtein vnter den lincken arm
    <lb/>gebunden/ gleiche krafft vnd wirckung von den <choice><orig>Natur-<pb break="no" n="25"/>kuͤndigern</orig><reg>Naturkuͤndigern</reg></choice>
zugeeignet werden. Doch ſol mã den laͤnger
    <lb/>nicht tragen/ bis zur zeit der geburt/ die er dann <choice><orig>maͤch-<lb break="no"/>tig</orig><reg>maͤchtig</reg></choice>
tig zubefoͤrdern pfleget/ wo er der gebererin auff ein
    <lb/>bein gebunden wird. Wie dañ derer zu ende beide <choice><orig>Puͤl-<lb break="no"/>uerlein</orig><reg>Puͤluerlein</reg></choice>
in einem trunck gebranden beyfuſwaſſer/ zu
    <lb/>foͤrderung der geburt auch nicht vndienſtlich ſeyn.<note place="right margin">Puluer <abbr rend="antiqua">Pag</abbr> <num>32.</num></note></p>
<p>Der liebe getrewe Gott/ wolle alle
    <lb/>Chriſtliche ſchwangere/ mit den augen ſeiner gnaden
    <lb/>vnd Barmhertzigkeit anſehen/ ſie ſaͤmbtlich/ ſambt der
    <lb/>leibeſfrucht/ vor aller vorſtehender gefahr/ durch den
    <lb/>ſchutz ſeiner lieben Engel gnaͤdig bewahren/ vnd dann
    <lb/>zu gebuͤrlicher zeit/ mit einem froͤlichen anblick <choice><orig>er-<lb break="no"/>freuen</orig><reg>erfreuen</reg></choice>/
    alle jre ſchmertzen vñ traurigkeit in freude <choice><orig>ver-<lb break="no"/>kehren</orig><reg>verkehren</reg></choice>/
    damit ſie an dieſelbibe/ vmb <choice><orig>gedach-<lb break="no"/>ter</orig><reg>gedachter</reg></choice>
 freude willen/ das der Menſch auff
    <lb/>die Welt gebohren iſt/ nicht mehr
    <lb/>zu gedencken vrſach
    <lb/>huben.</p></body>
    <gap n="index of medications"/>
</text>
</TEI>