<?xml version="1.0" encoding="UTF-8"?>
<?xml-model href="http://www.tei-c.org/release/xml/tei/custom/schema/relaxng/tei_lite.rng" type="application/xml" schematypens="http://relaxng.org/ns/structure/1.0"?>
<?xml-model href="http://www.tei-c.org/release/xml/tei/custom/schema/relaxng/tei_lite.rng" type="application/xml"
	schematypens="http://purl.oclc.org/dsdl/schematron"?>
<TEI xmlns="http://www.tei-c.org/ns/1.0">
<teiHeader>
<fileDesc>
 <titleStmt>
  <title><foreign xml:lang="Latin" rend="antiqua">DE <choice><orig>CURATIO-<lb break="no"/>NIBUS</orig><reg>CURATIONIBUS</reg></choice>
 Gravidarum, Puerperarum, &#38;
 <lb/>Infantum.</foreign>
 <lb/>New Frawen Zimmer/
 <lb/>vnd gruͤndtliche vnterrichtung von
   <lb/>den Schwangern Frawen vnd <choice><orig>Kindel-<lb break="no"/>betterinnen</orig><reg>Kindelbetterinnen</reg></choice>/
   was jhnen/ Vor/ In/ Vnd
 <lb/>Nach der Geburt zu wiſſen von
 <lb/>noͤthen ſey.
 <lb/>Auch von vielen Kranckheiten der
 <lb/>Jungen Kinder/
   <lb/>Zum Vierdten mal wieder <choice><orig>vberſe-<lb break="no"/>hen</orig><reg>vberſehen</reg></choice>/
   vnd an etlichen hundert oͤrtern mit vielen
   <lb/>heimlichen bewerten Kunſt ſtuͤcken vnd <choice><orig>Experimen-<lb break="no"/>ten</orig><reg>Experimenten</reg></choice>/
   Auch etlichen gantz newen <choice><orig>Capit-<lb break="no"/>teln</orig><reg>Capitteln</reg></choice>
 gezieret vnnd <choice><orig>ver-<lb break="no"/>mehret</orig><reg>vermehret</reg></choice>.
 Vnd jtzo wiederumb in den Druck gegeben/
 <lb/>Durch
 <lb/><foreign xml:lang="Latin" rend="antiqua">Doctorem</foreign> <hi rend="antiqua">Davidem Herlicium</hi> von Zeitz/
 <lb/><foreign xml:lang="Latin" rend="antiqua">Medicum</foreign> zu Luͤbeck.
 <lb/><bibl>Gedruͤckt zu Alten Stettin/ durch Jochim Rheten
<lb/>Seligen Erben.
<lb/><date rend="antiqua">M. DC. XII.</date></bibl>
</title>
<author>David Herlitz</author>
 </titleStmt>
 <editionStmt>
<edition>Digital Facsimile from Staats- und Universitätsbibliothek Dresden</edition>
<respStmt><resp>transliterator, TXT and XML encoder</resp>
 <name>Whitt, Richard J.</name></respStmt></editionStmt>
 <publicationStmt>
<p>Place of Publication: Stettin</p>
<p>Year: <date>1612</date></p>
<p>Extract: Ch. XIX-XXII (pp. 73-111)</p>
 </publicationStmt>
 <sourceDesc>
<bibl>URL: http://digital.slub-dresden.de/werkansicht/dlf/4014/1/cache.off</bibl>
 </sourceDesc>
</fileDesc>
</teiHeader>
<text>
<body>
<pb n="73"/>
<div type="chapter" n="19"><head>Das <num rend="antiqua">XIX.</num> Capittel.
<lb/><foreign xml:lang="Latin" rend="antiqua">Prognoſtica facilis aut difficilis partus.</foreign>
 <lb/>Zeichen/ Ob eine leichtlich oder mit
 <lb/>groſſer gefahr gebeeren werde.</head>
 <p>ES iſt auch nuͤtzlich zu wiſſen/ die <choice><orig>Progno-<lb break="no"/>ſtica</orig><reg>Prognoſtica</reg></choice>
  oder Zeichen der leichten Geburt/ allerley <choice><orig>vor-<lb break="no"/>ſorge</orig><reg>vorſorge</reg></choice>
vnd bereitſchafft halben/ Derwegen hab ich
  <lb/>den Frawen zu gut/ ſie auch wollen herzu ſetzen. <choice><orig>Erſt-<lb break="no"/>lich</orig><reg>Erſtlich</reg></choice>
iſt groſſe muͤhe vnd noth zu beſorgen/ wenn die
<pb n="74"/>
Fraw bloͤde iſt/ oder ſchwacher Complexion/ ſehr kalter Natur/
  <lb/>gar zu Jung/ zu Alt/ zu Duͤrre/ zu Fett/ forchtſam/ unleidig. <num>2.</num> Iſt
  <lb/>die Geburt mißlich vnd ſorglich/ ſo das Buͤſchlein/ in welchem
  <lb/>das Kindt liegt/ zu hart vnd feſte iſt/ vnd nicht leichtlich brechen
  <lb/>wil/ von des wegen/ das daß Kindt ſeinen außgang nicht haben
  <lb/>kan. <num>3.</num> Wenn das Buͤſchlein zu ſubtil/ duͤnne oder weich iſt/ <choice><orig>da-<lb break="no"/>uon</orig><reg>dauon</reg></choice>
es zu bald bricht/ vnd die jnnerliche feuchtigkeit von ſich leſt/
  <lb/>ehe das Kindt ſich zur Geburt ſchickt vnd ſcheubet/ welchem <choice><orig>dar-<lb break="no"/>nach</orig><reg>darnach</reg></choice>
an der feuchte oder glatte mangelt/ vnd wegen der treuge ſo
  <lb/>bald nicht kan fortkommen. Denn wenn das Waſſer auff einmal
  <lb/>heuffig verfleuſt/ pfleget hernach ein mangel deſſelbigen fuͤrfallen/
  <lb/>das die Gebeermutter nicht kan angefeuchtet werden: Sintemahl
  <lb/>je lengſamer daſſelbe verfleuſt/ je beſſer die Frucht folgen pfleget.
  <lb/><num>4.</num> Wenn die Fraw groſſe kelte leidet von der Lufft/ die duͤrre oder
  <lb/>trucken iſt/ auch von kalten ſcharffen winden/ dauon die Schloß
  <lb/>der Frawen gar enge werden. <num>5.</num> So groſſe hitze iſt/ daruon das
  <lb/>Kindt vnd die Mutter bloͤde vnd geſchwecht werden/ das ſie jhnen
  <lb/>nicht helffen koͤnnen. <num>6.</num> Wenn die Fraw groſſe ſchmertzen hat/
  <lb/>die nicht von vnter ſich zu den Gemechten gehen/ ſondern bleiben
  <lb/>oben im Leibe/ oder gehen hinder in Ruͤcken. Denn wenn die <choice><orig>we-<lb break="no"/>hen</orig><reg>wehen</reg></choice>
mehr in dem Ruͤcken vnd hindertheil/ denn im foͤrdertheil des
  <lb/>Leibes ſind/ iſts ein boͤſe Zeichen/ ſintemahl es meldet/ das die <choice><orig>ban-<lb break="no"/>de</orig><reg>bande</reg></choice>
  vnd fellen ſich nicht wol abloͤſen koͤnnen/ ſondern feſte <choice><orig>anhen-<lb break="no"/>gen</orig><reg>anhengen</reg></choice>/
  die ſchmertzen vermehren/ vnd gefehrliche zufelle erwecken.
  <lb/><num>7.</num> Wenn das Gebluͤte heuffig vnd vberfluͤſſig hinweg ſcheuſt/ <choice><orig>al-<lb break="no"/>ſo</orig><reg>alſo</reg></choice>
das letztlich das Hertzgebluͤt/ mit toͤdtlichen ohnmachten gantz
  <lb/>heuffig erfolget. <num>8.</num> Wenn die Nabelſchnur fuͤrfelt/ vnd fuͤr der
  <lb/>Frucht hergehet. <num>9.</num> Wenn die Frucht nicht in rechter natuͤrlicher
  <lb/>form eintrit/ ſondern gedoppelt kompt: Oder wenn ſie <choice><orig>vnfoͤrm-<lb break="no"/>lich</orig><reg>vnfoͤrmlich</reg></choice>
vnd zu groß iſt: Oder wenn ſie lange jnne geſtanden: Oder
<pb n="75"/>
wol gar todt iſt. Der Arabiſche <foreign xml:lang="Latin" rend="antiqua">Medicus</foreign> <hi rend="antiqua">Rhazes</hi> ſchreibet auch/
  <lb/><foreign xml:lang="Latin" rend="antiqua">multa expuitio ante tempus partus</foreign>, Wenn eine Fraw vor der
  <lb/>Geburt viel außſpeyet/ oder viel ſpeichet heuffig weg giebt/ wie
  <lb/>offtmahls zu geſchehen pfleget/ ſo folge auch eine ſchwere Geburt/
  <lb/><foreign xml:lang="Latin" rend="antiqua">quia inde contrahitur ſiccitas, qua nihil infenſius eſt <choice><orig>parien-<lb break="no"/>di</orig><reg>pariendi</reg></choice>
faciliatati, ut doctiſſimus Rodericus loquitur</foreign>.</p>
 <p>Aber gar boͤſe Zeichen in harter Geburt/ vnd faſt des <choice><orig>ſchnel-<lb break="no"/>len</orig><reg>ſchnellen</reg></choice>
  Todts vorbotten ſind/ wenn die Fraw kalten Schweiß <choice><orig>ſchwi-<lb break="no"/>tzet</orig><reg>ſchwitzet</reg></choice>.
  <num>2.</num> Wenn die Ader ſchnelle ſchlegt. <num>3.</num> Wenn jhr der <choice><orig>ſchwin-<lb break="no"/>del</orig><reg>ſchwindel</reg></choice>
  fuͤr die Augen kompt. <num>4.</num> Vnd wenn ſie ſelbſt bloͤde vnd <choice><orig>zag-<lb break="no"/>hafftig</orig><reg>zaghafftig</reg></choice>
 wird.</p>
 <p>Die Zeichen aber einer leichten Geburt/ ſind den erzehlten
  <lb/>oder obgeſchriebnen zu wieder/ ſonderlich <num>1.</num> vnruhe vnd bewegung
  <lb/>des Kindes in Mutterleibe. <num>2.</num> Wenn die wehen von ſich ziehen/
  <lb/>heruor gegen die Gemechte. <num>3.</num> Wenn die Fraw einen guten <choice><orig>ſtar-<lb break="no"/>cken</orig><reg>ſtarcken</reg></choice>
krefftigen Athem hat/ mit guter krafft jhres Leibes/ alſo das
  <lb/>ſie wol in der Geburt mag vnter ſich drucken/ vnd arbeiten. <num>4.</num>
  <lb/>Wenn die Fraw gewohnt hat leichtlich vnd geringe zu gebeeren.
  <lb/><num>5.</num> Sol ein vberauß gutes vnd gluͤckſehliges Zeiches ſein der <choice><orig>leich-<lb break="no"/>ten</orig><reg>leichten</reg></choice>
  Geburt/ wenn die Fraw zur Geburtzeit wol nieſet oder <choice><orig>pru-<lb break="no"/>ſtet</orig><reg>pruſtet</reg></choice>/
  denn dadurch erſchuͤttert ſich die Gebeermutter/
  <lb/>vnd die außtreibende Krafft wird <choice><orig>da-<lb break="no"/>durch</orig><reg>dadurch</reg></choice>
geſtercket.</p></div>
<pb n="76"/>
<div type="chapter" n="20"><head>Das <num rend="antiqua">XX.</num> Capittel.
 <lb/><foreign xml:lang="Latin" rend="antiqua">Cauſæ difficilis partus.</foreign>
 <lb/>Auß was vrſachen etlichen die Geburt
 <lb/>ſo hart ankoͤmpt.</head>
<p>OB wol bey den Frawen in jhrer Kinder
 <lb/>arbeit vnd gebeeren/ andere ſachen/ ſo domals von
 <lb/>noͤten/ recht vnd wol ſich ſchicken vnd erzeigen/ die
 <lb/>Frucht auch zu dem gebeeren ſich artig vnd <choice><orig>rechtfoͤr-<lb break="no"/>mig</orig><reg>rechtfoͤrmig</reg></choice>
einſcheubet: Kan doch der Menſch nicht zur
 <lb/>Welt kommen/ es werden denn durch Gottes gnedigen willen
 <lb/>vnd geheiß die <foreign xml:lang="Latin" rend="antiqua">oſſa ilium &#38; pubis</foreign>, vnd das <foreign xml:lang="Latin" rend="antiqua">os ſacrum</foreign>, das <choice><orig>Eiß-<lb break="no"/>bein</orig><reg>Eißbein</reg></choice>
 oder Heilige bein/ ſo von Natur gantz feſt vnd hart in <choice><orig>einan-<lb break="no"/>der</orig><reg>einander</reg></choice>
 gebunden/ Erſtlich zum außgange weit genug: Welches bein
 <lb/>von Gott die Natur vnd Eigenſchafft hat/ das ſo bald der Menſch
 <lb/>geboren/ es ſich gantz tichte wieder zuſammen fuͤget vnd zuſchleuſt/
 <lb/>welches denn ein groß wunder Gottes iſt: Wiewol etliche <foreign xml:lang="Latin" rend="antiqua"><choice><orig>Medi-<lb break="no"/>ci</orig><reg>Medici</reg></choice></foreign>
 wollen/ das derſelbige Knoche oder das Bein ſich nicht <choice><orig>erwei-<lb break="no"/>tere</orig><reg>erweitere</reg></choice>
oder auffſchlieſſe: Dauon hie zu diſputieren nicht gelegenheit
 <lb/>iſt.<gap xml:lang="Latin"/></p>
<p>Es leiden aber offtmahls die Muͤtter in der Geburt viel angſt
 <lb/>vnd noth/ groſſe ſchmertzen vnd wehe/ vmb mancherley vrſachen
 <lb/>willen. Denn erſtlich geſchichts/ wenn die Fraw zu jung iſt/ vnd
 <lb/>vor dem <num>12.</num> Jahre (welchs doch ſelden geſchicht) ſchwanger <choice><orig>wur-<lb break="no"/>den</orig><reg>wurden</reg></choice>/
 vnd die Beermutter zu klein iſt. Vnd gibts die erfahrung/
<pb n="77"/>
das Weiber von <num>13.</num> <num>14.</num> <num>15.</num> <num>16.</num> oder <num>17.</num> Jahren offt vnd vielmahl
 <lb/>in gefahr ſtehen/ denn wegen der zarten Jugendt ſind die <choice><orig>Außgen-<lb break="no"/>ge</orig><reg>Außgenge</reg></choice>
 der Gebeermutter in jhnen gantz enge/ koͤnnen auch die <foreign xml:lang="Latin" rend="antiqua">oſſa <choice><orig>pu-<lb break="no"/>bis</orig><reg>pubis</reg></choice></foreign>
 die Schloß oder Beine der Scham ſich ſchwerlich oͤffnen.
 <lb/>Alſo auch wenn die Fraw gar zu alt iſt/ im <num>40.</num> oder <num>50.</num> Jahre <choice><orig>Kin-<lb break="no"/>der</orig><reg>Kinder</reg></choice>
tregt/ wird das gebeeren auch ſchwer/ weil alßdann/ ſonderlich
 <lb/>im <num>50.</num> die kreffte abnehmen. <num>2.</num> Wenn das Kind zu groß iſt/ das
 <lb/>es die Schloß der Mutter nicht leichtlich kan durchdringen. <num>3.</num>
 <lb/>Wenn das Kind zu klein iſt/ das es ſich nicht wol wendet oder <choice><orig>vn-<lb break="no"/>terſencket</orig><reg>vnterſencket</reg></choice>/
 auch nicht wol kan außgedruckt werden. Iſt alſo <choice><orig>bey-<lb break="no"/>des</orig><reg>beydes</reg></choice>
 gefehrlich/ wenn die Frucht zu groß vnd voͤllig iſt/ ſtehet ſie <choice><orig>lan-<lb break="no"/>ge</orig><reg>lange</reg></choice>
innen/ vnd macht zu groſſe ſchmertzen. Wenn ſie aber zu zart/
 <lb/>klein vnd geringe iſt/ koͤnnen ſie nicht wol vnter ſich kommen/ oder
 <lb/>zur geburt ſich ſchieben. <num>4.</num> Wenn der Kinder mehr als eins ſind.
 <lb/>Denn offt geſchicht/ das jhr <num>2.</num> auch wol <num>3.</num> zugleich eintreten/ do
 <lb/>verhindert eins das andere in ſeinem Außgange/ vnd wird alſo die
 <lb/>geburt deſto ſchwerer. <num>5.</num> Wenn ein Kind mehr Glieder hat denn
 <lb/>natuͤrlich iſt/ als zwey Heupter/ oder ein allzu groß Heupt/ vier
 <lb/>Arme/ vier Beine/ vnd dergleichen/ wie viel Exempel bezeugen.
 <lb/>Solche vbel geformierte Frucht mit einem groſſen vngeſchickten
 <lb/>Heupte/ oder vngeſchickten Ermelein/ oder ſonſten/ gibt auch
 <lb/>ſchwere Geburten. <num>6.</num> Wenn es nicht recht außgeht/ als ſichs <choice><orig>ge-<lb break="no"/>hoͤrt</orig><reg>gehoͤrt</reg></choice>/
 ſondern koͤmpt mit den Fuͤſſen/ oder Knien/ oder Ermelein/
 <lb/>oder Seiten/ oder Ruͤcken/ Item wenn Zwilling ſind/ vnd <choice><orig>kom-<lb break="no"/>men</orig><reg>kommen</reg></choice>
beyde mit den Fuͤſſen/ oder Ermelein/ oder eins mit dem
 <lb/>Heupt/ das ander mit den Fuͤſſen. <num>7.</num> Wenn das Kind todt oder
 <lb/>kranck iſt/ vnd ſich nicht bewegen/ oder jhm zum außgang nicht
 <lb/>helffen kan/ hat keine ſtercke/ die bande zu treten vnd auffzuloͤſen.
 <lb/><num>8.</num> Wenn das Kind zu fruͤh oder zeitlich koͤmpt/ als im <num>3.</num> oder <num>4.</num>
 <lb/>Monat. <num>9.</num> Wenn das Kindt zu ſpaͤte oder langſam koͤmpt/ als
<pb n="78"/>
im <num>10.</num> Monat. <num>10.</num> Wenn die bande zu ſtarck ſind/ vnd zu feſte
 <lb/>halten. <num>11.</num> Wenn die Beermutter/ oder die Blaſe/ oder der <choice><orig>Maſt-<lb break="no"/>darm</orig><reg>Maſtdarm</reg></choice>
geſchwer/ entzuͤndung/ oder andere Kranckheit leiden. An
 <lb/>dieſer vrſache iſt groß gelegen/ nemlich weñ die heimliche oͤrter/ als
 <lb/>die Mutter oder der Affter vnd Maſtdarm entzuͤndet/ ſchwuͤrig/
 <lb/>oder mit dem Krebs/ ſchrunden/ narben/ feigsblattern oder <choice><orig>guͤlde-<lb break="no"/>nen</orig><reg>guͤldenen</reg></choice>
Ader (<foreign xml:lang="Latin" rend="antiqua">hæmorrhoides</foreign> genant) vnd dergleichen Kranckheiten
 <lb/>beladen ſind. Alſo gehets ſorglich zu/ vnd gibt ſchwere geburten/
 <lb/>wenn die benachbarten Glieder/ ſo vmb vnd neben der <choice><orig>Gebeer-<lb break="no"/>mutter</orig><reg>Gebeermutter</reg></choice>
liegen/ nicht richtig ſind/ als erſtlich die Blaſe/ wenn die
 <lb/>Fraw den Blaſenſtein hat/ ſo wird der Gebeermutter halß enge
 <lb/>vnd zugezogen/ Denn die Gebeermutter liegt zwiſchen der Blaſe
 <lb/>vnd Maſtdarm. Alſo wenn die Blaſe entzuͤndet vnd ſchwuͤrig iſt/
 <lb/>Item/ wenn die Fraw jhr <hi rend="antiqua">Urin</hi> oder Waſſer nicht wol laſſen kan.
 <lb/>Deßgleichen ſo die Gederm verſtopfft ſein/ vnd die <choice><orig>Geburtsar-<lb break="no"/>beit</orig><reg>Geburtsarbeit</reg></choice>
mit verſchloſſenem harten Leibe angefang wird. <num>12.</num> Wenn
 <lb/>die Fraw viel gedoͤrrete vnd truckene Speiſe/ die ſehr zuſammen
 <lb/>zeucht/ oder enge macht/ genoſſen hat/ als Miſpeln/ Caſtanien/
 <lb/>Hirſen/ Reiß/ alten Keſe/ Holtzbirn/ ſawre Birn/ dicken rothen
 <lb/>Wein. <num>13.</num> Wenn eine Fraw vber die helffte iſt/ vnnd in einem
 <lb/>Alaunbad/ Eyſenbad/ Saltzbad oder kalten Bade gebadet hat/
 <lb/>oder in einem Waſſerbad/ darin ſolche ding geſotten/ welche <choice><orig>zwin-<lb break="no"/>gen</orig><reg>zwingen</reg></choice>
vnd enge machen/ als Eycheln/ Eychenrinde/ Galloͤpffel/
 <lb/>Granatoͤpffelrinde/ Natterwurtz/ Fuͤnff fingerkraut/ Roſen/ <choice><orig>Tor-<lb break="no"/>mentill</orig><reg>Tormentill</reg></choice>/
 Mißpeln/ Holtzbirn/ Holtzoͤpffel/ Zunderſtein vnd <choice><orig>der-<lb break="no"/>gleichen</orig><reg>dergleichen</reg></choice>.
 <num>14.</num> Wenn die Fraw ſehr trawrig iſt/ viel wachet/ <choice><orig>hun-<lb break="no"/>ger</orig><reg>hunger</reg></choice>
 vnd durſt leidet. Denn die ledigkeit des Leibes/ wie auch <choice><orig>viel-<lb break="no"/>fraß</orig><reg>vielfraß</reg></choice>/
 vberladung vnd voller oder erfuͤllter Leib hierin ſchedlich. <num>15.</num>
 <lb/>Wenn die Fraw ſehr leibig oder allzu fett vnd dicke iſt/ denn <choice><orig>ſol-<lb break="no"/>ches</orig><reg>ſolches</reg></choice>
gibt verſchloſſene vnd enge genge. <num>16.</num> Wenn das Fell oder
<pb n="79"/>
heutlein/ darinnen das Kindt liegt/ allzu dicke iſt/ vnd nicht brechen
 <lb/>oder berſten vnd auffreiſſen wil. <num>17.</num> Wenn diß Fell gar zu ſubtil
 <lb/>vnd duͤnne iſt/ vnd allzu zeitlich abbricht/ daher alßdann die <choice><orig>feuch-<lb break="no"/>tigkeit</orig><reg>feuchtigkeit</reg></choice>
vnd das Waſſer oder Gebluͤte bald herfuͤr fleuſſet/ dauon
 <lb/>darnach der orth treuge wird/ in welchem das Kind ſich nicht wol
 <lb/>bewegen kan/ Denn die Gebeermutter domahls ſtets ſol <choice><orig>ſchlipff-<lb break="no"/>rig</orig><reg>ſchlipffrig</reg></choice>
oder feuchte ſein/ auff das die Frucht deſto leichter vnd glatter
 <lb/>hinauß trete. <num>18.</num> Wenn die Fraw in groſſer kelte geweſen/ dauon
 <lb/>die Gebeermutter enge wird. Derhalben im Winter die Frawen/
 <lb/>ſo der Geburt nahe ſind/ ſich vor kelte ernſtlich huͤten ſollen. <num>19.</num>
 <lb/>Oder wenn ſie in groſſer hitze were geweſen/ dadurch ſie die kreffte
 <lb/>verleurt. <num>20.</num> Wenn der Mutterhalß krumb oder ſchlim iſt/ wie
 <lb/>ſich in etlichen Frawen zutregt/ welchen der Mutterhalß nicht
 <lb/>gleich gerade nauff gehen/ ſondern ſich ſchlim einbeuget. <num>21.</num> Wenn
 <lb/>die oſſa pubis, die Schloß oder Beine der Scham allzu enge <choice><orig>zu-<lb break="no"/>ſammen</orig><reg>zuſammen</reg></choice>
 gewachſen ſind/ vnd in der Geburt ſich nicht von <choice><orig>einan-<lb break="no"/>der</orig><reg>einander</reg></choice>
thun koͤnnen. <num>22.</num> Wenn ſie an Stulgengen verſtopffet ſind/
 <lb/>Denn alßdann der Mutterhalß von den verhaltenen Stulgengen
 <lb/>gleich zugedrucket wird. Derwegen die Schwangern/ ſonderlich
 <lb/>wenn die Geburtszeit herzu nahet/ eines offenen Leibes ſich teglich
 <lb/>befleiſſigen ſollen/ wie oben im <num>14.</num> Capittel erklerung geſchehen.
 <lb/><num>23.</num> Wenn eine ſchwangere Fraw das Fieber hat/ denn dadurch
 <lb/>wird ſie erhitzet/ vnd derwegen krafftloß/ das ſie im gebeeren jhr
 <lb/>nicht helffen kan/ ſintemal die <foreign xml:lang="Latin" rend="antiqua">virtus expultrix</foreign> oder außtreibende
 <lb/>Krafft/ von der groſſen hitze geſchwecht wird. Darnach wird
 <lb/>durch das Fieber die feuchtigkeit/ ſo zum gebeeren in der Mutter
 <lb/>am hoͤchſten noͤtig/ wie zuuor iſt vermeldet/ verzehret vnd <choice><orig>außge-<lb break="no"/>trucknet</orig><reg>außgetrucknet</reg></choice>:
 Ja fuͤrs dritte/ die Frucht ſelbſt wird ſchwach vnd <choice><orig>krafft-<lb break="no"/>loß</orig><reg>krafftloß</reg></choice>/
 ſintemahl jhr die Nahrung vom Fieber verzehret vnd <choice><orig>benom-<lb break="no"/>men</orig><reg>benommen</reg></choice>
 wird. <num>24.</num> Die Weiber/ ſo von natur geduͤltig vnd <choice><orig>ſanfft-<pb break="no" n="80"/>muͤtig</orig><reg>ſanfftmuͤtig</reg></choice>
ſind/ jtem gehorſam/ zu rechter zeit die Kindes arbeit/ wenn
 <lb/>ſie ermahnet werden/ fleiſſig anfahen vnd treiben: die gebeeren
 <lb/>auch ehe vnd leichter/ als die halßſtarrigen ſawrtoͤpffe/ die von <choice><orig>na-<lb break="no"/>tur</orig><reg>natur</reg></choice>
Choleriſch/ wiederſpenſtig/ vngeduͤltig/ auch faul ſind/ die
 <lb/>haut nicht wollen dran ſtrecken. <num>25.</num> Die Megdlin machen die <choice><orig>ge-<lb break="no"/>burt</orig><reg>geburt</reg></choice>
ſchwerer als die Kneblin. Denn die Kneblin ſind hitziger vnd
 <lb/>ſtercker/ das ſie zum außkommen jhnen mehr dadurch helffen <choice><orig>koͤn-<lb break="no"/>nen</orig><reg>koͤnnen</reg></choice>.
 Die Megdlin aber ſind kelter vnd ſchwecher/ koͤnnen jhnen
 <lb/>nicht ſo wol forthelffen. <num>26.</num> Die Weiber gebeeren ehe vnd <choice><orig>leich-<lb break="no"/>ter</orig><reg>leichter</reg></choice>/
 die zuuor Kinder zur Welt gebracht haben/ vnd denen die <choice><orig>Ge-<lb break="no"/>beermutter</orig><reg>Gebeermutter</reg></choice>
 zuuor gebrochen. <num>27.</num> Gehoren auch hieher die <choice><orig>Ehe-<lb break="no"/>lichen</orig><reg>Ehelichen</reg></choice>
Wercke/ wenn ſolche zu viel geuͤbt werden/ ſonderlich in den
 <lb/>erſten drey Monden/ do die Frucht noch zart vnd ſubtil iſt. Vnd
 <lb/>wird die Fraw mit der Frucht krafftloß. Mehr nuͤtzlich iſts aber/
 <lb/>wenn es mit der Frawen auff die neige koͤmpt. <num>28.</num> Auch geſchichts
 <lb/>offt/ das eine Fraw in der Kindesarbeit zu hefftig arbeitet/ vnd ſich
 <lb/>zu ſehr zwinget/ dauon das heutlein <foreign xml:lang="Latin" rend="antiqua">Peritonæum</foreign> genant/ welches
 <lb/>die Eingeweide vmbgibt/ zerreiſſet/ vnd alßdann zum Nabel vnd
 <lb/>neben der Scham ſincket/ vnd einen Bruch verurſachet: Oder
 <lb/>das von ſolchem hefftigen zwang/ die <foreign xml:lang="Latin" rend="antiqua">muſculi</foreign> oder meußlin ſich
 <lb/>loß geben: Oder die Seenadern vnd <foreign xml:lang="Latin" rend="antiqua">nervi</foreign> daruͤber entzwey <choice><orig>ge-<lb break="no"/>hen</orig><reg>gehen</reg></choice>/
 vnd alßdann eine verſtruͤmpffung oder krampff geurſachet
 <lb/>wird. <num>29.</num> Zum letzten iſt eine euſſerliche vrſache zum ſchweren
 <lb/>gebeeren/ eine vngeſchickte vnd vnerfahrne Hebamme/
 <lb/>dauon im ein vnd zwantzigsten Capittel
 <lb/>meldung geſchehen.</p></div>
<pb n="81"/>
<div type="chapter" n="21"><head>Das <num rend="antiqua">XXI.</num> Capittel.
 <lb/><foreign xml:lang="Latin" rend="antiqua">De officio obſtetricis.</foreign>
 <lb/>Vom Ampt der Hebammen oder
 <lb/>Wehefrawen.</head>
 <p>DIe Kindesfrawen oder Hebammen ſind <choice><orig>lei-<lb break="no"/>der</orig><reg>leider</reg></choice>
 an vielẽ oͤrtern ſehr vbel abgerichtet/ wiſſen wenig
  <lb/>beſcheidt/ beſtellen auch jhr Ampt offt ſehr nachleſſig/
  <lb/>vnd verderben manchmahl Mutter vnd Kindt. <choice><orig>Et-<lb break="no"/>liche</orig><reg>Etliche</reg></choice>
 bringen die Frawen allzu zeitlich auff den Stul/
  <lb/>noͤtigen ſie fuͤr der zeit/ das ſie matt hernach ſein/ wenn es erſt recht
  <lb/>ſol an die Arbeit gehen. Etliche wiſſen gar keine vorbereitung
  <lb/>zum gebeeren/ die Schloß zuerweichen/ zu oͤffnen/ die ſchmertzen
  <lb/>zu lindern/ die matte Frucht oder auch die Frawen zu ſtercken.
  <lb/>Etliche wiſſen nicht/ wie man die wehen/ wenn ſie verbleiben/ ſol
  <lb/>forthbringen/ wie man das lebendige oder todte Kindt/ oder die
  <lb/>Nabel ſchnuͤre vnd Nachgeburt ſol treiben/ wie man das gebluͤte/
  <lb/>wenn es nach der Geburt zu heuffig fleuſt/ ſtillen ſol. Iſt <choice><orig>derwe-<lb break="no"/>gen</orig><reg>derwegen</reg></choice>
 hoch noͤtig/ das in wolbeſtatlen Regimenten die Hebammen
  <lb/>wol abgerichtet vnd erfahren ſein/ wie dann an etlichen oͤrtern <choice><orig>ge-<lb break="no"/>breuchlich</orig><reg>gebreuchlich</reg></choice>/
  das dieſelben in beyſein etlicher Erbahrer Matronen
  <lb/>von den <foreign xml:lang="Latin" rend="antiqua">Doctoribus</foreign> examiniert oder gefragt vnd vnterrichtet
  <lb/>werden.</p>
 <p>Vor allen dingen ſol die Hebamme oder Wehemutter <choice><orig>ge-<lb break="no"/>ſchickt</orig><reg>geſchickt</reg></choice>
  ſein vnd wol abgerichtet/ damit ſie zur Geburt mehr <choice><orig>foͤrde-<lb break="no"/>rung</orig><reg>foͤrderung</reg></choice>
vnd huͤlffe ſchaffe/ als verhinderung/ nicht groſſe toͤlpiſche
  <lb/>holtzhawriſche Bawrhende haben/ oder die Finger voll Ringe/ der
  <lb/>Frawen mit gutem ſanfften Worten zuſprechen/ ſie ermahnen/
<pb n="82"/>
  nicht mit Gottloſen vnzuͤchtigen oder ſchnarchenden reden/ als <choice><orig>et-<lb break="no"/>liche</orig><reg>etliche</reg></choice>
pflegen/ Sondern ſol ſie fein troͤſten einer froͤlichen Geburt/
  <lb/>die andern Frawen fleiſſig zum Gebet ermahnen/ vnd keine arbeit
  <lb/>anfahen/ es ſey denn/ das ſich das Kindt erſtlich zum griff erzeige/
  <lb/>oder das man es ſiehet. Sonſt iſt jhr arbeit vmbſonſt/ vnd wird die
  <lb/>Fraw dadurch gekrencket/ vnd arbeitet ſich abe/ das ſie darnach/
  <lb/>wenn ſie allererſt recht arbeiten ſol/ ſchwach iſt. Sie ſol mit <choice><orig>groſ-<lb break="no"/>ſem</orig><reg>groſſem</reg></choice>
fleiß/ wenn ſie nu der gebeerenden Frawen gegen vber ſitzet/
  <lb/>acht haben/ wo hin ſich die Geburt ſcheubet oder ſchicket. Denn
  <lb/>ſo die Geburt oder Frucht gerade herab nach der Mutterhalß wil/
  <lb/>ſol ſie die Geburtsglieder mit wolriechenden oͤhlen alſbald <choice><orig>ſenffti-<lb break="no"/>gen</orig><reg>ſenfftigen</reg></choice>.
  Wil aber die Frucht zu der einen ſeiten/ ſol ſie mit beyden
  <lb/>Henden den Bauch fein regieren/ ſchieben vnd richten/ das ſich
  <lb/>die Frucht zum Muttermunde begebe. So eine Handt oder Fuß
  <lb/>erſtlich herfuͤr koͤmpt/ ſol ſie mit jhrer zarten kleinen ſenfftigen vnd
  <lb/>geſchmierten Hand/ daſſelbe fein ſanffte wieder an ſeinen Orth
  <lb/>bringen. Vnd wehr gar gut/ nuͤtzlich vnd heilſam/ das ſie eine
  <lb/>bruͤhe von <foreign xml:lang="Latin" rend="antiqua">fœnum græcum</foreign> vnd Leinſamen bereitete/ vnd damit
  <lb/>jhre Hende warm befeuchte. Wenn aber das Kindt mit dem
  <lb/>Heupt oder Fuͤſſen herfuͤr koͤmpt/ ſol die Parientin oder <choice><orig>Gebeere-<lb break="no"/>rin</orig><reg>Gebeererin</reg></choice>
mit troͤſtlichen Worten angeſprochen werden/ das nu alles
  <lb/>gut ſey/ vnd das ſie den Athem/ ſo ſtarck ſie jmmer kan/ hart an ſich
  <lb/>halte/ vnd alſo der Frucht zum außtrieb dadurch forthelffe. Die
  <lb/>Hebamme aber ſol den Bauch oben vber dem Nabel/ mit jhren
  <lb/>Henden fein gelinde vnd ſanffte zuſammen druͤcken/ vnd alſo die
  <lb/>Frucht herab noͤtigen. Wenn nu die Fraw in der arbeit iſt/ vnd
  <lb/>das erſte fell/ in dem das Kindt liegt/ erſcheinet/ ſo nahet ſich die
  <lb/>Geburt. Wolte das Buͤſchlin nicht von ſich ſelbſt brechen/ wegen
  <lb/>ſeiner ſtercke/ oder dicke/ ſol es die Hebamme mit jhren Finger <choice><orig>na-<lb break="no"/>gel</orig><reg>nagel</reg></choice>
brechen/ oder es zwiſchen die Finger faſſen/ vnnd mit einem
<pb n="83"/>
  Meſſer oder ſcherlein fein ſachte auffſchneiden/ das ſie daß <choice><orig>Kind-<lb break="no"/>lein</orig><reg>Kindlein</reg></choice>
nicht ritze oder verwunde/ alßdann gehet das Waſſer herauß/
  <lb/>vnd folget das Kind hernach. Were aber das buͤſchlin zu zeitlich
  <lb/>auffgeſchnitten/ vnnd das Waſſer alles verlauffen/ dauon der
  <lb/>Mutter gemechte trucken wurden/ vnd das Kind ſo wol nicht <choice><orig>fort-<lb break="no"/>kommen</orig><reg>fortkommen</reg></choice>
koͤndte/ ſol ſie in der Frawen Gemechte weiß Lilgenoͤhl
  <lb/>eben warm gieſſen oder ſpruͤtzen/ vnd zerlaſſen Schmaltz von <choice><orig>En-<lb break="no"/>ten</orig><reg>Enten</reg></choice>/
  Genſen/ oder Kaphanen/ das den orth glat vnd ſchlipffrich
  <lb/>mache. Sonderlich aber iſt in dieſen noͤthen eine gute Artzney/
  <lb/>das Eyweiß mit ſeinem Totter in die Gemechte der Frawen <choice><orig>ge-<lb break="no"/>than</orig><reg>gethan</reg></choice>.
  Die Hebamme auch ſelber ſol jhre Hende mit weiß Lilgen
  <lb/>oͤhl oder fuͦß Mandeloͤhl/ vnd dergleichen oͤhlen oder Schmaltzen
  <lb/>ſalben. So dann durch die Gnade Gottes das Kind gluͤcklich in
  <lb/>die Welt kommen/ ſol die Hebamme oder Weiſemuͤme das Kind
  <lb/>bald ledigen/ vnd das ende des Nabels der Frawen an jhren <choice><orig>ſchen-<lb break="no"/>ckel</orig><reg>ſchenckel</reg></choice>
binden/ auff das die Nachgeburt nicht hinder ſich fahre/ vnd
  <lb/>darnach bey der Frawen verharre/ welches vmb der <hi rend="antiqua">corruption</hi>
  <lb/>vnd feule willen/ die Fraw von jhrer vernunfft bringen moͤchte/
  <lb/>ſintemahl ein groſſer ſtanck darauß erfolget/ welcher das Heupt
  <lb/>vnd Hertze ſehr beleidiget. Sol derwegen die Fraw vermanen/
  <lb/>das ſie ſich/ weil die Gebeermutter noch offen/ bewege/ oder kan
  <lb/>jhr ein Nieſepuluerlein in die Naſe thun/ auff das es durch Nieſen
  <lb/>deſto ehe folge/ wie dañ ſolch Puluer/ neben andern mitteln in dem
  <lb/>folgendem <num>23.</num> Capittel ſol beſchrieben werden. Was ferner mit
  <lb/>der Kindelbetterin vnd Jungen Kinde zuthun/ iſt im <num>28.</num> Capittel
  <lb/>zu finden.</p>
<p>Ferner von Hebammen zuuermelden/ was jhr Ampt ſey/
 <lb/>vnd wie ſie ſollen geartet ſein/ iſt zu wiſſen/ das ſie nicht ſol zu alt
 <lb/>noch zu jung ſein/ feine ſubtile Finger vnd Hende haben/ zimlich
 <lb/>ſtarck ſein/ fuͤr allen dingen Gottfuͤrchtig/ geuͤbt vnnd erfahren/
<pb n="84"/>
weiß/ verſtendig (darumb ſie denn auch an etlichen oͤrtern Weiſe
 <lb/>Frawen oder Weyſemuͤmen genennet werden) hertzhafftig/ <choice><orig>wil-<lb break="no"/>lig</orig><reg>willig</reg></choice>/
 die den jungen Weibern/ ſo zum erſten mahl gebeeren/ einen
 <lb/>troſt ins Hertze reden koͤnne/ ſol froͤlich vnd ſchertzhafftig ſein/ doch
 <lb/>nicht vnhoͤfflich oder vnzuͤchtig mit Worten/ ſol ja darauff ſehen/
 <lb/>das die Frawen nicht zu zeitlich geſetzet werden/ oder ſie vber die
 <lb/>zeit gehen laſſe/ vnd zu langſam auffbringe/ vnd ſo es ſich boͤſe <choice><orig>an-<lb break="no"/>ſehen</orig><reg>anſehen</reg></choice>
leſt/ jhnen einen Troſt einſprechen/ mit ſanfften vnd guten
 <lb/>Worten vermahnen zur Kindes arbeit/ das ſie jhrem muͤglichen
 <lb/>fleiß anwenden/ vnd alle jhre krafft dran ſtrecken. Sie ſol nicht
 <lb/>viel plaudern oder ſchnattern/ nicht eine feuchte Schweſter ſein/
 <lb/>ſondern meſſig vnd nuͤchtern leben/ damit ſie bey Tag vnd Nacht
 <lb/>bereit ſey/ vnd zu jeder zeit thun koͤnne/ was zur Sachen gehoͤret.
 <lb/>Wo ſie diß alles nicht in acht hat/ wehr es beſſer/ man brechte <choice><orig>ſol-<lb break="no"/>che</orig><reg>ſolche</reg></choice>
in den Stall zu den Kuͤhen/ Pferden vnd Eſeln. Auch ſol die
 <lb/>Hebamme allerley Salben/ oͤhl/ ſchmaltz/ Nieſepuluer/ <choice><orig>treibpul-<lb break="no"/>uer</orig><reg>treibpuluer</reg></choice>
 vnd dergleichen allzeit bey ſich in vorrath haben/ vnd mit <choice><orig>da-<lb break="no"/>hin</orig><reg>dahin</reg></choice>
 bringen. Derwegen ſich auch die Leute gegen ſolche <choice><orig>Hebam-<lb break="no"/>men</orig><reg>Hebammen</reg></choice>
recht ſchicken vnd danckbar erzeigen ſollen/ nicht mit einem
 <lb/>Hundebrot oder alen Beltz abweiſen/ auff das ſie mit noͤtigen
 <lb/>dingen ſich verſorgen koͤnnen. Sol die Fraw nieſent machen/ <choice><orig>be-<lb break="no"/>fehlen</orig><reg>befehlen</reg></choice>
das ſie den Athem feſt vnter ſich noͤtige/ den Huͤlffweibern/
 <lb/>das ſie den Leib von den Seiten vnter ſich zwingen/ befehlen: <choice><orig>je-<lb break="no"/>doch</orig><reg>jedoch</reg></choice>
jo nicht fuͤr der rechten zeit: Sol auch die Fraw vermahnen/
 <lb/>das ſie das außdehnen oder vber ſich rentzen/ jehnen oder hogapen
 <lb/>vnterwegen laſſe/ ſintemahl offt die Frucht dadurch wieder zu <choice><orig>ruͤ-<lb break="no"/>cke</orig><reg>ruͤcke</reg></choice>
trit. Vnd ſo das Kind verhanden/ es bald vnd ſchleunig
 <lb/>ledige/ darnach die Nabel ſchnuͤre wol in acht
 <lb/>nehme das die Affterbuͤrde nicht zu
 <lb/>ruͤcke fahre/ <abbr>rc.</abbr></p></div>
<pb n="85"/>
<div type="chapter" n="22"><head>Das <num rend="antiqua">XXII.</num> Capittel.
 <lb/>Noch ein Capittel gantz new/ vom
 <lb/>Ampt der Hebammen.</head>
 <div type="section" n="1"><p>DIeweil es leider die erfahrung giebt/ das
  <lb/>die Hebammen oder Wehemuͤtter nicht allein ſehr
  <lb/>vnerfahren vnd vngeſchicket/ ſondern auch fuͤhne/
  <lb/>trotzig/ verwegen/ vnd offtmahls Tyranniſcher art
  <lb/>erfunden werden/ dadurch den gebeerenden Frawen/ wie auch der
  <lb/>Frucht in Mutter leibe/ oder den jungen newgebornen Kindlein/
  <lb/>offtmahls groſſer vnd vnuͤberwindlicher ſchade zugefuͤget wird:
  <lb/>Alß habe ich/ in der jtzigen <hi rend="antiqua">Edition</hi> oder verbeſſerung dieſes <choice><orig>Bu-<lb break="no"/>ches</orig><reg>Buches</reg></choice>/
  noch ein Capittel von den Hebammen hierzu ſetzen wollen.
  <lb/>Weil ſolches die hohe noth erfordert. Vnd ob gleich diß <choice><orig>Capit-<lb break="no"/>tel</orig><reg>Capittel</reg></choice>
 etlichen boͤſen Leuten moͤchte ſpoͤttiſch fuͤrkommen/ ſo hoffe ich
  <lb/>doch dagegen/ das der andern mehr werde ſein/ denen ſolche arbeit
  <lb/>vnd trewhertzigkeit gefellig. So habe ich auch fuͤr mir anderer
  <lb/>fuͤrtrefflicher <foreign xml:lang="Latin" rend="antiqua">Medicorum Exempla</foreign>, die von dieſer ſachen/ oder
  <lb/>in ſolchem Capittel gleicher geſtalt weitleufftig geweſen/ wie <choice><orig>ne-<lb break="no"/>ben</orig><reg>neben</reg></choice>
 andern auch der <hi rend="antiqua"><foreign xml:lang="Latin">Phyſicus Patavienſis</foreign> Doctor Johannes
  <lb/>Hillebrandt, <date>Anno 1595.</date></hi> in ſeinem Hebammen Buch/ gethan hat.</p>
  <p>Bitte derowegen den guͤnſtigen Leſer/ Er jhm dieſe <choice><orig>wolmei-<lb break="no"/>nende</orig><reg>wolmeinende</reg></choice>
  erlengerunge der <hi rend="antiqua">Information</hi> oder des vnterrichts der
   <lb/>Hebammen gefallen laſſen wolle.</p>
  <p>Wir wiſſen vnd haben guten bericht/ auß Goͤttlicher <choice><orig>heili-<lb break="no"/>ger</orig><reg>heiliger</reg></choice>
   Schrifft/ das der Ewige/ guͤtige Gott/ wegen des <choice><orig>jaͤmmerli-<lb break="no"/>chen</orig><reg>jaͤmmerlichen</reg></choice>
   Falls vnſers erſten Vaters Adams/ zu dem Weibe <choice><orig>geſpro-<pb break="no" n="86"/>chen</orig><reg>geſprochen</reg></choice>:
   Ich wil dir viel ſchmertzen vnd kummer machen/ vnd <choice><orig>man-<lb break="no"/>nigfaltigen</orig><reg>mannigfaltigen</reg></choice>
   deine Kindertracht: Du ſolt mit kummer vnd <choice><orig>ſchmer-<lb break="no"/>tzen</orig><reg>ſchmertzen</reg></choice>
deine Kinder gebeeren/ vnd vnter deines Mannes gewalt ſein/
   <lb/>vnd er ſol dein Herr ſein/ <abbr>rc.</abbr></p>
<p>Weil wir denn alle alſo mit ſchmertzen vnd kummer auff die
 <lb/>Welt kommen vnnd gebohren werden/ kan zwar nicht allein der
 <lb/>Mutter/ ſondern auch der Frucht in Mutter leibe auß <choice><orig>vngeſchick-<lb break="no"/>ligkeit</orig><reg>vngeſchickligkeit</reg></choice>/
 vnd zu zeiten durch verwahrloſunge/ boßheit vnd vntrew
 <lb/>etlicher Hebammen/ viel vbels/ vngluͤcks/ vnd vnrahts/ <choice><orig>wieder-<lb break="no"/>fahren</orig><reg>wiederfahren</reg></choice>
 vnd zuſtehn.</p>
  <p>Darumb denn fuͤrnemblich der Magiſtrat vnd Obrigkeit
   <lb/>gebuͤhren wil/ in auffnehmung vnd erwehlung einer Hebammen/
   <lb/>zu ſehen vnd fleiſſig acht zu haben/ ob dieſelbige/ ſo auffgenommen
   <lb/>werden ſol/ eine Erbahre Gottsfuͤrchtige Fraw ſey/ ob ſie ſich <choice><orig>zu-<lb break="no"/>uor</orig><reg>zuuor</reg></choice>
ein zeit zu andern Hebammen gehalten/ vnd von jhnen was
   <lb/>erlernet habe/ ob ſie leſen/ ſchreiben/ vnd in Artzneyſachen/ zu der
   <lb/>Geburt vnd niederkunfft nuͤtzlich vnd dienſtlich/ erfahren/ geuͤbet/
   <lb/>vnd die jenigen zufaͤll/ ſo ſich bey den Gebeerenden zutragen <choice><orig>moͤch-<lb break="no"/>ten</orig><reg>moͤchten</reg></choice>/
   ſicherlich/ vnd mit beſcheidenheit/ in der Niederkunfft vnd
   <lb/>Geburt wenden/ auch guten bericht vnd ſchnellen Raht/ in <choice><orig>gefehr-<lb break="no"/>lichen</orig><reg>gefehrlichen</reg></choice>
    ſachen geben koͤnne/ ob ſie ſauber am Leibe/ erbahrer geſtalt
   <lb/>vnd Angeſicht/ ſtarck vnd arbeitſam/ gliedmaͤſſig/ gerad/ vnd <choice><orig>ge-<lb break="no"/>lenck</orig><reg>gelenck</reg></choice>
an Armen vnd Henden/ damit ſie mit handgriffen vnd jhrer
   <lb/>geſchickligkeit/ deſto beſſer vnd fertiger mit der Mutter vnd der
   <lb/>Geburt koͤnne vmbgehn/ ob ſie eines ehrlichen Lebens vnd guten
   <lb/>Wandels/ zuͤchtig von ſitten/ fleiſſig vnd vnuerdroſſen/ nuͤchtern/
   <lb/>munter/ vnd vnuergeſſen/ nicht neidiſch/ haͤſſig/ haderiſch vnnd
   <lb/>zaͤnckiſch/ nicht vngeduͤltig/ frech/ ſtoltz vnd hoffertig/ nicht trotzig/
   <lb/>bolderiſch vnd muͤrriſch mit worten vnd geberden/ ſondern <choice><orig>ſanfft-<pb break="no" n="87"/>muͤtig</orig><reg>ſanfftmuͤtig</reg></choice>/
   freundlich/ troͤſtlich/ behertzt/ vnd kurtzweiligs geſpraͤchs
   <lb/>ſey/ damit ſie den kleinmuͤtigen vnd verzagten Frawen vñ <choice><orig>Weibs-<lb break="no"/>perſohnen</orig><reg>Weibsperſohnen</reg></choice>
 nach nodturfft zuſprechen/ dieſelben zur arbeit behertzt
   <lb/>machen/ vnd im fall der noth troſten koͤnne.</p></div>
 <div type="section" n="2"><head>Zum Andern.</head>
 <p>WAnn nun dergleichen qualificierte vnd taugliche perſohnen
  <lb/>verhanden/ vnd von einer Obrigkeit an vnd <choice><orig>auffgenom-<lb break="no"/>men</orig><reg>auffgenommen</reg></choice>/
  wird vnd ſol ſie billig jhrem Ampt/ zu welchem/ als
  <lb/>einem Mittel vnd Werckzeug zu erhaltunge ſeines Geſchoͤpffs/
  <lb/>Gott der HErr ſie beruffen/ zum trewlichſten vnd fleiſſigſten <choice><orig>auß-<lb break="no"/>warten</orig><reg>außwarten</reg></choice>/
  jhr eigen Gewiſſen nicht beſchweren/ vnd allezeit das <choice><orig>Er-<lb break="no"/>ſte</orig><reg>Erſte</reg></choice>
  Capittel Exodi (alſo lautende: Vnd der Koͤnig zu Egypten
  <lb/>ſprach zu den Hebammen der Hebreiſchen Weiber/ derer eine
  <lb/>hieß Sephora/ vnd die ander Pua/ vnd gebot jhnen: Wann jhr
  <lb/>den Hebreiſchen Weibern helfft/ vnd die zeit der Geburt kommen
  <lb/>iſt/ wird es ein Knaͤblein/ ſo toͤdtet es/ iſts aber eine Tochter/ ſo <choice><orig>laſ-<lb break="no"/>ſet</orig><reg>laſſet</reg></choice>
  es leben: Aber die Hebammen fuͤrchteten Gott/ vnd thaten
  <lb/>nicht/ wie der Koͤnig zu Egypten jhnen geſagt hatte/ ſondern <choice><orig>er-<lb break="no"/>hielten</orig><reg>erhielten</reg></choice>
  die Knaͤblein/ darumb thet Gott den Hebammen guts/ vnd
  <lb/>weil die Hebammen Gott fuͤrchteten/ bawet er jhnen Heuſer/ <abbr>rc.</abbr>)
  <lb/>fuͤr Augen haben/ wol behertzigen vnd gedencken/ das ſie der <choice><orig>All-<lb break="no"/>mechtige</orig><reg>Allmechtige</reg></choice>
  Gott nicht allein hie zeitlich/ ſondern auch dort mit <choice><orig>ewi-<lb break="no"/>ger</orig><reg>ewiger</reg></choice>
  pein/ ernſtlich ſtraffen werde/ wo ſie jhrem Beruff nicht <choice><orig>fleiſ-<lb break="no"/>ſig</orig><reg>fleiſſig</reg></choice>
  außwarten/ oder jhr Ampt/ zu verderbung des Menſchen/
  <lb/>mißbrauchen werden.</p></div>
 <div type="section" n="3"><head>Zum Dritten.</head>
 <p>SOl eine Hebamme von andern Geſchaͤfften oder ſorgen
  <lb/>frey ſein/ damit ſie deſto beſſer vnd fleiſſiger jhrem Beruff
  <lb/>nachkommen moͤge. Sie ſol ſich auch allzeit anheims/ vnd
 <pb n="88"/>
  bey Hauß finden laſſen: Wann es ſich aber begiebe/ das ſie zu <choice><orig>ei-<lb break="no"/>ner</orig><reg>einer</reg></choice>
gebeerenden erfordert/ oder ſonſten an anderen oͤrten etwas
  <lb/>zu thun vnd zu ſchaffen haben wuͤrde/ ſol ſie allzeit hinder jhr bey
  <lb/>Hauß beſcheidt laſſen/ wo ſie zu finden ſey/ vnd wenn ſie erſucht/
  <lb/>zu einer jeden/ wes ſtandes ſie ſey/ allezeit bereit vnd williger <choice><orig>ſchei-<lb break="no"/>nen</orig><reg>ſcheinen</reg></choice>/
  keiner/ es ſey Reich oder Arme/ vmb gebuͤhrliche <choice><orig>Belohnun-<lb break="no"/>ge</orig><reg>Belohnunge</reg></choice>/
  nichtes verſagen/ vnd keiner jhre dienſte abſchlagen: Ja auch
  <lb/>(weil durch ſaumung der Hebammen leichtlich gefahr entſtehet)
  <lb/>ſtracks auff beſchehene erforderunge/ zu den Gebeerenden eylen/
  <lb/>vnd ohne weigerung zukommen fertig vnd willig ſein.</p></div>
<div type="section" n="4"><p>Zum Vierdten.</p>
 <p>VNd auff das die Hebammen deſto eher zufinden/ beuor ab/
  <lb/>da es ſich zutruͤge/ das (wie offt geſchicht) eine frembde
  <lb/>Weibes perſohn ſchwangeres Leibes ſich geſcheffte halben
  <lb/>hieher begebe/ vnd die zeit jhrer Geburt vnd Niederkunfft ſie <choice><orig>vber-<lb break="no"/>eylete</orig><reg>vbereylete</reg></choice>/
  auch andere nicht wuͤſten/ wo eine Hebamme zu erſuchen/
  <lb/>ſollen ſie ſonderbahre Tafeln/ wie in den Reichſtaͤdten/ vnd <choice><orig>an-<lb break="no"/>dern</orig><reg>andern</reg></choice>
  mehr oͤrter gebreuchlich/ mit gemahlten Kindlein an denen
  <lb/>Heuſern/ wo ſie jhre Wohnung vnd Herberge haben/ anſchlagen
  <lb/>oder herauß hangen.</p></div>
 <div type="section" n="5"><head>Zum Fuͤnfften.</head>
<p>SOllen ſie auch/ ſo viel jhr bey gemeiner Stadt allhie ſeind/
 <lb/>einig/ einhellig/ vnd eintrechtig mit einander ſein vnd <choice><orig>blei-<lb break="no"/>ben</orig><reg>bleiben</reg></choice>/
 vnd wo es ſich begiebe/ das eine/ ſo erfordert/ in der <choice><orig>ar-<lb break="no"/>beit</orig><reg>arbeit</reg></choice>
bey einer andern Frawen were/ vnd nicht abkommen moͤchte/
 <lb/>vnd alſo eine andere an ſtat derſelben erſucht wuͤrde/ ſol ſich deſſen
 <lb/>keine weigeren/ ſondern gutwillig vnd ohne verzug/ ob ſie ſchon
 <lb/>zuuor nicht gebraucht/ an das Ort/ wohin ſie beruffen/ gehen/ vnd
 <lb/>keines weges die Fraw ſolches entgelten laſſen. Wiederumb/ da
<pb n="89"/>
 man ſich bey einer Gebeerenden gefahr beſorget/ vnd eine oder
 <lb/>mehr zuſammen erfordert wuͤrden/ ſollen ſie/ wie billig vnd recht/
 <lb/>einander beyſtehn/ vnd eine der andern jhren trewen rath <choice><orig>mitthei-<lb break="no"/>len</orig><reg>mittheilen</reg></choice>/
 nichtes auß vngunſt oder neid verſchweigen vnd verhalten/
 <lb/>damit es nicht jrgends den Gebeerenden/ ſo wol auch der Frucht/
 <lb/>zu gefahr vnd vngutem reichen vnd gelangen moͤge/ ſondern <choice><orig>viel-<lb break="no"/>mehr</orig><reg>vielmehr</reg></choice>
 vnd in allwege derſelben beſte wolfahrt betrachtet vnd <choice><orig>befuͤr-<lb break="no"/>dert</orig><reg>befuͤrdert</reg></choice>
 werde.</p></div>
 <div type="section" n="6"><head>Zum Sechſten.</head>
  <p>WEnn eine Hebamme zu ledigen perſohnen/ als <choice><orig>Dienſtmaͤg-<lb break="no"/>den</orig><reg>Dienſtmaͤgden</reg></choice>/
   oder andern Weibern/ welche in vnehrlichem <choice><orig>vnzuͤch-<lb break="no"/>tigem</orig><reg>vnzuͤchtigem</reg></choice>
   leben/ ſchwanger erfunden/ erfordert vnd beruffen
   <lb/>wuͤrde/ ſol ſie ſich deſſen nicht wiedern/ ſondern zu jhnen gehen/
   <lb/>huͤlff vnd beyſtand erzeigen/ vnd in jhrem Beruff zum trewlichſten
   <lb/>außwarten. Wann ſie nun aber jhr Ampt verrichtet/ ſol ſie <choice><orig>nach-<lb break="no"/>frag</orig><reg>nachfrag</reg></choice>
   haben/ vnd ſich erkuͤndigen/ wer des Kindes Vater ſey/ <choice><orig>ſol-<lb break="no"/>ches</orig><reg>ſolches</reg></choice>
   auch alßbald der angeſetzten Obrigkeit/ damit dergleichen
   <lb/>aͤrgliches/ vnzuͤchtiges vnd ſuͤndliches leben/ der gebuͤhr nach <choice><orig>ge-<lb break="no"/>ſtraffet</orig><reg>geſtraffet</reg></choice>
   werde/ anzeigen: Item/ ſo ſie dergleichen <choice><orig>Weibsperſoh-<lb break="no"/>nen</orig><reg>Weibsperſohnen</reg></choice>/
   welche in vnzucht ſchwanger worden/ erfuͤhre/ wird vnd ſol
   <lb/>ſie auß ſchuͤldiger pflicht dieſelben anreden/ auch mit troͤſtlichen
   <lb/>vermahnungen/ oder/ nach gelegenheit/ ernſtlichen bedrawungen
   <lb/>dahin weiſen/ das ſie der lieben Frucht im Leibe verſchonen/ vnd
   <lb/>wann ſie jrgends durch eingebung des boͤſen Feinds/ oder auch
   <lb/>durch raht vnd liſt anderer Gottloſer vnd leichtfertiger Leute/ (wie
   <lb/>ſie zu thun pflegen) darzu gereitzt wuͤrden/ dieſelbige nicht <choice><orig>verder-<lb break="no"/>ben</orig><reg>verderben</reg></choice>
   vnd vertilgen wollen.</p></div>
 <div type="section" n="7"><head>Zum Siebenden.</head>
  <pb n="90"/>
  <p>WIrd eine jede Hebamme/ nach dem ſie jhre arbeit vnd ampt
   <lb/>mit der Gebeerenden verricht hat/ ſchuͤldig ſein/ in den <choice><orig>er-<lb break="no"/>ſten</orig><reg>erſten</reg></choice>
   vierzehn Tagen/ zum wenigſten vber den andern Tag/
   <lb/>oder wie es die noth erfordert/ ſie zubeſuchen/ vnd zuſehen/ damit
   <lb/>jhr vnd dem Kinde recht gewartet/ jhnen kein vbels wiederfahre/
   <lb/>oder ſie ſonſten durch vnuerſtendige/ vnerfahrne Koͤchin oder
   <lb/>Warterin/ wie denn leichtlich geſchehen kan/ nicht verwahrloſt
   <lb/>oder verderbt werden.</p></div>
 <div type="section" n="8"><head>Zum Achten.</head>
  <p>SOl keiner andern Frawen/ ſie ſey wer ſie wolle/ auß <choice><orig>vieler-<lb break="no"/>ley</orig><reg>vielerley</reg></choice>
   vrſachen/ geſtattet vnd zugelaſſen werden/ den <choice><orig>Gebee-<lb break="no"/>renden</orig><reg>Gebeerenden</reg></choice>
   vorzuſtehen/ vnd bey zuwohnen/ ſie ſey dann zuuor
   <lb/>von den darzu verordneten examiniert vnd geſchickt erfunden/
   <lb/>folgends auch von der Obrigkeit auffgenommen/ vnd mit dem <choice><orig>ge-<lb break="no"/>woͤhnlichen</orig><reg>gewoͤhnlichen</reg></choice>
   Eydt (daruon hernach) darzu gefertigt worden: Es
   <lb/>were denn ſache/ das ſolches die noth/ wegen ſaumung der Ammen
   <lb/>erfordert. Wann aber ein vngeſchworne ſich von jhr ſelbſten <choice><orig>der-<lb break="no"/>gleichen</orig><reg>dergleichen</reg></choice>
   vnterwinden wuͤrde/ ſollen die geſchworne Hebammen
   <lb/>alßdann ſolches der Obrigkeit anzeigen/ damit ſie fuͤr die darzu
   <lb/>verordneten Examinatorn erfordert/ vnd gehoͤrt werde/ ob ſie <choice><orig>jh-<lb break="no"/>rer</orig><reg>jhrer</reg></choice>
   vermeſſenheit nach zu ſtraffen/ oder jhrer Ehrbarkeit/ wandels
   <lb/>vnd geſchickligkeit halben/ an vnd auffzunehmen ſey. Im fall
   <lb/>man aber alßbald oder in eyl kein geſchworne Hebammen bey der
   <lb/>Gebeerenden haben/ oder bekommen mag/ iſt ein jegliche <choice><orig>verſten-<lb break="no"/>dige</orig><reg>verſtendige</reg></choice>
   Fraw/ ſo darbey iſt/ ſchuͤldig/ das ſie allen muͤglichen fleiß
   <lb/>vnd huͤlffe fuͤrwende/ damit es zu beyden ſeiten/ mit der Mutter
   <lb/>vnd dem Kinde recht zugehe/ nichts verſeumbt/ vnd keins <choice><orig>verwahr-<lb break="no"/>loſet</orig><reg>verwahrloſet</reg></choice>
   werde.</p>
 </div><pb n="91"/>
 <div type="section" n="9"><head>Zum Neunden.</head>
  <p>WEhre nicht vnrahtſam/ ja ſehr nothwendig/ das durch die
   <lb/>Obrigkeit etliche beſondere/ Erbahre alte Matronen/ die
   <lb/>auch Kinder getragen/ neben den Hebammen erwehlet vnd
   <lb/>geordnet wuͤrden/ in bedenckung deſſen/ ſo bey den Gebeerenden
   <lb/>etwas ſchweres vnd hochwichtiges/ mit Mißgeburten/ oder <choice><orig>an-<lb break="no"/>dern</orig><reg>andern</reg></choice>
   fuͤrfiele/ vnd ſich erzeigete/ das die Hebammen jhre zuflucht
   <lb/>zu jhnen haben/ vnd dieſelben vmb weiteren Rath zu erſuchen <choice><orig>het-<lb break="no"/>ten</orig><reg>hetten</reg></choice>.
   Im fall aber die ſachen alſo beſchaffen/ das hierbey weiter
   <lb/>gefahr zu beſorgen/ ſollen ſie auch nichts fuͤr ſich ſelbſten handlen/
   <lb/>ſondern die beſtalten <foreign xml:lang="Latin" rend="antiqua">Phyſicos</foreign> vnd <foreign xml:lang="Latin" rend="antiqua">Doctores</foreign> der Stadt darumb
   <lb/>erſuchen/ vnd guten raht von jhnen nehmen. Man kan vnd mag
   <lb/>auch wol auß gemelten Matronen zwey oder drey/ in <choice><orig>auffneh-<lb break="no"/>mung</orig><reg>auffnehmung</reg></choice>
   der Hebammen/ wenn ſie befraget vnd examinieret werden/
   <lb/>neben denen hierzu deputierten vnd verordnten Herrn/ nehmen
   <lb/>vnd erfordern/ damit ſie in gegenwart derſelben/ was ſie auf alle
   <lb/>Fragſtuͤck antworten/ ſelbſten auch hoͤren/ vnd ob ſie darzu <choice><orig>taug-<lb break="no"/>lich</orig><reg>tauglich</reg></choice>
   oder nicht/ jhre meinung vnd <foreign xml:lang="Latin" rend="antiqua">Judicium</foreign> ſagen vnd geben/ vnd
   <lb/>alſo in dieſem fall deſto ſicherer gehandelt werde.</p></div>
 <div type="section" n="10"><head>Zum Zehenden.</head>
  <p>WAnn ein abgang oder mangel an einer oder mehr <choice><orig>Hebam-<lb break="no"/>men</orig><reg>Hebammen</reg></choice>
  erſcheinet/ ſollen die Elteſten Hebammen ſolches der
   <lb/>ordentlichen Obrigkeit anzeigen/ vnd da ſie andere <choice><orig>taugli-<lb break="no"/>che</orig><reg>taugliche</reg></choice>
  wiſſen/ dieſelben nahmkuͤndig machen/ welche folgends von
   <lb/>denen darzu verordneten/ jhres lebens/ thuns vnd weſens/ handels
   <lb/>vñ wandels halben/ ſollen gehoͤrt/ vnd denn auff folgende ſehr <choice><orig>not-<lb break="no"/>wendige</orig><reg>notwendige</reg></choice>
   Artickel vnd Fragpuncten/ zuuor vnd ehe ſie zum <choice><orig>Jura-<lb break="no"/>ment</orig><reg>Jurament</reg></choice>
   vnd Eydt gelaſſen/ zum fleiſſigſten beſprochen vnd <choice><orig>exami-<pb break="no" n="92"/>nieret</orig><reg>examinieret</reg></choice>
  werden/ ſie auch auff ſolche Fragen/ mit beſcheidenheit gute
   <lb/>richtige Antwort zu geben/ ſchuͤldig ſein.</p>
  <div type="questions"><head>Folgen die Fragſtuͤck vnd Puncten/ <choice><orig>dar-<lb break="no"/>auff</orig><reg>darauff</reg></choice>
   die Hebammen zu examinieren vnd
   <lb/>zu befragen ſeind.</head>
   <div type="question" n="1"><head>Das Erſte Fragſtuͤck.</head>
    <p>OB ſie jhr/ mit huͤlff des Allmechtigen/ ſolchem von Gott <choice><orig>ge-<lb break="no"/>ordentem</orig><reg>geordentem</reg></choice>
     Ampte vnd Stand/ in allen faͤllen/ ſo ſich bey den
     <lb/>Gebeerenden in der Niederkunfft zutragen moͤchten/ <choice><orig>getra-<lb break="no"/>we</orig><reg>getrawe</reg></choice>
     vorzuſtehen/ guten raht vnd huͤlffe jhnen wiſſe mitzutheilen/
     <lb/>die Mutter ſampt dem Kinde nach der notturfft zu verſorgen vnd
     <lb/>zu verwahren.</p></div>
   <div type="question" n="2"><head>Das Ander.</head>
    <p>OB ſie zuuor auch neben anderen Hebammen bey den <choice><orig>gebee-<lb break="no"/>renden</orig><reg>gebeerenden</reg></choice>
     in Kindes noͤthen geweſen/ vnd von jhnen ſey <choice><orig>vnter-<lb break="no"/>richtet</orig><reg>vnterrichtet</reg></choice>
     worden/ vnd ob ſie ſelbſten vor dieſer zeit <choice><orig>Hebam-<lb break="no"/>mens</orig><reg>Hebammens</reg></choice>
 gepfleget/ wann/ vnd wie offt/ vnd an welchen orten ſolches
     <lb/>geſchehen/ damit man ſich der gelegenheit jhres verhaltens <choice><orig>daſelb-<lb break="no"/>ſten</orig><reg>daſelbſten</reg></choice>/
     bey etlichen Frawen befragen/ vnd erkuͤndigen moͤge.</p></div>
<div type="question" n="3"><head>Das Dritte.</head>
 <p>OB ſie auch ſelbſt Kinder getragen/ wie viel/ vnd zu was <choice><orig>zei-<lb break="no"/>ten</orig><reg>zeiten</reg></choice>/
  ob dieſelbigen lebendig auff die Welt vnd zum heiligen
  <lb/>Sacrament der Tauff kommen/ wie lang ſie gelebt/ vnd wie
  <lb/>viel jhrer noch im leben ſeind.</p></div>
   <div type="question" n="4"><head>Das Vierdte.</head>
    <p>OB ſie ſich getrawe/ die ſchwangern Frawen eine zeit vor der
     <lb/>Geburt/ ehe ſie niederkommen/ mit guter ordnung/ <choice><orig>gebuͤhr-<pb break="no" n="93"/>licher</orig><reg>gebuͤhrlicher</reg></choice>
     licher Speiſe/ Getranck/ Badens/ vnd anderen verhaltungen/
     <lb/>auff das ſie deſto leichter vnd eher gebaͤhren/ vnd deſto gluͤcklicher
     <lb/>nechſt Goͤttlichen gnaden/ geneſen moͤgen/ nach notturfft zu <choice><orig>ver-<lb break="no"/>ſorgen</orig><reg>verſorgen</reg></choice>/
     vnd jhnen vorzuſtehen.</p></div>
   <div type="question" n="5"><head>Das Fuͤnffte.</head>
    <p>OB ſie auch den ſchwangern Frawen fuͤr grawen/ vnwillen/
     <lb/>vndawen oder brechen/ vnnatuͤrlichen ſeltzamen geluͤſten:
     <lb/>Item/ fuͤr den Sodt/ Brennen/ deßgleichen auch fuͤr reiſſen
     <lb/>vnd beiſſen der Gebaͤrmutter/ fuͤr den Krampff/ fuͤr die geſchwulſt
     <lb/>des Leibes/ der heimligkeiten/ der Bein vnd Fuͤſſe/ vnd was <choice><orig>der-<lb break="no"/>gleichen</orig><reg>dergleichen</reg></choice>
     zufaͤllige mangel der Frawen mehr ſeind/ einen guten <choice><orig>tre-<lb break="no"/>wen</orig><reg>trewen</reg></choice>
     raht geben/ vnd huͤlffe erzeigen koͤme.</p></div>
   <div type="question" n="6"><head>Das Sechſte.</head>
    <p>WO hero der Frawen bloͤdigkeit oder blumen/ vnd <choice><orig>Monat-<lb break="no"/>liche</orig><reg>Monatliche</reg></choice>
     Reinigung jhren vrſprung vnd vrſach nehme/ vnd
     <lb/>warumb ſie ſich in zeit der ſchwangerung/ auch nach der
     <lb/>Geburt/ allweil die Fraw das Kind an der Bruſt hat/ verſtelle vnd
     <lb/>verhalte.</p></div>
   <div type="question" n="7"><head>Das Siebende.</head>
    <p>BEy welchen Zeichen ſie erkennen vnd abnehmen kan/ das
     <lb/>ein Fraw ſchwanger/ vnd ob ſie auch wiſſe/ was die <choice><orig>Gebeer-<lb break="no"/>mutter</orig><reg>Gebeermutter</reg></choice>
     der Frawen ſey/ was fuͤr ein jnnerliche geſtalt/ form
     <lb/>vnd groͤſſe/ ſampt den gefeſſen/ die habe/ an welchen orten oder
     <lb/>enden ſie im Leibeliege/ was die neheſten Glieder vnter vnd ob jhr
     <lb/>ſein/ mit welchen theilen des Leibs von jhnen ſie gemeinſchafft vnd
     <lb/>anhengung habe: Auch wann ſie empfangen/ in wie viel Roͤcklein/
     <lb/>Fellen oder Haͤutlein der Samen verſchloſſen/ wie es darnach
     <lb/>vmb die Frucht weiter eine gelegenheit habe/ auff was weiß das
     <pb n="94"/>
     Kind in Mutterleib ernehret/ vnd erhalten werde/ wie es wachſe
     <lb/>oder zunehme/ welcher geſtalt oder form daſſelbige in der <choice><orig>Gebber-<lb break="no"/>mutter</orig><reg>Gebbermutter</reg></choice>
     ſitze oder liege.</p></div>
   <div type="question" n="8"><head>Das Achte.</head>
    <p>OB ſie die natuͤrlichen wehen/ vnbetriegliche Zeichen der <choice><orig>Ge-<lb break="no"/>burtsſtunde</orig><reg>Geburtsſtunde</reg></choice>
     vnd zeit erkennen kan/ vnd welche dieſelben ſein/
     <lb/>wiſſe anzuzeigen.</p></div>
   <div type="question" n="9"><head>Das Neunde.</head>
    <p>WAnn die natuͤrlichen wehen in der Geburt ſich etwan <choice><orig>ver-<lb break="no"/>hielten</orig><reg>verhielten</reg></choice>
     vnd gelegt hetten/ wie ſie den Gebeerenden <choice><orig>dieſel-<lb break="no"/>ben</orig><reg>dieſelben</reg></choice>
     wiederbringen vnd erwecken: Entgegen aber/ die <choice><orig>wil-<lb break="no"/>den</orig><reg>wilden</reg></choice>
     wehen ſtillen vnd vertreiben moͤchte.</p></div>
   <div type="question" n="10"><head>Das Zehende.</head>
    <p>WIe die Laͤgerſtadt oder das Marterbeth (wie mans pfleget
     <lb/>zu nennen) den Gebeerenden zugericht/ vnd zubereit/ wie
     <lb/>ſie recht zu der Niederkunfft gelegt/ oder in was fall/ zu
     <lb/>was zeiten/ vnd wie der Ammen Stuͤl zu gebrauchen/ auch wann
     <lb/>ſie auff den Stuel gelaſſen vnd geſetzt/ vnd wie die <choice><orig>Weibsperſoh-<lb break="no"/>nen</orig><reg>Weibsperſohnen</reg></choice>/
     ſo zur huͤlffe verordnet/ vnd darbey ſein/ angeſtellet werden/
     <lb/>wie ſie fuͤr derſelben ſitzen/ vnd was fuͤr bereitſchafft vnd ſachen
     <lb/>dahero von noͤthen/ vnd ſie alſo/ damit nichts verſeumbt werde/
     <lb/>auch alles mit Gott richtig vnd gluͤcklich zugehe/ beyhendig <choice><orig>ha-<lb break="no"/>ben</orig><reg>haben</reg></choice>
     ſol.</p></div>
   <div type="question" n="11"><head>Das Eilffte.</head>
    <p>OB ſie auch wiſſe anzuzeigen/ welches die rechte natuͤrliche
     <lb/>Geburt ſey/ wie ſie vollkommenlich werde/ vnd was Geſtalt
     <lb/>das Kind natuͤrlicher weiſe ſich zu der Geburt ſchicken/ vnd
     <lb/>erzeigen ſol.</p></div>
   <pb n="95"/>
 <div type="question" n="12"><head>Das Zwoͤlffte.</head>
  <p>AVff was weiſe ſie das Kind empfahen/ abloͤſen/ vnd wie viel
   <lb/>ſie von dem Nabel laſſen/ oder von der Senader <choice><orig>abſchnei-<lb break="no"/>den</orig><reg>abſchneiden</reg></choice>/
   die binden/ vnd wieder in den Leib applicieren oder <choice><orig>ver-<lb break="no"/>fuͤgen</orig><reg>verfuͤgen</reg></choice>/
   vnd den Nabel verſorgen/ wie ſie das Kind baden/ <choice><orig>truck-<lb break="no"/>nen</orig><reg>trucknen</reg></choice>/
   vnd ſo es halb todt/ vnd den Athem nicht wol hette/ was ſie
   <lb/>thun/ auch wie ſie der Frawen die Geburtsglieder reinigen/ <choice><orig>ſeu-<lb break="no"/>bern</orig><reg>ſeubern</reg></choice>/
   vnd ſo ſie ſchadhafft/ mit was Salben oder oͤhlen dieſe <choice><orig>Sal-<lb break="no"/>ben</orig><reg>Salben</reg></choice>/
   vnd mit anderer notturfft verſehen: Auch wann die <choice><orig>Gebeer-<lb break="no"/>mutter</orig><reg>Gebeermutter</reg></choice>
   vmbgekehrt/ auß ſtarckem antreiben vnd noͤtigen auſſer
   <lb/>des Leibs ſich begebe/ ſie dieſelbe wiederumb hinein an jhr orth
   <lb/>bringen/ vnd der Frawen helffen wolle.</p></div>
   <div type="question" n="13"><head>Das Dreyzehnde.</head>
    <p>WAs die Nachgeburt/ Buͤſchel oder Buͤndel ſey/ vnd durch
     <lb/>was mittel oder wege es/ wann ſichs verhalten/ vnd dem
     <lb/>newgebohrnen Kindelein natuͤrlicher weiß nicht folgen/
     <lb/>vnnd ſich ſaumen wolte (dauon ſich groſſe gefahr/ vnd ſchwere
     <lb/>Kranckheiten/ zu zeiten auch der Todt/ wo ſie ſich lang verliegt vnd
     <lb/>fault/ verurſachet) von der Kinderbetterin außgetrieben/ oder
     <lb/>außgefuͤhret werden moͤchte/ was ſie auch hierinnen handlen/ wie
     <lb/>ſie ſich ſtellen/ vnd was ſie darzu gebrauchen wolte/ damit <choice><orig>dieſel-<lb break="no"/>bige</orig><reg>dieſelbige</reg></choice>
     zu rechtem außgang ohne ſchaden befuͤrdert werde.</p></div>
   <div type="question" n="14"><head>Das Vierzehnde.</head>
    <p>OB ſie in heiſchender oder fuͤrfallender noth vnd gefahr einer
     <lb/>ſchweren Geburt/ wann ſie nicht fort wil/ ſich ſperren vnd
     <lb/>verhindern wolt/ mit jhren handgriffen/ oder andern <choice><orig>bewer-<lb break="no"/>ten</orig><reg>bewerten</reg></choice>
     Artzeneyen/ guten mitteln/ der Frawen vnd der Frucht im Leib
     <lb/>zu fuͤrderlicher erledigunge verhelffen koͤnne/ vnd welcher geſtalt
     <lb/>ſie ſolches verrichten/ vnd vollenden wolle.</p></div>
   <pb n="96"/>
<div type="section" n="15"><head>Das Funffzehnde.</head>
 <p>WAs ſie thun wolte/ wenn das Kindt wieder den gemeinen
  <lb/>gebrauch der Natur zu der Geburt herkompt/ vnd in <choice><orig>man-<lb break="no"/>cherley</orig><reg>mancherley</reg></choice>
 weg oder geſtalten gewendt were: Als wann es <num>(1.)</num>
  <lb/>mit beyden Fuͤſſen vnter ſich/ auch beyden gelegten Armen/ neben
  <lb/>den Beinen hinab geſtreckt: oder <num>(2.)</num> mit beyden Fuͤſſen vnter ſich/
  <lb/>vnd mit beyden Armelein vnter ſich verruͤckt: oder <num>(3.)</num> mit einem
  <lb/>Fuͤßlein vnter ſich geſtreckt/ auch neben beſeits/ mit <choice><orig>vnterſchiedli-<lb break="no"/>chen</orig><reg>vnterſchiedlichen</reg></choice>
 abhangenden Armlein/ mit dem andern Schenckel gebogen
  <lb/>hinden vber ſich: oder <num>(4.)</num> beyſeits den langen weg vber zwerg/
  <lb/>mit geſtreckten Henden vnd Fuͤſſen vberſich: oder <num>(5.)</num> mit <choice><orig>geſper-<lb break="no"/>ten</orig><reg>geſperten</reg></choice>
 vnd von einander getheilten Fuͤſſen vnd Schenckeln: auch <num>(6.)</num>
  <lb/>mit außgeſperten vnter ſich geſtreckten Armlein: oder <num>(7.)</num> mit
  <lb/>eingebogenen Knielein/ mit beyden vnter ſich geſtreckten Armlein/
  <lb/>einem Menſchen gleich der kniet: oder <num>(8.)</num> wenns ein Haͤndlein
  <lb/>an Tag brechte/ vnd ſich erzeigete mit dem andern geſtrecktem
  <lb/>Armlein vnd beyden fuͤſſen vberſich/ vnd gar nahe vberzwerg lege:
  <lb/>oder <num>(9.)</num> mit beyden Henden vnter ſich geſtreckt/ aber mit beyden
  <lb/>Schenckeln vber ſich verruͤckt: oder <num>(10.)</num> vberſich mit gebogenem
  <lb/>Heuptlein/ mit dem hindern vnterſich/ vnd beyden vber ſich <choice><orig>ge-<lb break="no"/>ſtreckten</orig><reg>geſtreckten</reg></choice>
 Henden vnd Fuͤſſen: oder <num>(11.)</num> mit vber ſich gebogenem
  <lb/>Haͤuptlein/ mit den Schultern vnd Ruͤcken vnter ſich/ mit vber
  <lb/>ſich gethanen henden vnd fuͤſſen: oder <num>(12.)</num> mit beyden henden vnd
  <lb/>Fuͤſſen vnter ſich/ vnd mit vber ſich gekehrtem Ruͤcken/ oder <num>(13.)</num>
  <lb/>mit dem Bauch vnter ſich/ vber ſich aber mit außgeſtrecktem
  <lb/>Haupt/ Armen vnd Schenckeln: oder <num>(14.)</num> wann die Zwilling
  <lb/>beyde zugleich mit den Koͤpffen vnter ſich/ vber ſich aber mit <choice><orig>ge-<lb break="no"/>ſtreckten</orig><reg>geſtreckten</reg></choice>
 Henden vnd Fuͤſſen/ ſich erzeigten: oder <num>(15.)</num> zugleich mit
  <lb/>den Fuͤſſen vnd geſtreckten Armlein beyſeits vnter ſich/ vnd mit
 <pb n="97"/>
  verruͤcktem Haͤuptlein vber ſich: oder <num>(16.)</num> eins mit dem Kopff <choice><orig>vn-<lb break="no"/>ter</orig><reg>vnter</reg></choice>
 ſich/ aber mit den Henden vnd Fuͤſſen vber ſich natuͤrlich: das
  <lb/>ander aber mit dem Haupt vber ſich/ mit den Henden vnd Fuͤſſen
  <lb/>vnter ſich/ ob ſie dieſelben zu rechtem ordentlichem außgang in
  <lb/>Mutterleib wieder wenden/ mit jhren handgriffen richten vnd
  <lb/>bringen/ auch in fuͤrfallender noth die Gebeerenden ſtuͤtzen/ <choice><orig>ſtel-<lb break="no"/>len</orig><reg>ſtellen</reg></choice>/
  ſetzen/ legen/ vnd in ander weg mit jhr handlen/ damit ſie recht
  <lb/>nieder kommen vnd gebeeren moͤcht.</p></div>
   <div type="question" n="16"><head>Das Sechſzehnde.</head>
    <head>OB ſie erkennen kan/ wenn das Kind in Mutterleibe todt/ vnd
     <lb/>ſo es geſtorben oder todt were/ wie dem todten Kinde/ ohne
     <lb/>ſchaden der Mutter/ zu helffen vnd was weiter mit jhr <choice><orig>zu-<lb break="no"/>thun</orig><reg>zuthun</reg></choice>
     vnd zu handeln ſey.</head></div>
   <div type="section" n="17"><head>Das Siebenzehnde vnd Letzte.</head>
    <p>WAs zu thun/ vnd wie es mit einer verſtorbenen Gebeererin/
     <lb/>ſo die Frucht im Leibe noch bey leben iſt/ gehalten werden
     <lb/>ſol. Dieſe ſiebenzehen Fragſtuͤcke begreiffen den zehenden
     <lb/>punct/ ſo bey examen der Hebammen zu betrachten iſt.</p></div></div>
   <div type="section" n="11"><head>Zum Eilfften.</head>
    <p>SO dann eine Hebamme auff obgemelte Fragſtuͤck den <choice><orig>ver-<lb break="no"/>ordneten</orig><reg>verordneten</reg></choice>
     Herren <foreign xml:lang="Latin" rend="antiqua">Examinatoribus</foreign> der gebuͤhr nach <choice><orig>geant-<lb break="no"/>wort</orig><reg>geantwort</reg></choice>/
     vnd ſie dieſelbe/ jhres wandels/ erbahren lebens/ guten
     <lb/>ſitten/ geſtalt des Leibes/ vnd anderer geſchickligkeit halben/ zu <choice><orig>ſol-<lb break="no"/>chem</orig><reg>ſolchem</reg></choice>
  Ampt fuͤr tauglich halten vnd erkennen/ ſollen ſie ſolches
     <lb/>alßdann der Obrigkeit anzeigen/ damit ſie folgends <choice><orig>auffgenom-<lb break="no"/>men</orig><reg>auffgenommen</reg></choice>
     werde/ vnd nach beſchriebenem Eyd (wie denn alle ſo <choice><orig>auffge-<lb break="no"/>nommen</orig><reg>auffgenommen</reg></choice>/
     ſolchem nachzukommen ſchuͤldig ſein ſollen) <choice><orig>ſchwe-<lb break="no"/>ren</orig><reg>ſchweren</reg></choice>
  thue.</p>
    <pb n="98"/>
<div><head>Folgt der HebammenEydt vnd etliche
 <lb/>Artickel/ darauff ſie ſchweren ſollen.</head>
 <p>JHr ſolt ſchweren einen Eydt. <num>1.</num> Das jhr erſtlich vnd vor
  <lb/>allen dingen/ bey der rechten reinen Religion/ auch in der
  <lb/>Furcht Gottes/ bleiben vnd verharren wollet/ biß an ewer
  <lb/>ende/ ein zuͤchtiges/ Gott wolgefelliges leben fuͤr Gott vnd den
  <lb/>Menſchen fuͤhren/ euch den Trunck vnd Wein/ ſonderlich ſo jhr
  <lb/>euch bey einer Frawen gefahr beſorget/ nicht einnehmen laſſen
  <lb/>wollet.</p>
 <p>Fuͤrs Ander/ das jhr ewrem Ampt/ zu welchem euch der
  <lb/>Allmechtige beruffen/ vnd jhr von einer Obrigkeit darzu <choice><orig>verord-<lb break="no"/>net</orig><reg>verordnet</reg></choice>/
  allerſeits zum beſten/ es ſey bey Tag oder Nacht/ was ſtunde
  <lb/>es wolle/ mit ſonderin fleiſſe außwarten/ vnd demſelben zum <choice><orig>trew-<lb break="no"/>lichſten</orig><reg>trewlichſten</reg></choice>
  nachkommen/ menniglich/ Reich vnd Arm/ wes ſtands
  <lb/>vnd wuͤrden die ſeind/ ſo jhr erfordert werdet/ willig vnd geneigt
  <lb/>ſein/ allen muͤglichen fleiß vnd trew beweiſen/ keine Fraw <choice><orig>muth-<lb break="no"/>williger</orig><reg>muthwilliger</reg></choice>
  weiſe verſeumen vnd verwahrloſen: Euch auch nicht/ es
  <lb/>ſey mit eingebung etlicher purgierenden vnd treibenden ſachen/
  <lb/>oder auff andere weg vnd weiß/ wie das ſein oder geſchehen mag/
  <lb/>zu vertreibung einiger Geburt gebrauchen laſſen wollet.</p>
 <p>Fuͤrs Dritte/ da ein mißlicher vnd gefehrlicher fall bey einer
  <lb/>Gebeerenden vnd Niederkommenden ſich begebe oder zutruͤge/
  <lb/>das jhr neben den geſchwornen Hebammen/ andere verſtendige
  <lb/>Frawen/ auch ſo es die noth vber ſolches erheiſchen thete/ einen
  <lb/><foreign xml:lang="Latin" rend="antiqua">Doctorem</foreign> erſuchen/ vnd darzu erfordern laſſen wollet/ dann
  <lb/>auch/ vnd wann jhr in gleichen faͤllen zu anderen beruffen werdet/
  <lb/>trewlich/ fleiſſig/ vnd zum beſten rahten/ nichtes was nuͤtzlich/ <choice><orig>be-<lb break="no"/>fuͤrderlich</orig><reg>befuͤrderlich</reg></choice>
  vnd behuͤlfflich zu der Niderkunfft ſein mag/ weder auß
  <lb/>haß/ neid/ mißgunſt/ noch anderer vrſachen wegen/ verhalten.</p>
 <pb n="99"/>
 <p>Zum Vierdten/ wann ein vnnatuͤrliche/ wunderbarliche/
  <lb/>ſeltzame/ vnd vngewoͤhnliche Mißgeburt fuͤrkompt/ das jhr diß
  <lb/>der gebeerenden Frawen nicht anzeigen/ ſondern ſolches alßbald
  <lb/>der Obrigkeit vermelden ſollet vnd wollet.</p>
 <p>Zum Fuͤnfften/ ſo ein andere Fraw/ welche auch Kinder <choice><orig>ge-<lb break="no"/>tragen</orig><reg>getragen</reg></choice>/
  von euch vnterweiſunge vnd zu lernen begehret/ das jhr ſie
  <lb/>ein Jahr/ zwey oder drey ſtetigs vnterrichten/ vnd zum <choice><orig>trewlich-<lb break="no"/>ſten</orig><reg>trewlichſten</reg></choice>
  vnd fleiſſigſten vnterweiſen wollet/ <abbr>rc.</abbr></p></div>
    <div><head>Vnd wann nun hie ober geſetzte Artickel
     <lb/>der Hebammen verleſen worden/ ſollen ſie
     <lb/>hernachſtehenden Eydt ſchweren:</head>
     <p>ICh ſchwer zu Gott einen Eydt/ das ich allem dem jenigen/
      <lb/>ſo mir an jetzt nach der lenge muͤndlich fuͤrgehalten vnd <choice><orig>vor-<lb break="no"/>geleſen</orig><reg>vorgeleſen</reg></choice>
      worden/ ſo viel mir jmmer Menſchlich vnd muͤglich/
      <lb/>trewlich vnd fleiſſig/ auch wie ich es gegen Gott dem <choice><orig>Allmechti-<lb break="no"/>gen</orig><reg>Allmechtigen</reg></choice>/
      vnd allhie gegen der Welt/ zu verantworten ſchuͤldig/ geleben
      <lb/>vnd nachkommen/ vnd mich daran weder muth/ gab/ gunſt/ neid/
      <lb/>freundtſchafft/ feindſchafft/ noch andere vrſachen hindern laſſen
      <lb/>wil/ So wahr mit Gott helffe/ vnd ſein heiliges Euangelium.</p></div></div>
 <div type="section" n="12"><head>Zum Zwelfften.</head>
  <p>DEmnach die Frawen nicht allwegen/ beuor die <choice><orig>Erſttragen-<lb break="no"/>den</orig><reg>Erſttragenden</reg></choice>
   vnd Gebeerenden/ ſo eigentlich vnd gewiß die Stund
   <lb/>oder aber den Tag der Niederkunfft wiſſen koͤnnen/ Vnd
   <lb/>wol eine vor der andern eher oder lengſahmer/ ob ſie
   <lb/>ſchon zu gleicher zeit empfangen haben/ auch eine <choice><orig>ge-<lb break="no"/>ſchwinder</orig><reg>geſchwinder</reg></choice>/
   ſchneller vnd leichtlicher/ ein andere aber
   <pb n="100"/>
   langſahmer vnd ſchwerlicher pflegt nieder zu <choice><orig>kom-<lb break="no"/>men</orig><reg>kommen</reg></choice>/
   vnd zu gebeeren/ wird eine Hebamme/ alßbald ſie zu <choice><orig>ei-<lb break="no"/>ner</orig><reg>einer</reg></choice>
   Gebeerenden beruffen vnd erfordert/ ſich aller gelegenheit
   <lb/>vnd vmbſtende erkuͤndigen/ vnd wahr nehmen/ ehe ſie was anders
   <lb/>thut vnd handlet/ ob die rechte zeit jhrer niederkunfft/ auch die
   <lb/>rechte Kindswehen verhanden ſein oder nicht/ ſintemahl ſich <choice><orig>et-<lb break="no"/>liche</orig><reg>etliche</reg></choice>
   Kindswehen bißweilen vor der rechten zeit zutragen/ welche
   <lb/>ſich verlieren vnd hinweg gehen/ das alſo die Fraw noch etliche
   <lb/>Wochen vmbgehet/ ehe ſie niederkompt. Darumb eine <choice><orig>Hebam-<lb break="no"/>me</orig><reg>Hebamme</reg></choice>
   fuͤrſichtiglich/ weißlich/ vnd bedechtlich in ſolchen faͤllen <choice><orig>han-<lb break="no"/>delen</orig><reg>handelen</reg></choice>/
   die gebeerenden nicht vor gebuͤhrlicher rechter zeit/ auch one
   <lb/>noth/ zur arbeit anſtrengen vnd dringen. Denn groſſer ſchaden
   <lb/>darauß erfolget/ wenn ſie ſich zum arbeiten/ ehe es die noth <choice><orig>erfor-<lb break="no"/>dert</orig><reg>erfordert</reg></choice>/
   noͤtigen muͤſſen/ alſo das dieſelben/ wann zu rechter zeit ſie
   <lb/>jhnen helffen ſollen/ geſchwaͤcht/ abgemartert/ krafftloß ſein/ vnd
   <lb/>ſolches hernach zu thun nicht vermoͤgen. Vnd ob es ſchon <choice><orig>biß-<lb break="no"/>weilen</orig><reg>bißweilen</reg></choice>
   mit einer oder andern etwas lengſahmer zugehet/ wird vnd
   <lb/>ſol doch eine Hebamme der verweilunge halben nicht vnwillig
   <lb/>vnd verdroſſen ſein/ auch nicht leichtlich von den gebeerenden
   <lb/>Frawen/ bey welcher ſie iſt/ abweichen oder hinweg trachtet/ viel
   <lb/>weniger ſolche dahero zu vbrigen arbeiten vor rechter zeit <choice><orig>antrei-<lb break="no"/>ben</orig><reg>antreiben</reg></choice>
   vnd noͤtigen.</p></div>
  <div type="section" n="13"><head>Zum Dreyzehnden.</head>
   <p>WAnn dann die Hebamme die rechte zeit vnd natuͤrlichen
    <lb/>wehen erkent hat/ vnd weiß/ wie ſie/ ſo es die zeit erleidet/
    <lb/>vnd der handel verzug haben mag/ die ſchwangere Fraw
    <lb/>mit lieblichen/ geſchickten/ vnd hierzu dienſtlichen Worten <choice><orig>troͤ-<lb break="no"/>ſten</orig><reg>troͤſten</reg></choice>/
    ſtercken vnd ermahnen/ das ſie vnerſchrocken/ tapffer vnd
    <lb/>arbeitſam ſein woͤlle/ gern vnd willig in ſolchem fall/ weil es <choice><orig>an-<pb break="no" n="101"/>ders</orig><reg>anders</reg></choice>
   ders nicht ſein kan/ folgen/ jhr beſts thun/ vnd alſo an jhrem fleiß
    <lb/>nichts erwinden laſſen. Ebener geſtalt wird ſie die andern <choice><orig>Fra-<lb break="no"/>wen</orig><reg>Frawen</reg></choice>/
    ſo gegenwertig vnd verhanden ſein/ anreden/ jhnen <choice><orig>zuſpre-<lb break="no"/>chen</orig><reg>zuſprechen</reg></choice>/
    vnd ſampt der ſchwangeren Frawen die heiſſen niederknien/
    <lb/>vnd alſo mit einander den Allmechtigen Gott/ damit er jhr ein
    <lb/>gluͤckſehliges ſtuͤndlein jhrer Niederkunfft vnd froͤlichen anblick
    <lb/>mit Gnaden verleyen wolle/ anruffen vnd bitten/ vnd zugleich mit
    <lb/>andacht ein Vater vnſer/ auß Chriſtlichem Glauben beten. Wañ
    <lb/>ſolches geſchehen/ wird ſie die laſſen auff ſtehen/ vnd das werck im
    <lb/>Nahmen Gottes anfahen/ die Fraw auff das Marterbeth (<choice><orig>wel-<lb break="no"/>ches</orig><reg>welches</reg></choice>
   nicht von gelinden vnd weichen Federn ſein ſol) bringen/ oder
    <lb/>wann es die gelegenheit erfordert/ auff den Stuel darzu <choice><orig>verord-<lb break="no"/>net</orig><reg>verordnet</reg></choice>
    (deſſen ſitz aber allenthalben an den Ecken vnd inwendig <choice><orig>her-<lb break="no"/>umb</orig><reg>herumb</reg></choice>
   an allen oͤrtern mit gelinden Tuͤchern/ damit die Fraw linde
    <lb/>ſitze/ vnd das Kind von den Ecken nicht verletzet werde/ gebunden
    <lb/>vnd verwahret ſein ſol) ſetzen. Ehe ſie aber darauff gebracht/ wird
    <lb/>ſich die Hebamme aller notturfft nach/ mit Schaͤrlein/ <choice><orig>Schwaͤm-<lb break="no"/>men</orig><reg>Schwaͤmmen</reg></choice>/
    Meſſerlein/ Faden/ weiſſen warmen Lilienoͤhl/ jhre Hende
    <lb/>vnd der Frawen Leib von fornen her damit zu ſalben/ vnd mit <choice><orig>an-<lb break="no"/>derer</orig><reg>anderer</reg></choice>
   Ruͤſtung vnd nothwendigen ſachen/ darzu dienſtlich/ ſich
    <lb/>verſorgen: Auch ehe ſie zur arbeit greifft/ eine Fraw hinden zu der
    <lb/>Gebeerenden Ruͤcken/ verordnen vnd ſtellen/ die ſol die <choice><orig>Gebee-<lb break="no"/>rende</orig><reg>Gebeerende</reg></choice>
   mit jhren Armen auff dem Stule (welches liegend auff dem
    <lb/>Bette nicht geſchehen kan) vmbfahen/ damit ſie in zeit der arbeit/
    <lb/>wie ſie die Hebamme vnterrichten vnd lehren wird/ mit jhren <choice><orig>hen-<lb break="no"/>den</orig><reg>henden</reg></choice>/ den Kindswehen nach/ hoͤfflich der Frawen Bauch von oben
    herab vnter ſich ſtreichen/ vnd ſenfftiglich/ doch der Frucht vnnd
    <lb/>der Mutter ohne ſchaden/ druͤcken/ oder von hinden jhr an die <choice><orig>Len-<lb break="no"/>den</orig><reg>Lenden</reg></choice>
   greiffen moͤge. Vber ſolches/ ſol die Hebamme noch andere
    <lb/>zwo Frawen/ oder zum wenigſten eine zu jeder ſeiten ſtellen vnd
   <pb n="102"/>
   ordnen/ welche der Frawen zuſprechen/ ſie ermahnen/ vnd ſo man
    <lb/>jhrer beduͤrfftig/ ſie im fall der noth der Gebeerenden die Beine <choice><orig>he-<lb break="no"/>ben</orig><reg>heben</reg></choice>/
    halten/ vnd ſonſten helffen moͤchten.</p>
   <p>Nach verrichtung deſſen/ wird die Hebamme fuͤr die <choice><orig>Ge-<lb break="no"/>beerende</orig><reg>Gebeerende</reg></choice> 
    niederſitzen/ jhr den vordern Leib vnd die <choice><orig>Geburtsglie-<lb break="no"/>der</orig><reg>Geburtsglieder</reg></choice>/
    mit weiß Lilienoͤhl/ ſuͤß Mandeloͤhl/ vnd Huͤnerſchmaltz/
    <lb/>durcheinander vermiſchet/ ſalben/ denn es den feiſten <choice><orig>Erſttragen-<lb break="no"/>den</orig><reg>Erſttragenden</reg></choice>/
    auch denen/ welchen die Geburtsglieder enge/ vnd ſehr <choice><orig>tru-<lb break="no"/>cken</orig><reg>trucken</reg></choice>
   ſeind/ dienſtlich/ wie auch ein Eyertoͤtterlein/ oder das weiß
    <lb/>dauon/ wann es mit obgemelten oͤhlen vnd ſchmaltz vermiſchet/ in
    <lb/>die Scham geſtrichen wird. Wann diß geſchehen/ wird die <choice><orig>Heb-<lb break="no"/>amme</orig><reg>Hebamme</reg></choice>
   auch jhre Hende wol ſalben/ vnd die ſchwangere Fraw zur
    <lb/>arbeit (doch ehe nicht/ biß ſie der Sachen gewiß/ vnd das Kindt
    <lb/>verhanden/ ſich gewendt/ vnd natuͤrlicher weiß zum rechten <choice><orig>Auß-<lb break="no"/>gang</orig><reg>Außgang</reg></choice>
   gang gericht vnd geſchickt) ermahnen/ vnd bitten/ das ſie jhr/ als
    <lb/>eine Mutter/ trewlich helffen wolle. So auch die Frawe <choice><orig>kleinmuͤ-<lb break="no"/>tig</orig><reg>kleinmuͤtig</reg></choice>/
    vnd verzagt zur arbeit (wie bey vielen geſchicht) wehre/ vnnd
    <lb/>fuͤrchtete/ es geſchehe jhr zu wehe/ ſol die Hebamme ſie erſtlich mit
    <lb/>freundlichen/ ſittſahmen worten/ vnd nicht jrgends mit <choice><orig>vnzimbli-<lb break="no"/>chen</orig><reg>vnzimblichen</reg></choice>
   ſchreyen/ hartem pochen vnd poldern/ damit ſie nicht mehr
    <lb/>verzagt vnd erſchrocken werde/ zur gebuͤhr weiſen/ vnd ſenfftiglich
    <lb/>ſtraffen. Wo ſie aber ſehe/ das ſie alſo wiederſpenſtig/ vnd ſo
    <lb/>muthwillig were/ das ſie mit guten Worten nichts außrichten/ <choice><orig>er-<lb break="no"/>halten</orig><reg>erhalten</reg></choice>/
    vnd zu wegen koͤndte bringen/ ſol ſie behertzt ſein/ vnd der
    <lb/>Gebeerenden etwas ernſtlicher vnd ſtaͤrcker zu reden/ auch ſo es die
    <lb/>noth erfordert/ mit ſcheltworten (doch bedaͤchtlichen/ vnd mit <choice><orig>gu-<lb break="no"/>ter</orig><reg>guter</reg></choice>
   beſcheidenheit/ wie jede Hebamme ſelbſt wiſſen ſol) ſie ſtraffen/
    <lb/>vnd dahin treiben/ damit ſie nicht ſelbſten ſich/ vnd die Frucht <choice><orig>ver-<lb break="no"/>hindere</orig><reg>verhindere</reg></choice>.
    Vnter deſſen aber/ vnd darnach wird die Hebamme mit
    <lb/>jhren handgriffen vnd zuͤchtigen ſuchen/ den Außgang des Kindes
   <pb n="103"/>
    wahrnehmen/ vnd mit jhren fingern hoͤfflich erfahren/ auch <choice><orig>dem-<lb break="no"/>ſelben</orig><reg>demſelben</reg></choice>/
    in durchſchneidenden groſſen wehen ſenfftiglich helffen/
    <lb/>der Gebeerenden Leib mit maß vnd gelegenheit/ ohne ſchaden des
    <lb/>Kindes vnd der Mutter/ von einander theilen/ vnd ſehen/ an <choice><orig>wel-<lb break="no"/>chen</orig><reg>welchen</reg></choice>
   orten vnd enden/ vnten oder oben/ ſich das Kind anſtellen/
    <lb/>oder ſetzen wolte/ das ſie geſchwind da ſey/ vnd in eroͤffnung des
    <lb/>Leibes/ vnd durchdringung/ ſie mit jhren Fingern vnd <choice><orig>handgrif-<lb break="no"/>fen</orig><reg>handgriffen</reg></choice>/
    der gerade nach/ dem Kinde den rechten weg weiſe/ vnd zum
    <lb/>Außgang befuͤrdere.</p></div>
  <div type="section" n="14"><head>Zum Vierzehnden.</head>
   <p>WEnn nach ſolchem die Geburt gluͤcklich erfolgt/ die <choice><orig>Mut-<lb break="no"/>ter</orig><reg>Mutter</reg></choice>
    deren mit den Gnaden Gottes entladen/ vnd mit <choice><orig>woll-<lb break="no"/>fahrt</orig><reg>wollfahrt</reg></choice>/
    ohne gefahr/ entledigt worden/ wird die Hebamme
    <lb/>das Kind empfahen/ vnd wie ſichs gebuͤhret/ die Affter oder <choice><orig>Nach-<lb break="no"/>geburt</orig><reg>Nachgeburt</reg></choice>
    vom Nabel geſchwind vnd ſchnell abledigen/ dann mit <choice><orig>ei-<lb break="no"/>nem</orig><reg>einem</reg></choice>
    ſtarcken vnd zwifachten Zwirns oder Seiden faden/ nahe an
    <lb/>des Kindes Leibelein/ des meiſtes auff vier zwerfinger breit vom
    <lb/>Beuchel/ je neher je beſſer/ weil es ſchoͤnere eingewachſene <choice><orig>Naͤbe-<lb break="no"/>lem</orig><reg>Naͤbelem</reg></choice>
    gibt/ auch alſo (damit dem Kind durch das vbel binden die
    <lb/>krefften nicht entgehen/ ſich verblute/ wie offt geſchicht/ vnd <choice><orig>da-<lb break="no"/>durch</orig><reg>dadurch</reg></choice>
    vmbkommen moͤchte) verbinden vnd abſchneiden/ das <choice><orig>Kind-<lb break="no"/>lein</orig><reg>Kindlein</reg></choice>
    in reine/ ſaubere vnd zarte Tuͤchlein in die Schoß legen/ vnd
    <lb/>wol ſehen/ ob daſſelbe lebendig oder todt/ flecket/ oder ſonſten
    <lb/>ſchwartz/ weiß oder leiblicher farbe ſey: Ob es den Athem <choice><orig>ſchoͤpf-<lb break="no"/>fen</orig><reg>ſchoͤpffen</reg></choice>
    kan oder nicht. So es erſchwartzet/ ſol die Hebamme einen
    <lb/>Wein nehmen/ dem Kinde vnter des Geſichte ſpruͤtzen/ oder <choice><orig>Ca-<lb break="no"/>nell</orig><reg>Canell</reg></choice>
    kawen/ jhme vnter das Geſichtlein: Auch ſo es nicht Athem
    <lb/>haben kan/ in das Maul vnd Haͤlßlein/ oder in den hindern Theil
    <lb/>des Leibs/ mit beſcheidenheit blaſen. So aber der hinder theil zu
    <pb n="104"/>
    wehre/ vnd der Affter mit einem Heutlein (wie offt geſchicht) <choice><orig>v-<lb break="no"/>berwachſen</orig><reg>vberwachſen</reg></choice>/
    ſol mans mit einem kleinen Meſſerlein/ oder <choice><orig>Inſtru-<lb break="no"/>mentlein</orig><reg>Inſtrumentlein</reg></choice>/
    welches die Hebammen bey ſich haben ſollen/ <choice><orig>durch-<lb break="no"/>ſchneiden</orig><reg>durchſchneiden</reg></choice>.
    Es ſol auch in einem oder andern die Hebamme das
    <lb/>wenigſte nicht vberſehen/ verſeumen/ noch dahinden verbleiben
    <lb/>laſſen/ ſondern weil der Leib noch offen ſtehet/ vnd außgedehnet
    <lb/>iſt/ auch ehe der Weg eng vnd verſtopfft wird/ die Nach- oder <choice><orig>Aff-<lb break="no"/>tergeburt</orig><reg>Afftergeburt</reg></choice>/
    ſo ſie nicht bald auff das Kind folgt/ befordern/ den <choice><orig>rech-<lb break="no"/>ten</orig><reg>rechten</reg></choice>
    Weg weiſen/ nehmen/ empfahen vnd der Frawen von ſtatt
    <lb/>helffen/ ſie in das Bette bringen/ vnd nach notturfft verſehen:
    <lb/>Dann es ſich leichtlich zutragen kan (wie offt geſchicht) das/ wenn
    <lb/>die Weiber alle auff das Kind achtung haben/ vnd der Mutter
    <lb/>vergeſſen/ ſie hierdurch etwa krafftloſer weiſe/ in ohnmacht dahin
    <lb/>gehen moͤchte/ oder aber bey der Mutter zu lange ſtehen/ vnd das
    <lb/>Kind verſeumen/ dadurch demſelben auch nicht geringe gefahr <choice><orig>be-<lb break="no"/>gegnen</orig><reg>begegnen</reg></choice>
    vnd zuſtehen mag. Zu dem geſchichts vnd begiebts ſich
    <lb/>offt/ wenn das Kindt ſehr ſchwach/ vnd ſchier halb todt auff die
    <lb/>Welt kompt/ das mans leichtlich verſehen/ vnd verſaumen <choice><orig>moͤch-<lb break="no"/>te</orig><reg>moͤchte</reg></choice>/
    wo man mit abloͤſunge vnd zubindunge des Nabels nicht <choice><orig>ge-<lb break="no"/>ſchwind</orig><reg>geſchwind</reg></choice>
    vnd fertig were.</p></div>
  <div type="section" n="15"><head>Zum Funffzehnden.</head>
   <p>WAnn das Naͤbelein des Kindes alſo fein fuͤglichen abgeloͤſet/
    <lb/>verbunden vnd abgeſchnitten iſt/ ſo ſol die Hebamme
    <lb/>mit einem Finger dem Kinde vnter das Zuͤnglein greiffen/
    <lb/>vnd wahrnehmen ob es jhm haffte. So dem alſo/ wird ſie das <choice><orig>A-<lb break="no"/>derlein</orig><reg>Aderlein</reg></choice>/
    weil es noch weich vnd muͤrbe/ alßbald abdruͤcken. <choice><orig>Dar-<lb break="no"/>nach</orig><reg>Darnach</reg></choice>
    das Kind in ein Bademlude/ darinnen ein reines vnd <choice><orig>ſaube-<lb break="no"/>res</orig><reg>ſauberes</reg></choice>/
    in zimlicher waͤrme/ doch nicht zu heiß/ auch nicht zu kalt/ vnd
    <lb/>nicht geſaltzen/ (wie bey etlichen der Gebrauch/ vnd zu forderſt
<pb n="105"/>
    bey den Griechen geweſen iſt) Waſſer ſein ſol/ legen/ vnd in <choice><orig>ſol-<lb break="no"/>chem</orig><reg>ſolchem</reg></choice>
 Badt daſſelb von aller vnſauberkeit reinigen/ den Vnraht
    <lb/>vnd Schleim abwaſchen/ vnd dergeſtalt baden/ das ſie des Kinds
    <lb/>Haͤuptlein mit der lincken Hand auffhalte/ mit der rechten aber
    <lb/>die Hoͤlen der Augen wol formiere/ das Haͤupt zu rechter form
    <lb/>vnd rotunditet mit beſcheidenheit trucke/ die Biller oder das <choice><orig>Zahn-<lb break="no"/>fleiſch</orig><reg>Zahnfleiſch</reg></choice>
 ſenfftiglich vnd wol reibe/ die Armlein/ Hende/ Bein vnd
    <lb/>Fuͤßlein/ recht/ wie ſie ſein ſollen/ richte/ vnd wol abtruckne. Sie
    <lb/>laſſe auch ein Puͤluerlein/ von Welſchen Kuͤmmel/ Myrrhen/
    <lb/><foreign xml:lang="Latin" rend="antiqua">Aloe, Bolo Armeno, Sarcocolla, Sanguine Draconis</foreign>, in der
    <lb/>Apoteken durch einander vermiſchet machen/ vnd beſtrawe das
    <lb/>Naͤbelein damit/ oder binde ſolches in ein Buͤndelein/ vnd lege es
    <lb/>auff das Naͤbelein/ denn es behuͤts fuͤr bluten/ vnd andern zufellen.
    <lb/>Diß Puͤluerlein iſt auch zu gebrauchen/ nach dem der Nabel <choice><orig>ge-<lb break="no"/>ſchloſſen</orig><reg>geſchloſſen</reg></choice>/
    vnd hinweg gefallen iſt/ es machet jhn ſchoͤn/ vnd heilet
    <lb/>bald. Demnach auch die Kinder zart von Heutlein/ vnd nach der
    <lb/>Geburt vom Rauch/ kaltem Wind vnd Lufft/ oder andern <choice><orig>auß-<lb break="no"/>wendigen</orig><reg>außwendigen</reg></choice>
 zuſtehenden ſachen leichtlich verletzt werden: Pflegen
    <lb/>etliche Hebammen/ die Kinder vor ſolchem zu bewahren/ ſalben vñ
    <lb/>beſtreichen die/ mit Haͤnne/ Kappaunen/ Gaͤnß/ oder <choice><orig>Butter-<lb break="no"/>ſchmaltz</orig><reg>Butterſchmaltz</reg></choice>/
    Loroͤhl/ Leinoͤhl/ <abbr>rc.</abbr> welches ich auch nicht fuͤr unguth
    <lb/>halte. Aber zu ſolchen wird in dieſem fall fuͤr obgemeldte das oͤhl
    <lb/>von Eicheln gelobt.</p>
 <p>Nach dieſem ſol ſie gelinde/ weiche/ warme Tuͤchlein haben/
  <lb/>das Kind abtrucknen vnd ſenfftiglich darein legen/ zu dem Haͤupt
  <lb/>aber/ wie auch zu den Armlein/ ein beſonders/ welches man jhme
  <lb/>vber das Haͤupt/ wie eine Haube oder Kugel/ zu rechter <choice><orig>formie-<lb break="no"/>runge</orig><reg>formierunge</reg></choice>
 der Rotunditet deſſelben (damit es nicht ſpitzig/ vnfoͤrmlich
  <lb/>vnd vngeſchickt/ ſondern run vnd kugelicht werde/) applicieren
  <lb/>vnd richten: Dann auch die Armelein mit dem andern Tuͤchlein
 <pb n="106"/>
gerad vnd gleich vnterſchlagen: die Fuͤß aber/ damit ſie nicht krum
  <lb/>werden/ mit den andern Tuͤchlein ebener geſtalt verwicklen/ vnd
  <lb/>mit einer breiten binden/ nach dem ſie lang iſt/ zum offtermahl <choice><orig>be-<lb break="no"/>winden</orig><reg>bewinden</reg></choice>
  vnd vnterſtecken/ damit ſich das Kind nicht leichtlich <choice><orig>auff-<lb break="no"/>loͤſen</orig><reg>auffloͤſen</reg></choice>
kan.</p></div>
<div type="section" n="16"><head>Zum Sechzehnden.</head>
 <p>NAch dem ſich offtmahl ſehr ſchwere/ gefehrliche/ mißliche
  <lb/>Geburt/ alſo das zu zeiten die Mutter/ zu zeiten das Kindt/
  <lb/>zu zeiten auch beyde mit einander in groſſer gefahr ſein/ <choice><orig>be-<lb break="no"/>geben</orig><reg>begeben</reg></choice>
  vnd zutragen/ wird die Hebamme/ ſo erſtens zu der <choice><orig>Gebee-<lb break="no"/>renden</orig><reg>Gebeerenden</reg></choice>
  erfordert/ noch eine/ vnd ſo es die noth erheiſchet/ die <choice><orig>ande-<lb break="no"/>re</orig><reg>andere</reg></choice>/
  dritte/ auch vierdte/ damit keine verwahrloſunge geſchehe/ zu
  <lb/>ſich beruffen vnd fordern. Wann aber dieſelbe/ oder eine andere
  <lb/>Hebamme ſich deſſen beſchweren thete/ vnd keine andere zu ſich
  <lb/>fordern vnd beruffen/ auch ſelbeſten fuͤr die geſchickſte gehalten
  <lb/>werden/ vnd keiner andern dißfalls die Ehre guͤnnen wolte/ vnd
  <lb/>alſo einige verwahrloſunge darauß erfolgen wuͤrde/ ſol dieſelbige
  <lb/>nach notturfft vnd jhrem verbrechen nach/ von der Obrigkeit <choice><orig>ge-<lb break="no"/>ſtraffet</orig><reg>geſtraffet</reg></choice>
 werden. Ebener geſtalt ſollen die andern Hebammen/
  <lb/>ſo auff jetztgemeldten fall vnd beſchehene erforderunge auß neidt/
  <lb/>haß/ oder muthwillen/ zu kommen/ vnd jhnen billichen beyſtandt
  <lb/>zu leiſten/ ſich verwiedern/ vnd hierdurch ein vnfall ſich begeben
  <lb/>vnd zutragen wuͤrde/ wegen jhres vngehorſams/ vnd vergeſſener
  <lb/>Eydspflichten/ in der ſtraff der Obrigkei ſein. Wuͤrde ſich aber
  <lb/>befinden/ das an der Hebammen muͤglichen fleiß nichtes <choice><orig>erwun-<lb break="no"/>den</orig><reg>erwunden</reg></choice>/
  auch in allem dem/ was gebuͤrliches zu ſolchen ſachen gehoͤrt/
  <lb/>durch ſie einige verwahrloſung vnd verſaumnuß nicht geſchehen:
  <lb/>ſol ſie billig vor der Obrigkeit/ vnd ſonſt/ fuͤr entſchuͤldigt gehalten
  <lb/>werden.</p></div>
  <pb n="107"/>
 <div type="section" n="17"><head>Zum Siebenzehnden.</head>
 <p>VNd ſo es ſich begiebe/ das eine oder mehr Hebammen von
  <lb/>einer erſucht wuͤrden/ welche ſchon bey andern <choice><orig>Gebeeren-<lb break="no"/>den</orig><reg>Gebeerenden</reg></choice>
  Frawen niedergeſeſſen/ in der arbeit weren/ vnd nicht
  <lb/>abkommen mochten/ mag man nach andern verſtendigen/ vnd
  <lb/>wolerfahrnen Frawen (Im fall die Hebammen auch ſelbſten ſchon
  <lb/>erſchienen) welche jhnen den Hebammen gefellig ſeyn/ trachten
  <lb/>vnd ſchicken. Vnd wann nun alſo eine oder mehr Hebammen/
  <lb/>auch andere Frawen in gefehrlichen vnd mißlichen faͤllen <choice><orig>zuſam-<lb break="no"/>men</orig><reg>zuſammen</reg></choice>
  kommen/ wird vnd ſol die Hebamme/ ſo zum erſten zu der
  <lb/>Gebeerenden Frawen kommen/ den andern Hebammen oder <choice><orig>Fra-<lb break="no"/>wen</orig><reg>Frawen</reg></choice>/
  alle vmbſtende vnd gelegenheit/ wie es mit der Gebeerenden
  <lb/>Frawen vnd der Frucht ſtehe vnd beſchaffen/ auch was jhr gut <choice><orig>be-<lb break="no"/>duͤncken</orig><reg>beduͤncken</reg></choice>
  ſey/ vnd ſie fuͤr rahtſam zu thun achte/ anzeigen vnd <choice><orig>ent-<lb break="no"/>decken</orig><reg>entdecken</reg></choice>/
  welches die andern anhoͤren/ auch alle gelegenheit wol <choice><orig>er-<lb break="no"/>forſchen</orig><reg>erforſchen</reg></choice>/
  erwegen/ vnd jhren beſten raht vnd huͤlff/ ſo viel muͤglich
  <lb/>mittheilen/ keine der andern auß vngunſt/ neidt oder haß nichts
  <lb/>verhalten oder verſchweigen/ ſondern aller dinge ſich <choice><orig>einmuͤtig-<lb break="no"/>lich</orig><reg>einmuͤtiglich</reg></choice>
  vereinigen/ vnd der Gebeerenden Chriſtliche huͤlffe vnd trew
  <lb/>erzeigen vnd beweiſen. Im gegenfall auch/ vnd wann hierin von
  <lb/>einer oder mehr Hebammen klag fuͤrkommen/ dieſelben von
  <lb/>der Obrigkeit/ entweder mit ernſt geſtraffet/ oder jhres Ampts
  <lb/>gantz vnd gar entſetzt werden. Were aber ſache/ das die <choice><orig>Hebam-<lb break="no"/>men</orig><reg>Hebammen</reg></choice>
  vnd die andern darzu erforderten Frawen ſich/ was in <choice><orig>fuͤrge-<lb break="no"/>fallenen</orig><reg>fuͤrgefallenen</reg></choice>
  zweiffelichen faͤllen zu thun mit einander nicht <choice><orig>verglei-<lb break="no"/>chen</orig><reg>vergleichen</reg></choice>
  kondten/ ſol man der Hebammen raht billich vor andern/ was
  <lb/>ſie entſchloſſen/ folgen: So aber jhnen die ſachen auch zu ſchwer
  <lb/>fallen wolten/ vnd groͤſſere gefahr dabey zu beſorgen/ ſollen ſie
  <lb/>(wie oben gemeldt) nichts fuͤr ſich handeln/ ſondern die <foreign xml:lang="Latin" rend="antiqua">Doctores</foreign>
  <pb n="108"/>
  vnd <foreign xml:lang="Latin" rend="antiqua">Phyſicos</foreign> der Stadt erſuchen/ vnd guten raht von jhnen <choice><orig>neh-<lb break="no"/>men</orig><reg>nehmen</reg></choice>/
  damit ſie nach allem fuͤrgewendten fleiß ſich deſto mehrers
  <lb/>zu entſchuͤldigen haben.</p></div>
<div type="section" n="18"><head>Zum Achtzehnden.</head>
 <p>SO pflegen ſich auch zu zeiten groſſe ſchwere vnd ſolche ſtelle
  <lb/>zu zutragen/ das die Frucht in Mutterleib todt iſt: oder aber
  <lb/>die Mutter in Kinds noͤthen ſtirbt/ vnd die Frucht dennoch
  <lb/>in jhr noch lebendig bleibt. Darumb die Hebammen in ſolchen
  <lb/>vnd dergleichen faͤllen fuͤrſichtiglich vnd weißlich handlen/ auch
  <lb/>in allweg ſehen vnd dahin bedacht ſein ſollen/ wie das vbrige/ ſo
  <lb/>bey leben noch erhalten werden moͤchte. Wenn ſie nu der ſachen
  <lb/>gewiß ſein (welches ſie auß vielen anzeigungen vnd <foreign xml:lang="Latin" rend="antiqua">Signis</foreign>, wie
  <lb/>im achten Capittel dargethan iſt/ abnehmen ſollen vnd koͤnnen)
  <lb/>das die Frucht in Mutterleib todt/ die Mutter aber krafftloß/ vnd
  <lb/>zur arbeit zu ſchwach iſt/ ſollen jhnen die Hebammen/ wie auch in
  <lb/>andern allen zweiffelhafftigen faͤllen/ ſelbſten nicht trawen/ vnd
  <lb/>mit eingebung der Artzeneyen freundlicher weiß ſich nichts <choice><orig>vnter-<lb break="no"/>fangen</orig><reg>vnterfangen</reg></choice>
oder fuͤrnehmen/ ſondern bey den <foreign xml:lang="Latin" rend="antiqua">Doctoribus</foreign> allhie rahts
  <lb/>pflegen/ ob durch Artzeneyiſche mitten (dauon oben im <num>10.</num> <choice><orig>Capit-<lb break="no"/>tel</orig><reg>Capittel</reg></choice>
  meldung geſchehen) die todte Frucht von der Mutter ohne <choice><orig>ſcha-<lb break="no"/>den</orig><reg>ſchaden</reg></choice>
getrieben/ oder in ander wege jhr geholffen moͤchte werden.
  <lb/>So aber die Mutter entlichen in der Geburt verſchieden/ vnd
  <lb/>man deſſen gar gewiß were/ das ſie in keiner ohnmacht lege/ ſol
  <lb/>man jhr mit einem Schrauffzeug oder mit was anderem den
  <lb/>Mund/ damit das Kind lufft haben moͤge/ offen behalten/ vnd <choice><orig>alß-<lb break="no"/>bald</orig><reg>alßbald</reg></choice>
  nach einem Wundartzt/ welcher ſonderlich von der <choice><orig>Obrig-<lb break="no"/>keit</orig><reg>Obrigkeit</reg></choice>
neben den Hebammen verordnet vnd beſtelt ſey/ derſelbe ſich
  <lb/>allzeit anheims finden/ vnd ſich hierzu gebrauchen laſſen ſol/ <choice><orig>ſchi-<lb break="no"/>cken</orig><reg>ſchicken</reg></choice>/
  damit er ohne verſaumnuß den ſchnid vor die hand nehme/
<pb n="109"/>
  den Bauch vnd die Gebeermutter ohne verletzunge des Kinds <choice><orig>oͤff-<lb break="no"/>ne</orig><reg>oͤffne</reg></choice>/
  die Frucht auß Mutterleibe ledige vnd herauß nehme. <choice><orig>Alß-<lb break="no"/>bald</orig><reg>Alßbald</reg></choice>
 nu aber das Kind auß Mutterleib genommen/ ſol jhm ſchnel/
  <lb/>wie oben gemeldt/ das Naͤbelein verbunden/ vnd jhme/ damit es
  <lb/>wiederumb Athem/ vnd lebendigen Geiſt empfahen/ vnd ſich <choice><orig>er-<lb break="no"/>muntern</orig><reg>ermuntern</reg></choice>
 moͤge/ vnter das Geſichtlein geblaſen/ vnd ein Wein
  <lb/>darein geſpruͤtzet werden.</p></div>
 <div type="section" n="19"><head>Zum Neunzehnden.</head>
  <p>SO es ſich aber zutruͤge/ das Mutter vnd Kind bey einander
   <lb/>blieben/ vnd man bey der todt vergewiſſet/ were nicht <choice><orig>vnacht-<lb break="no"/>ſam</orig><reg>vnachtſam</reg></choice>/
   das die Hebammen ſo darbey geweſen/ die andern <choice><orig>ge-<lb break="no"/>ſchwornen</orig><reg>geſchwornen</reg></choice>
   Hebammen darzu erforderten/ ſolchen erbarmlichen
   <lb/>fall ſemptlich beſehen/ vnd bey der Obrigkeit begerten/ ob ſolche
   <lb/>Perſohn/ durch den darzu verordneten Wundartzt/ in beyſein der
   <lb/>Doctorn/ eroͤffnet vnd auffgeſchnitten werden moͤchte/ daher
   <lb/>man die vrſachen erfahren koͤndte/ wie ſich diß begeben vnd <choice><orig>zuge-<lb break="no"/>tragen</orig><reg>zugetragen</reg></choice>/
   ob ſolches jrgend durch verwahrloſung der Hebammen/
   <lb/>oder anderley vrſachen mehr geſchehen ſey/ Inſonderheit aber
   <lb/>auch darumb/ das die Hebammen andern Frawen zu gute vnd <choice><orig>be-<lb break="no"/>ſten</orig><reg>beſten</reg></choice>/
   was mehrers/ nutzbahrliches vnd fruchtbahres darauß <choice><orig>erler-<lb break="no"/>nen</orig><reg>erlernen</reg></choice>
   koͤndten.</p></div>
  <div type="section" n="20"><head>Zum Zwantzigſten.</head>
   <p>WEnn die Hebammen vnd die andern Frawen/ ſo bey der
    <lb/>Gebeerenden vnd jhrer Niederkunfft geweſen/ <choice><orig>wahrneh-<lb break="no"/>men</orig><reg>wahrnehmen</reg></choice>/
    ſehen/ vnd ſpuͤren/ das daß Kind ſehr ſchwach auff die
    <lb/>Welt kommen were/ ſol man mit dem Kinde zu der heiligen Tauff
    <lb/>eylen/ einen Prieſter/ damit es von jhme/ ſo es muͤglich/ das heilig
    <lb/>Sacrament der Tauffe empfangen moͤchte/ beruffen. Da man
    <pb n="110"/>
    ſich aber beſorget/ es moͤchte das Kind ſchwachheit halben/ die <choice><orig>hei-<lb break="no"/>lige</orig><reg>heilige</reg></choice>
    Tauff in der Kirchen oder bey Hauß/ nicht erwarten koͤnnen/
    <lb/>vnd ehe denn es abgeloͤſt/ jrgends mit dem Tode vbereylet werden/
    <lb/>ſol alßbald in der noth die Hebamme/ oder die Eltern/ eins auß den
    <lb/>vmbſtehenden/ ſo bey der Geburt geweſen/ zu Gefattern (weil es
    <lb/>kein verzug haben kan) ernennen/ vnd dem Kinde einen Nahmen
    <lb/>geben/ auch fragen/ ob daſſelbige glaube/ in Gott den Vater/ Gott
    <lb/>den Sohn/ vnd Gott den heiligen Geiſt/ darauffs antworten ſol/
    <lb/>Ja. Alßdann ſol die Hebamme das Kind mit Waſſer tauffen/
    <lb/>vnd außdruͤcklichen mit lauten Worten ſprechen: <abbr>N.</abbr> Ich <choice><orig>tauf-<lb break="no"/>fe</orig><reg>tauffe</reg></choice>
    dich im Nahmen des Vaters/ vnd des Sohns/
    <lb/>vnd des heiligen Geiſtes. Darnach ein Vater vnſer/ vnd
    <lb/>Chriſtlichen Glauben/ mit gebogenen Knien beten/ vnd alſo das
    <lb/>Kind Gott dem Allmechtigen befehlen. Vnd iſt im fall der noth
    <lb/>ſolches gnug.</p></div>
  <div type="section" n="21"><head>Zum Ein vnd Zwanzigſten.</head>
   <p>WAnn aber das Kindlein/ nach ſolcher NothTauffe im Leben
    <lb/>verbliebe/ ſol mans darnach/ wie an etlichen oͤrtern <choice><orig>ge-<lb break="no"/>breuchlich</orig><reg>gebreuchlich</reg></choice>/
    entweder in die Kirche tragen/ oder dem <choice><orig>Prie-<lb break="no"/>ſter</orig><reg>Prieſter</reg></choice>
   anzeigen vnd vermelden/ wie daſſelbige die Nothtauff von der
    <lb/>Hebammen empfangen habe: vnd ſol kein Kind/ nach <choice><orig>empfange-<lb break="no"/>ner</orig><reg>empfangener</reg></choice>
   Nothtauff/ wann anders vorgeſchriebene form der Wort:
    <lb/>Ich tauffe dich/ <abbr>rc.</abbr> außdruͤcklichen vber das Kind geſprochen ſeind/
    <lb/>wiederumb getaufft werden. So aber ein Kindt im Hauſe von <choice><orig>ei-<lb break="no"/>nem</orig><reg>einem</reg></choice>
   Prieſter getaufft wird/ iſt es vnnothwendig/ das mans in die
    <lb/>Kirchen trage/ ſondern/ vnd ſo es bey leben verbleibt/ kan die
    <lb/>Mutter zur zeit/ wenn ſie jhren Kirchgang helt/ daſſelbe mit jhr
    <lb/>(wie dann die frommen Gottfuͤrchtigen Frawen vnd Matronen/
    <lb/>der vhralten hochloͤblichen gewohnheit nach/ an vielen oͤrtern in
   <pb n="111"/>
    voͤlligem Gebrauch haben) in die Kirchen nehmen/ vnd ſolches <choice><orig>al-<lb break="no"/>ſo</orig><reg>alſo</reg></choice>
   Gott dem Allmechtigen trewlich befehlen.</p>
   <p>Vnd ſo viel hab ich/ in dieſer newen <hi rend="antiqua">Edition</hi>, von den <choice><orig>Heb-<lb break="no"/>ammen</orig><reg>Hebammen</reg></choice>
    nothwendig herzu ſetzen muͤſſen/ damit ſie einen rechten
    <lb/>gruͤndtlichen vnterricht erlangen/ vnd jhre thumbkuͤhnheit/ damit
    <lb/>etliche ſchwanger gehen/ vnd viel Mutter vnd Kind auß freuel vnd
    <lb/>vnwiſſenheit verſeumen/ endern vnd einſtellen moͤchten. Wer
    <lb/>ſich nu hierauß beſſern vnd vnterrichten laſſen wil/ (wie denn die
    <lb/>Obrigkeit darauff fleiſſige auffſicht haben ſolte/ das es alſo <choice><orig>geſche-<lb break="no"/>he</orig><reg>geſchehe</reg></choice>)
    dem iſt nicht vbel von mir gerahten worden.</p></div></div></div>
</body>
</text>
</TEI>