<?xml version="1.0" encoding="UTF-8"?>
<?xml-model href="http://www.tei-c.org/release/xml/tei/custom/schema/relaxng/tei_lite.rng" type="application/xml" schematypens="http://relaxng.org/ns/structure/1.0"?>
<?xml-model href="http://www.tei-c.org/release/xml/tei/custom/schema/relaxng/tei_lite.rng" type="application/xml"
	schematypens="http://purl.oclc.org/dsdl/schematron"?>
<TEI xmlns="http://www.tei-c.org/ns/1.0">
<teiHeader>
<fileDesc>
 <titleStmt>
<title>Hebammen Buch/
 <lb/>Darinn von Fruchtbarkeit vnd <choice><orig>Vn-<lb break="no"/>fruchtbarkeit</orig><reg>Vnfruchtbarkeit</reg></choice>
 der Weiber/ zeitigen vnd <choice><orig>vnzei-<lb break="no"/>tigen</orig><reg>vnzeitigen</reg></choice>
 Geburt/ Zuſtand der Frucht in vnd <choice><orig>auſſer-<lb break="no"/>halb</orig><reg>auſſerhalb</reg></choice>
 Mutterleib/ zufaͤlligen Kranckheiten ſo wol der
 <lb/>Kindbetterin als deß Kindes/ wie auch dero Chur vnd Mittein/ <choice><orig>zu-<lb break="no"/>ſampt</orig><reg>zuſampt</reg></choice>
 dem Ampt einer Wehemutter oder <choice><orig>Hebam-<lb break="no"/>men</orig><reg>Hebammen</reg></choice>
 weitlaͤufftig gehandelt
 <lb/>wird.
 <lb/>Erſtmals durch Fraw <hi rend="antiqua">LOUYSE BOURGEOIS</hi>,
 <lb/>der alten Koͤnigin in Franckreich/ beſtellten <choice><orig>Am-<lb break="no"/>me</orig><reg>Amme</reg></choice>/
 in Frantzoͤſiſcher Sprach
 <lb/>beſchrieben/
 <lb/>Hernach aber allen ehrliebenden Matronen/ <choice><orig>Hauß-<lb break="no"/>muͤttern</orig><reg>Haußmuͤttern</reg></choice>/
 geſchwornen vnd andern Ammen/ zum beſten in die Teutſche
 <lb/>Sprach/ getrewlich vnd fleiſſig vberſetzt/ vnd nach der Fraw <choice><orig>Vr-<lb break="no"/>herberin</orig><reg>Vrherberin</reg></choice>
 corrigirtem vnd vermehrtem Exemplar wider
 <lb/>von newem auffgelegt.
 <lb/>Mit ſeinem zugehoͤrigen Kupfferſtuͤcken.
 <lb/><bibl>Getruckt zu Hanaw in Verlegung
<lb/><hi rend="antiqua">Matthæi Merian</hi>.</bibl>
</title>
<author>Louise Bourgeois</author>
 </titleStmt>
 <editionStmt>
<edition>Digital Facsimile from Staats- und Universitätsbibliothek Göttingen</edition>
<respStmt><resp>transliterator, TXT and XML encoder</resp>
 <name>Whitt, Richard J.</name></respStmt></editionStmt>
 <publicationStmt>
<p>Place of Publication: Hanau</p>
<p>Year: <date>1652</date></p>
<p>Extract: Volume 1, Ch. 38-50 (pp. 153-175 [185])</p>
 </publicationStmt>
 <sourceDesc>
<bibl>URL: http://gdz.sub.uni-goettingen.de/dms/load/img/?PPN=PPN610593498</bibl>
 </sourceDesc>
</fileDesc>
</teiHeader>
<text>
<body>
<div type="volume" n="1"><pb n="153"/>
<div type="chapter" n="38"><head>Das acht vnd dreyſſigſte Capitel.
 <lb/>Das erſte Exempel ſonderbarer Faͤll/ die wol in
 <lb/>acht zunemmen ſind.
 <lb/>Von einer Frawen/ deren wol ein halber Eymer voll <choice><orig>Ge-<lb break="no"/>waͤſſers</orig><reg>Gewaͤſſers</reg></choice>
 angebrochen vnd entgangen iſt/ drey gantzer
 <lb/>Monat zuvor vnd ehe dann ſie des Kinds
 <lb/>geneſen.</head>
 <p>ES moͤchte nun mehr ohngefehr im achten Jahr ſeyn/ daß
<lb/>ich zu einer armen Frawen beruffen worden bin/ welche <choice><orig>be-<lb break="no"/>reit</orig><reg>bereit</reg></choice>
ſechs Monat ſchwanger geweſen war/ daß ich jhren
<pb n="154"/>
Zuſtand erkennen ſolte. Dieſe hatte groſſen Schmertzen/ weil jhr
<lb/>der Leib hefftig außgeſpannet vnnd der Bauch ſehr hart war/ <choice><orig>der-<lb break="no"/>maſſen</orig><reg>dermaſſen</reg></choice>/
daß ſie ſich nicht anders beduncken lieſſe/ als ſolte jhr der
<lb/>Bauch reiſſen vnd von einander ſpringen. Als ich dieſen jhren <choice><orig>Zu-<lb break="no"/>ſtand</orig><reg>Zuſtand</reg></choice>
er kand hatte/ bin ich in dieſer Meynung geweſen/ wann jhr
<lb/>durch ein Clyſter/ ſo man <foreign xml:lang="French" rend="antiqua">Carminatif</foreign> nennet/ der Vnterleib <choice><orig>entla-<lb break="no"/>den</orig><reg>entladen</reg></choice>/
vnnd die verhaltene Winde ſampt dem Vnraht außgefuͤhret
<lb/>wuͤrden/ dz ſie nit wenig Linderung dadurch empfinden ſolte.</p>
 <p>Auß dieſem Bedencken machte ich jhr dieſer Clyſtiren eine <choice>
                            <orig>ſel-<lb break="no"/>ber</orig>
                            <reg>ſelber</reg>
                        </choice>/ weil da kein ander Mittel war/ noch jemand der ſolchs haͤtte
                        <lb/>thun koͤnnen. Vnnd die Warheit zuſagen/ ſie hatte ſich etlicher
                        <lb/>Maſſen dadurch erleuchtert befunden. Aber nichts deſtoweniger <lb/>hat
                        ſie jhr Kind noch einen Monat getragen/ mit viel <choice>
                            <orig>Schwach-<lb break="no"/>heiten</orig>
                            <reg>Schwachheiten</reg>
                        </choice> vnd Vngelegenheit/ da der Bauch ein Weg wie den andern
                        <lb/>angeſpannet war. Am Ende aber dieſes Monats/ als ſie in jhrer
                        <lb/>Kammer gieng/ fuͤhlete ſie ein groſſen Anbruch vnnd Zufluß des
                        <lb/>Gewaͤſſers/ nicht anders/ als wann einer ein Roͤhr auß einem
                        <lb/>Brunnen gezogen haͤtte/ davon ſie ſich vmb ein trefflichs entledigt
                        <lb/>vnd leichter befunden. Vnnd als jr jhrer Nachbarinnen eine riehte/
                        <lb/>ſie ſolt nach Weibern vmb Huͤlff ſchicken/ vnd der Ammen ruffen/
                        <lb/>hat ſie ſolchs doch nicht thun wollen/ weil ſie wuſte daß ich ſchlaffen
                        <lb/>war/ ſagte dabey/ es waͤre noch alleweil/ vnnd daß ſie ſolches thun
                        <lb/>wolte/ wann es ſich mit jhr vbel anlaſſen wolte. Dieſen Anbruch
                        <lb/>aber/ vnnd wie es ſich damit zugetragen/ recht zu erzehlen/ iſt zu
                        <lb/>wiſſen/ daß nach dem ſie ſolchen vermerckt/ ſie einen Keſſel/ der
                        <lb/>zugegen war/ ereylet/ vnnd ſolchen vnter ſich gethan/ darein dann
                        <lb/>wol drey Pariſer Pinten oder halbmaſen gelauffen/ da nun <choice>
                            <orig>die-<lb break="no"/>ſes</orig>
                            <reg>dieſes</reg>
                        </choice> Waſſer ſo eylend vnnd vnverſehens fort geſchoſſen/ <choice>
                            <orig>hat-<lb break="no"/>te</orig>
                            <reg>hatte</reg>
                        </choice> ſie jhrer Nachbarinnen einer ruffen laſſen/ nach dem ſie ſich
                        <lb/>davon wohl vmb etwas erleichtert befunden/ wie obgemeldt. <choice>
                            <orig>Al-<lb break="no"/>le</orig>
                            <reg>Alle</reg>
                        </choice> jhre Nachbarinnen/ die ein ſo frembde Entladung vnnd <choice>
                            <orig>Auß-<lb break="no"/>bruch</orig>
                            <reg>Außbruch</reg>
                        </choice> des Gewaͤſſers ſahen/ verwunderten ſich daruͤber/ welche <pb
                            n="155"/> mir auch dieſes alles hernach/ als dieſes Weib niderkommen/ <choice>
                            <orig>wel-<lb break="no"/>ches</orig>
                            <reg>welches</reg>
                        </choice> doch noch zween gantzer Monat angeſtanden/ erzehlet haben/
                        <lb/>wie dann die Kindbetterin ſelber/ wieſen mir auch den Keſſel/ in <choice>
                            <orig>wel-<lb break="no"/>chen</orig>
                            <reg>welchen</reg>
                        </choice> allem anzeigen nach ſo viel deß Waſſers geweſen war/ daß es
                        <lb/>ein halben Eymer voll vbertraffe. Dieſes Weib hat hernach in jrer
                        <lb/>Geburt an dem natuͤrlichen Waſſer kein Abgang oder Mangel <choice>
                            <orig>ge-<lb break="no"/>habt</orig>
                            <reg>gehabt</reg>
                        </choice>/ dann deſſen ſo viel dey dem Kind geweſen/ als ob der vorige
                        <lb/>Fluß nie da geweſt waͤre/ darauß dann leichtlich zuſchlieſſen/ daß
                        <lb/>dieſes eine Waſſerſucht der Mutter ſey geweſt/ davon in <choice>
                            <orig>vorgehen-<lb break="no"/>dem</orig>
                            <reg>vorgehendem</reg>
                        </choice> Erinnerung beſchehen/ vnd dz ſich dieſes Gewaͤſſers gar nit in
                        <lb/>dem Baͤlglein oder Haͤuten/ mit welchen dz Kind vmbfangen vnnd
                        <lb/>verſchloſſen iſt/ auffgehalten habe/ ſondern in dem Begrif der <choice>
                            <orig>Mut-<lb break="no"/>ter</orig>
                            <reg>Mutter</reg>
                        </choice> anſich ſelbſt verſamlet worden ſey. Ich weiß auch/ daß ich bey
                        <lb/>mehr als zwey tauſend Weibern in Kindsnöhten geweſt/ vnd jhnen
                        <lb/>gedienet/ aber ich hab es bey keiner jemals alſo befunden gleich wie
                        <lb/>bey dieſer.</p></div>
 <div type="chapter" n="39"><head>Das neun vnd dreyſſigſte Capitel.
<lb/>Die ander Hiſtory oder Exempel.
<lb/>Von einer Frawen/ bey welcher maͤnniglich gemeynet
<lb/>hat/ das Kind ſey nach dem ſiebenden Monat in Mutterleib <choice><orig>ver-<lb break="no"/>ſtorben</orig><reg>verſtorben</reg></choice>/
weil es ſich gar nicht geregt hat/ welches ſich doch
<lb/>hernach anders befunden.</head>
<p>ES ſeynd nun beylaͤufftig neun Jahr verfloſſen/ daß mir
 <lb/>ein jung ſchwanger Weib zu ſich ruffen laſſen/ die jhr <choice><orig>Loſa-<lb break="no"/>ment</orig><reg>Loſament</reg></choice>
hatte in der Gaſſe zu Pariß/ <foreign xml:lang="French" rend="antiqua">Larue Sacalie</foreign> genannt/
 <lb/>bey <hi rend="antiqua">Sanct Severini</hi> Kirchen/ welche an einer harten <hi rend="antiqua">Colic</hi> oder
 <lb/>Grimmen kranck lag. Wiewol nun dieſes Weib nit lang als <num>7.</num>
 <lb/>Wochen ſchwanger geweſt war/ lieſſe ſie jhr doch treumen/ ſie <choice><orig>wuͤr-<lb break="no"/>de</orig><reg>wuͤrde</reg></choice>
 des Kinds geliegen muͤſſen. Als ich aber jhre Gelegenheit <choice><orig>verna-<lb break="no"/>me</orig><reg>vername</reg></choice>/
 vnd befand/ dz die Schmertzen mit den Kindswehẽ keine <choice><orig>gleich-<pb break="no" n="156"/>heit</orig><reg>gleichheit</reg></choice>
 hatten/ ſondern vielmehr auß vnverdaweten vnd vbel <choice><orig>vertheil-<lb break="no"/>ten</orig><reg>vertheilten</reg></choice>
 Speiſen/ oder andern Sachen/ herruͤhreten/ hab ich dahin <choice><orig>ge-<lb break="no"/>ſchloſſen</orig><reg>geſchloſſen</reg></choice>/
 es ſey nichts anders als ein <foreign xml:lang="Latin" rend="antiqua">Colica</foreign> oder Grimmen/ vnnd
 <lb/>derwegen jhr eine Clyſter bereiten vnnd geben laſſen. Wir thaten
 <lb/>nun bey der Sachen/ was wir wolten/ hat doch dieſes Vbel vnnd
 <lb/>Schmertzen noch drey Tag angehalten/ vnd als es etlicher maſſen
 <lb/>nachgelaſſen/ iſt das Weib ſehr matt vnnd Krafftloß geweſt. Von
 <lb/>derſelben Stund an/ hat dieſe Fraw nicht mehr gefuͤhlet/ daß ſich
 <lb/>das Kind bey jhr gereget haͤtte/ anff einigerley Weiſe. Herr <choice rend="antiqua"><orig>Febu-<lb break="no"/>rius</orig><reg>Feburius</reg></choice>
<foreign xml:lang="Latin" rend="antiqua">Medicus</foreign> beſuchte dieſe in jrer Schwachheit/ mit dem Herrn
 <lb/><hi rend="antiqua">Elino</hi>, welche beyde nichts vnterlaſſen haben/ was ſie dienlich <choice><orig>zu-<lb break="no"/>ſeyn</orig><reg>zuſeyn</reg></choice>
vermeyneten/ jhr Troſt vnnd Leichterung zuverſchaffen/ vnnd
 <lb/>daß ſie erkennen möchten/ ob das Kind auch noch lebendig bey jhr
 <lb/>waͤre. Ich befand den Muttermund in der Weite wie ein <choice><orig>Ring-<lb break="no"/>lein</orig><reg>Ringlein</reg></choice>/
 darein ſich neſteln oder ſchnuͤren die Dorffweiber/ ohne einige
 <lb/>Falten oder Kuntzel/ die Anzeigung geben/ daß es ſich jemals <choice><orig>wei-<lb break="no"/>ter</orig><reg>weiter</reg></choice>
eroͤffnen ſolte/ daher ich in die Gedancken gerahten/ daß das
 <lb/>Kind dieſes langwaͤrig Grimmen oder Darmwehe geaͤnſtigt/ ſich
 <lb/>mit Gewalt zum Außgang gerichtet gehabt/ vnnd als es den Paß
 <lb/>nicht offen gefunden/ wuͤrde es in dieſer Noht vnnd Arbet <choice><orig>geſtor-<lb break="no"/>ben</orig><reg>geſtorben</reg></choice>
ſeyn. Darumb ließ ich ruffen den erfahrnen <foreign xml:lang="Latin" rend="antiqua">Chirurgum</foreign> oder
 <lb/>Wundartzt/ Herrn <hi rend="antiqua">Marchand</hi> den Juͤngern/ der in dieſen <choice><orig>Faͤl-<lb break="no"/>len</orig><reg>Faͤllen</reg></choice>/
 ſo ſich bey den gebaͤhrenden Weibern zutragen/ ſehr wohl geuͤbt
 <lb/>war/ vnnd neben jhm den <foreign xml:lang="Latin" rend="antiqua">Chirurgum</foreign> <hi rend="antiqua">Petrum</hi>, einen beruͤmbten
 <lb/>verſtaͤndigen Mann/ zuſampt Frawen <hi rend="antiqua">Franciſca</hi>, einer alten <choice><orig>er-<lb break="no"/>fahrnen</orig><reg>erfahrnen</reg></choice>
 Ammen/ vnnd in Gegenwart der vorerzehlten Herrn <foreign xml:lang="Latin" rend="antiqua"><choice><orig>Me-<lb break="no"/>dicorum</orig><reg>Medicorum</reg></choice></foreign>,
 berahtſchlagen wir vns geſampter Hand/ wie es mit <choice><orig>die-<lb break="no"/>ſem</orig><reg>dieſem</reg></choice>
 Kind eine Beſchaffenheit haben moͤchte. Nach vieler <choice><orig>Vnter-<lb break="no"/>redung</orig><reg>Vnterredung</reg></choice>
haben ſie leichtlich alle dahin geſchloſſen/ es ſey Todt.
 <lb/>Dann es erſchienen an dieſer Frawen alle die Anzeigungen/ <choice><orig>wel-<lb break="no"/>che</orig><reg>welche</reg></choice>
die Alten beſtimmen vnd erzehlen/ derauß abzunemmen/ daß
 <lb/>ein Kind in Mutterleib Todt ſey; dann der Mund roch jhr ſo vbel/
<pb n="157"/>
 dz ſich niemand nahe zu jr thun koͤnte/ die Stulgäng waren <choice><orig>vnleid-<lb break="no"/>ſam</orig><reg>vnleidſam</reg></choice>/
 dz ſich niemand behalten konte/ vom vnterſten Keller biß zum
 <lb/>Speicher auff dem Hauſe/ ſie hatte Todfaͤrbig Augen/ der Bauch
 <lb/>war jr vber die Maſſe kalt/ vnnd wann ſie ſich von einer Seiten zur
 <lb/>andern vmbwandte/ fiel auch der gantze Bauch mit auff dieſelbe
 <lb/>Seite/ wie ein groß Klotz oder Klumpen. Etliche fiengen an zu <choice><orig>re-<lb break="no"/>den</orig><reg>reden</reg></choice>/
 <foreign xml:lang="Latin" rend="antiqua">de Operatione</foreign> oder <foreign xml:lang="Latin" rend="antiqua">Partu Cæſareo</foreign>, daß iſt/ wann man die
 <lb/>Kinder durch den Schnid auß Mutterleib zeucht. Aber es wolten
 <lb/>weder die <foreign xml:lang="Latin" rend="antiqua">Doctores Medici</foreign>, noch die <foreign xml:lang="Latin" rend="antiqua">Chirurgi</foreign> dazu verſtehen/ <choice><orig>er-<lb break="no"/>kanten</orig><reg>erkanten</reg></choice>
 dz viel mehr fuͤr ein ſolch Stuͤck/ dadurch die Mutter/ in <choice><orig>euſ-<lb break="no"/>ſerſte</orig><reg>euſſerſte</reg></choice>
Leibsgefahr geſetzt/ vnd gar zum Todt gebracht wuͤrde/ vnnd
 <lb/>waͤre doch kein Hoffnung da deß Kinds halber. Alſo ſtellten wir
 <lb/>ſammentlich dieſes Werck der Hand Gottes heim/ vnnd befahlens
 <lb/>der Natur. Dieſes Weib verblieb alſo in dieſem Zuſtand zu Bett
 <lb/>ligend fuͤnff gantzer Wochen/ da dieſer Handel nun ſo lang <choice><orig>waͤhre-<lb break="no"/>te</orig><reg>waͤhrete</reg></choice>/
 gieng jederman ſeines Wegs/ vnd verließ ſie. Da machte ſie ſich
 <lb/>auff/ vnd gieng ein wenig hie vnd daher/ vnd dz trieb ſie bey <choice><orig>fuͤnffze-<lb break="no"/>hen</orig><reg>fuͤnffzehen</reg></choice>
Tagen oder drey Wochen/ daß alſo die zween Monat erfuͤllet
 <lb/>wurden vnd vergiengen. Als ich nun nach dieſer Zeit wider zu jr <choice><orig>ka-<lb break="no"/>me</orig><reg>kame</reg></choice>/
 wolte mich im Anfang beduͤncken/ ſie ſcheine nicht mehr ſo dicke
 <lb/>ſeyn/ da bathe ſie mich/ daß ich ſie betaſten vnd fuͤhlen ſolte/ erzehlte
 <lb/>mir dabey/ daß es bey anderthalb Tagen waͤre/ daß eine groſſe
 <lb/>Maͤnge/ daß zuverwundern/ kalt Waſſer wie Eyß von jhr <choice><orig>gefloſ-<lb break="no"/>ſen</orig><reg>gefloſſen</reg></choice>.
 Da ich ſie nun betaſtet/ befand ich den Muttermund/ (davon
 <lb/>wir kurtz zuvor alle vrtheilten/ daß es vnmuͤglich/ daß ſich derſelbe
 <lb/>erweitern ſolte) bey einer zwerch Hand breit geöffnet. Da that
 <lb/>ich als ein Amme/ mein Gebuͤhr/ warauff ſie dann geneſen/ vnnd
 <lb/>ein junge Tochter/ ein huͤpſch geſund vnd hart Kindlein/ noch <choice><orig>deſ-<lb break="no"/>ſelben</orig><reg>deſſelben</reg></choice>
Tags zur Welt gebohren hat. Der Vrſprung dieſes jhres
 <lb/>Vnheils hatte daher angefangen. Jhr Mann war eines edlen
 <lb/>Herrn Cammerdiener/ auff welchen ſie/ die Fraw/ alle Abend <choice><orig>war-<pb break="no" n="158"/>ten</orig><reg>warten</reg></choice> 
 muſte faſt biß vmb Mutternacht/ Als ſie nun eins mals von der
 <lb/>Erde/ darauf ſie ſich ein weil gelegt hatte/ wider auffſtunde/ vnd <choice><orig>be-<lb break="no"/>fand</orig><reg>befand</reg></choice>/
 daß jr ein Fluß auſ die Bruſt gefallen war/ hat ſie ein groſſen
 <lb/>Krug mit Waſſer ereylet/ vnd denſelbẽ auß gedruncken/ daher ſie in
 <lb/>böſe Daͤwung vnd <foreign xml:lang="Latin" rend="antiqua">Cruditates</foreign> gerathen/ hat ſich viel Waſſer bey
 <lb/>jr geſamlet/ welches auch diſe Schmertzen deß Grimens vervrſacht.
 <lb/>Da nun ſolche auffgehoͤret/ vmbringten die Waſſer dz Kind durch
 <lb/>jre euſſerſte Kaͤlte/ vnd vervrſachten die oberzehlte Warzeichen/ als
 <lb/>ob dz Kind Tod waͤre/ Alſo dz auch hieher der Spruch gehoͤret: Es
 <lb/>ſey kein Regel ſo eng geſpannet/ die nit jre Exception haͤtte.</p></div>
<div type="chapter" n="40"><head>Das viertzigſte Capitel.
 <lb/>Die dritte <hi rend="antiqua">Obſeruation</hi>.
 <lb/>Von einer Frawen/ deren ich einen Stein auß dem Hals
 <lb/>oder Außgang der Blaſen gezogen hab/ drey Monat nach
 <lb/>dem ſie deß Kinds niderkommen
 <lb/>war.</head>
 <p>VOr vngefehr ſieben Jahren iſt ein Weib zu mir kommen/
<lb/>welche noch von einer andern Frawen begleitet ward/ vnnd
<lb/>erzehlte mir/ daß nach Verflieſſung dreyer Monaten von
<lb/>jhrem juͤngſten Kindbeth anzurechnen/ ſie ſeythero jmmerdar <choice><orig>euſ-<lb break="no"/>ſerſten</orig><reg>euſſerſten</reg></choice>
Schmertzen gefuͤhlet haͤtte/ ſo offt ſie jhr Waſſer laſſen
<lb/>woͤllen/ vnnd daß ſie in dieſem jhrem Beſchwernuß wohl ein dutzet
<lb/>Ammen vnd weiſe Weiber zuraht gezogen haͤtte/ die ſich doch der
<lb/>Sachen nie vergleichen können/ ſondern eine dieſe/ die andere ein
<lb/>andere Meynung auff die Bahn gebracht. Vnnd weil an dem
<lb/>ſelbigen Orth ſich ein klein weiß Ding erzeigt/ haͤtte eine geſagt/ es
<lb/>waͤre das Schloß oder Schambein <foreign xml:lang="Latin" rend="antiqua">Os pubis</foreign> genand/ welches
<lb/>zerbrochen waͤre/ ein andere/ es waͤre der Außgang deß <choice><orig>Blatter-<lb break="no"/>hals</orig><reg>Blatterhals</reg></choice>/
ſo verfaulet oder anbruͤchtig worden/ die dritte/ daß es der <choice><orig>euſ-<pb break="no" n="159"/>ſerſte</orig><reg>euſſerſte</reg></choice> 
Theil eines kleinen Darms/ die vierdte ſagte/ ſie wuͤſte nichts
<lb/>gewiſſes noch eigentliches von dieſer Sache zuſagen. Da ich nun
<lb/>letzlich ſolche recht beſehen ſolte/ befand ich/ daß es das euſſerſte
<lb/>Theil/ oder ein Eck von einem Stein waͤre/ der ſich verhielt in dem
<lb/>Blatterhals/ vnnd ware daher weiß worden/ weil die Lufft dawider
<lb/>ganger war. Dieſer Stein war drey zwerch Finger lang/ an dem
<lb/>Ende zugeſpitzet/ gekruͤm̃et in die Mitte/ vnd ſo dick als ein Mañs
<lb/>Finger ſeyn mag. Ich that eins/ name ein Zaͤnglein auß meines
<lb/>Mans kleinem Scherzeug/ ſagte doch nicht/ was ich damit thun
<lb/>wolte/ haͤtte gern die Ehre allein gehabt/ dz ich dieſen Stein <choice><orig>außge-<lb break="no"/>zogen</orig><reg>außgezogen</reg></choice>
haͤtte. Mit dieſem Zaͤnglein griff ich jhn bey dem kleinſten <choice><orig>o-<lb break="no"/>der</orig><reg>oder</reg></choice>
ſchaͤrffſten Ende/ weil er in der Mitte zu dick war/ aber er <choice><orig>ent-<lb break="no"/>wuͤſcht</orig><reg>entwuͤſcht</reg></choice>
mir vnd kund in nit halten. Da ich das ſahe/ bracht ich den
<lb/>Finger langſt dem Blaͤtterhals hinder dẽ Stein/ vnd als ich jm an
<lb/>den Grund kommen war/ truͤckte ich denſelben fort/ dardurch er ſich
<lb/>dann vielweiter an Tag gab. Als ich jn nun alſo hatte/ bemuͤhte ich
<lb/>mich denſelben herauß zuziehen. Darumb wolte ich jr einen Inguß
<lb/>beybringen/ dieweil der Stein rauhe/ mager vnnd blutruͤſtig war/
<lb/>welches ſie nit wolte zulaſſen/ vñlieſſe kein eintzige Minute <choice><orig>verſtrei-<lb break="no"/>chen</orig><reg>verſtreichen</reg></choice>/
daß ſie nit jren Geſchaͤfften nachgienge. Dieſes hat das Kind
<lb/>außgericht/ welches als es in der Geburt die Blaſe gedrucket/ hat
<lb/>ſich der Stein herfuͤr in den Hals oder Außgang deß <choice><orig>Blater-<lb break="no"/>hals</orig><reg>Blaterhals</reg></choice>
begeben muͤſſen/ wie erzehlet
<lb/>worden iſt.</p></div>
<pb n="160"/>
<div><head>Das ein vnd viertzigſte Capitel.
 <lb/>Die vierdte Hyſtori.
 <lb/>Von einer Frawen/ deren ich in Kindsnoͤhten bey <choice><orig>gewoh-<lb break="no"/>net</orig><reg>gewohnet</reg></choice>/
 welche zwey Kinder gebracht hat/ das eine Tod vnd halber
 <lb/>faul/ das anderlebend/ friſch vnd
 <lb/>geſund.</head>
<p>EIne ehrliche Matrona hat mich vor vngefehr neun Jahren
 <lb/>zu ſich beruffen/ daß ich jhr in Nöhten beyſtehen ſolte. <choice><orig>Die-<lb break="no"/>ſe</orig><reg>Dieſe</reg></choice>
war auß der Landſchafft von <hi rend="antiqua">Anjou</hi>, vnd war nicht lenger
 <lb/>ſchwanger geweſt/ als ſieben Monat vnd acht Tage. Ich befunde
 <lb/>ſie ſchon in den Wehen vnd in ſchwerer Arbeit/ ſie hatte ſich kniend
 <lb/>zur Geburt geſtellet nach Weiß vnd Manir/ wie es in jhrem Land
 <lb/>Brauch iſt. Als ich nun mit der Hand taſtet vnd forſchet/ befandt
 <lb/>ich/ dz die Waſſer deß Kinds ſchon vorhanden waren/ vnd an deme
 <lb/>daß ſie anbrechen. Ich ſprach jhr ein Hertz ein/ ſie ſolte luſtig ſeyn/
 <lb/>dann ſie verhoffentlich bald entbundẽ werden ſolte/ vnd dz die <choice><orig>Waſ-<lb break="no"/>ſer</orig><reg>Waſſer</reg></choice>
jetzt am Anbruch waͤren. Sie aber ſagte/ es waͤre ſchon geſchehẽ/
 <lb/>vnd dz es dieſe waͤren. Sie ſagte wahr vnnd ich auch nit vnrecht/ <choice><orig>je-<lb break="no"/>doch</orig><reg>jedoch</reg></choice>
 hab ich nit fuͤr rahtſam erachtet mich mit jr in Diſputat <choice><orig>ein-<lb break="no"/>zulaſſen</orig><reg>einzulaſſen</reg></choice>/
 weil mir nit vnbewuſt/ daß es nit allezeit zur Sache dienet/
 <lb/>wann man den krancken viel widerſpricht/ wiewol man offt die <choice><orig>Sa-<lb break="no"/>che</orig><reg>Sache</reg></choice>
 viel anderſt vnd beſſer weiß/ dan ſie eim ſagen. Vnd dz wir <choice><orig>wi-<lb break="no"/>der</orig><reg>wider</reg></choice>
auff vnſer Vorhaben kommẽ/ die Schmertzen mehrten ſich bey
 <lb/>dieſer Frawen/ dz Waſſer/ wie dz bey einem Kind ſich erzeiget/ brach
 <lb/>an/ aber dz war gantz ſchwartz/ darauff kam ein Tod Kind/ ſo dick
 <lb/>vnd entſtaltet/ dz ich mein lebtag deßgleichen nit geſehen habe. Dañ
 <lb/>wann ein Kind ſich geſtuͤrtzet vnd Tod iſt/ ſo fallen oder ſincken alle
 <lb/>Feuchtigkeitẽ vnterſichwarts/ dieweil ſie da keine natuͤrlich <choice><orig>Waͤr-<lb break="no"/>me</orig><reg>Waͤrme</reg></choice>
mehr finden/ die ſolche zuruͤck treibẽ koͤnte. Darumb auch dieſes
 <lb/>ſehr abſchewlich zuſehen war/ das Haupt war kahl vnd entbloͤſet/
<pb n="161"/>
auch war vber den gantzen Leib/ weder die euſſerſt noch jnnere Haut
 <lb/>gantz. So bald als ſie nun dieſer toden Frucht abkommen war/ vnd
 <lb/>ich jr vollẽd davon helffen wolte/ da erzeigt ſich noch ein ander Kind
 <lb/>welches mit den Fuͤſſen vornen ankam/ dz ich dann alſo/ wie <choice><orig>gebuͤr-<lb break="no"/>lich</orig><reg>gebuͤrlich</reg></choice>/
 zu mir zoge. Die Kindbetterin meynet dz waͤre jr erſte <choice><orig>Entbin-<lb break="no"/>dung</orig><reg>Entbindung</reg></choice>/
 aber da ſie dieſes ſchreyen hoͤrete/ verwundert ſie ſich vber die
 <lb/>Maſſen/ da ſie nun geneſen vnd verſehen war/ vnnd ſahe dz ich jenes
 <lb/>hinweg that/ vnd dz ander auffhube/ vnd dz zuwermen vñ ſeiner <choice><orig>zu-<lb break="no"/>pflegen</orig><reg>zupflegen</reg></choice>/
 da fragte ſie mich/ wo dann das ander waͤre/ ich hab jhr zur
 <lb/>Antwort/ ſie ſolte Gott loben vnd jme dancken/ dz ſie nunmehr <choice><orig>ent-<lb break="no"/>bunden</orig><reg>entbunden</reg></choice>
 waͤre/ vnd daß das ander ſchon vor lang verſtorben. Sie <choice><orig>be-<lb break="no"/>richtet</orig><reg>berichtet</reg></choice>
 mich auch dz jr dieſes Vngluͤck/ jhrem Beduncken nach/ <choice><orig>da-<lb break="no"/>her</orig><reg>daher</reg></choice>
 kaͤme/ dz ſie in dem Pallaſt/ da ſie eine rechtaͤngige Sache <choice><orig>hat-<lb break="no"/>te</orig><reg>hatte</reg></choice>/
 vnd <hi rend="antiqua">Sollicitirte</hi>, getruͤckt oder geſtoſſen worden/ oder auch/ dz ſie
 <lb/>eine boͤſe Gewohnheit gehabt/ ſich an ein Spitz oder Ecke deß <choice><orig>Ti-<lb break="no"/>ſches</orig><reg>Tiſches</reg></choice>
zuſetzen. Vnd dieſes glaubte ſie feſtiglich/ ließ ſich auch keines
 <lb/>andern bereden/ dann es kaͤme jhr von deren Vrſachen einer. Das
 <lb/>Kind iſt nach dieſem neun Monat bey mir ernehret worden/ <choice><orig>Dar-<lb break="no"/>nach</orig><reg>Darnach</reg></choice>
 hat die Mutter ſolches laſſen in die Landſchafft <hi rend="antiqua">Anjou</hi>, <choice><orig>brin-<lb break="no"/>gen</orig><reg>bringen</reg></choice>.
 In dieſem Stuͤck iſt ſich billich vber die Natur zuverwundern/
 <lb/>da man wol ſagen kan/ dz das lebendige das Tode habe <choice><orig>auß-<lb break="no"/>getrieben</orig><reg>außgetrieben</reg></choice>/
 vnd das tode das lebendige nicht
 <lb/>angeſtecket noch getoͤdet.</p></div>
<pb n="162"/>
<div type="chapter" n="42"><p>Das zwey vnd viertzigſte Capitel.
 <lb/>Die fuͤnffte Geſchicht oder <hi rend="antiqua">Obſeruation</hi>.
 <lb/>Von einer andern Frawen/ die ein Tod Kind gebracht/
 <lb/>welches ſie ſich nit hat regen gefuͤhlet einen gantzen Monat/ nemlich
 <lb/>vom ſechſten biß auff den ſiebenden/ nach welcher Zeit ſie ein Kind
 <lb/>gebohren hat/ gantz hart vnd erſtarret/ vnd die
 <lb/>Nachgeburt zugleich mit.</p>
 <p>ES iſt nun bey den ſechs Jaren/ dz ich einer ehrlichen Fawen
<lb/>in Kindsnoͤhten beygewohnet habe/ welche ſagte/ daß ſie nun
<lb/>mehr ein gantzen Monat jhr Kind nit regend gefuͤhlet hatte.
<lb/>Die <foreign xml:lang="Latin" rend="antiqua">Doctores Medici</foreign> thaten beneben mir jr beſtes/ vnd <choice><orig>gebrauch-<lb break="no"/>ten</orig><reg>gebrauchten</reg></choice>
alle Remedien/ die ſonſten dieſe Eigenſchafft haben/ daß ſie <choice><orig>ma-<lb break="no"/>chen</orig><reg>machen</reg></choice>/
ein Kind dz noch lebt/ zubewegen/ aber es war alles vergebens.
<lb/>Dann als wir jhr vberlegten ein Saͤcklein oder Vberſchlag von
<lb/>Wuͤrtz Naͤgelein vnd Pulver von Muſcatnuͤß/ mit Malvaſier <choice><orig>an-<lb break="no"/>gefeuchtet</orig><reg>angefeuchtet</reg></choice>/
darnach auf einem Rohſt geroͤhſtet/ vnd in einem leinen
<lb/>Tuch vber den Bauch geſchlagen/ hat ſie davon nichts anderſt <choice><orig>em-<lb break="no"/>pfunden</orig><reg>empfunden</reg></choice>/
dañ dz ſich ein Ding in dem Leib empor erhaben hat/ <choice><orig>wel-<lb break="no"/>ches</orig><reg>welches</reg></choice>
 doch die Mutter der Frawen ſelbſt war. Dieſes Glied war ſo
<lb/>gar erkaͤltet worden/ weil dz Tode Kind darin ſo lang gelegen hatte/
<lb/>daß/ nach dem ſie dieſe Waͤrme von dem erzehlten Vberſchlag <choice><orig>em-<lb break="no"/>pfunden</orig><reg>empfunden</reg></choice>/
iſt ſie demſelben nachgezogen/ vñ ſich dem genaͤhert. Dieſe
<lb/>Fraw hat die gantze Zeit vber niemals einig Hauptwehe gehabt/
<lb/>noch einigen boͤſen Athẽ auß dem Munde/ allezeit friſch vnd geſund
<lb/>von Augen vnd Angeſicht/ jr Bauch hat ſich nit leichtlich hin vnd
<lb/>her geworffen/ wie denẽ begegnet/ die Tode Kinder tragen/ vñ nichts
<lb/>deſto weniger iſt dz Kind in jrem Leib Tod geweſt. Vnd dz war es/
<lb/>dz ſie nit viel Gewaͤſſer gehabt hat/ aber daſſelbig ſo vbermaͤſſig kalt/
<lb/>daß es durch dieſe Kaͤlte/ ſo wohl das Kind als die Affter geburt <choice><orig>zu-<lb break="no"/>ruͤck</orig><reg>zuruͤck</reg></choice>
getrieben vnd auffgehalten hat/ daß ſie alſo viel mehr <choice><orig>verhar-<pb break="no" n="163"/>tet</orig><reg>verhartet</reg></choice>/
als auffgeſchwollen iſt/ darumben auch die Warzeichen/ ſo die
<lb/>Alten namhafft machen/ in dieſem Stuͤck haben faͤhlen muͤſſen/ die
<lb/>anderwerts nit Anzeigung geben/ dann allein auff die Verfaulung
<lb/>vnd Vermoderung.</p></div>
 <div type="chapter" n="43"><head>Das drey vnd viertzigſte Capitel.
<lb/>Die ſechſte <hi rend="antiqua">Obſeruation</hi>.
<lb/>Von einer jungen Frawen/ welche nach Verflieſſung <choice><orig>ſie-<lb break="no"/>ben</orig><reg>ſieben</reg></choice>
Monat mit meiner Huͤlff zwey Kinder zur Welt geboren/
<lb/>ein Toͤchterlein das gantz waſſerſuͤchtig/ vnd ein <choice><orig>Knaͤb-<lb break="no"/>lein</orig><reg>Knaͤblein</reg></choice>
dem nichts gemangelt hat.</head>
<p>EIne junge Fraw/ die meines Dienſts vnnd Huͤlff beduͤrfftig
 <lb/>war/ ließ mich auff eine Zeit anſprechen/ zu jhr zukommen.
 <lb/>Ich verfuͤgt mich deß Morgens zu jr gar zeitlich/ vnd fande
 <lb/>ſie/ dz ſie ſich eben anzohe. Da hab ich meine Tag kaum einen <choice><orig>ſol-<lb break="no"/>chen</orig><reg>ſolchen</reg></choice>
 Bauch geſehen/ wie ſie hatte. Sie befahl jhrer Maͤgden einer/
 <lb/>ſie ſolte jr ein Clyſtir bereiten/ wie dz jhre Gewonheit war/ bevorab
 <lb/>wann ſie ſchmertzen in den Lenden/ vnd Rückenwehe hatte. Ich gab
 <lb/>jr die Clyſter/ vnd ſahe doch/ dz ſich das Lendewehe nit lindern wolte.
 <lb/>Ich erwaͤrmete ſie wol/ vnd befand in wenig Stunden dz <choice><orig>Kindwe-<lb break="no"/>hen</orig><reg>Kindwehen</reg></choice>
 da waren. Sie erzehlte mir/ welcher Geſtalt ſie auß Raht vnnd
 <lb/>Verordnung deß erfahrnẽ <foreign xml:lang="Latin" rend="antiqua">Medici</foreign>, <hi rend="antiqua"><abbr>M.</abbr> Martini</hi>, in diſer <choice><orig>Schwaͤn-<lb break="no"/>gerung</orig><reg>Schwaͤngerung</reg></choice>
 wol ſechſmal zur Adern gelaſſen/ drey od’ viermal Artzneyen
 <lb/>eingenommen/ vnd ſehr viel Clyſtiren gebraucht/ dann ſie bey nahe
 <lb/>erſticket waͤre/ wann dieſe Clyſtiren gethan haͤtten/ ſampt andern
 <lb/>Mitteln.</p>
<p>Nun dieſes Weib iſt gluͤcklich vnd wol geneſen/ vnnd iſt ſo <choice><orig>gnaͤ-<lb break="no"/>dig</orig><reg>gnaͤdig</reg></choice>
 abgangen/ daß ſie nicht viel Muͤhe vnd Schmertzen damit <choice><orig>ge-<lb break="no"/>habt</orig><reg>gehabt</reg></choice>.
 Anfaͤnglich kam ein Tochter/ mit dem Haupt vornen an.
 <lb/>Dieſes Kind/ da es ſich erzeigte/ empfande ich ein ſolche Haͤrte/ daß
 <lb/>ich mich erjnnerte/ deß Kinds/ davon Herr <hi rend="antiqua">Andreas Laurentius</hi>
<pb n="164"/>
 deß Königs fuͤrnembſter <foreign xml:lang="Latin" rend="antiqua">Medicus</foreign> ſchreibt/ vnd ſagt/ dz er es <choice><orig>geſe-<lb break="no"/>hen</orig><reg>geſehen</reg></choice>
 habe zu <hi rend="antiqua">Sens</hi> in Burgund/ in eines <foreign xml:lang="Latin" rend="antiqua">Chirurgi</foreign> oder Wund <choice><orig>artz-<lb break="no"/>tes</orig><reg>artztes</reg></choice>
 Laden/ welches eine Fraw achtzehen Jahr getragen hatte/ vnnd
   <lb/>daß ſolches ſo hart ſey als ein Stein: Ein ſolch Kind meynete ich
   <lb/>dazumal wuͤrde dieſes auch ſeyn. Aber da ichs beſahe/ war es ein
   <lb/>junge Tochter/ zwar noch beym Lebẽ/ aber gantz waſſerſuͤchtig/ vnd
   <lb/>von dem Haupt an biß auff die Huͤfften ſo hart/ daß einem kaum
   <lb/>etwas haͤrtes fuͤrkommen ſolte/ vnd duͤnckte einen nit anderſt/ als
   <lb/>griffe einer ein Holtz an. Dieſes Kind hatte ein harten <choice><orig>auffgeſpan-<lb break="no"/>ten</orig><reg>auffgeſpanten</reg></choice>
Bauch/ wie ein Ballen/ gantz ſchwartz/ vnd ließ ſich anſehẽ/ als
   <lb/>obwegen dieſer Außthenung die kleine Aderlein/ ſo hin vnd her <choice><orig>ver-<lb break="no"/>theilet</orig><reg>vertheilet</reg></choice>
 ſind/ bey nahe alle zerriſſen waͤren. Dieſes Kind lebte <choice><orig>vnge-<lb break="no"/>faͤhr</orig><reg>vngefaͤhr</reg></choice>
   ein viertheil einer Stunde/ wiewol es doch groß vñ dick genug
   <lb/>war/ jedoch hielt ich dafuͤr/ daß es zu gering geweſt waͤre/ dieſen
   <lb/>Bauch der Mutter allein einzunemmen vnnd zu erfüllen. Als ich
   <lb/>nun ſahe/ daß es ſehr ſchwach war/ hab ich es verbunden/ vnnd den
   <lb/>Nabel geloͤſet/ vnd befohlen/ ſolches zum Fewer zuhalten/ vnd ohne
   <lb/>Verzug nach einem Prieſter geſchicket/ der ſolches tauffen ſolte.
   <lb/>Vnter deſſen/ als ich der Frawn noch weiter verwartete/ da erzeigt
   <lb/>ſich noch ein Waſſer von einem andern Kind/ vnd war an deme daß
   <lb/>es anbrechen vnd fortgehen wolte/ welches als es geſchehen war/ <choice><orig>ſi-<lb break="no"/>he</orig><reg>ſihe</reg></choice>/
 da kam ein Knaͤblein herfuͤr/ doch mit den Fuͤſſen vornẽ/ welches
   <lb/>ſtarck vnd queck war/ vnd auch ein zeitlang hernach gelebt hat. Da
   <lb/>dieſes Kind od’ Knaͤblein zum Außgang naͤherte/ gieng ein ſo groß
   <lb/>Maͤnge Gewaͤſſers von der Mutter/ daß ich kaum deßgleichen <choice><orig>je-<lb break="no"/>mals</orig><reg>jemals</reg></choice>
 geſehẽ habe. Ich glaub/ daß es wol ein kleiner Eymer voll <choice><orig>ge-<lb break="no"/>weſen</orig><reg>geweſen</reg></choice>
 ſey. Dieſes Waſſer war ſo geel/ daß die leinen Tuͤcher/ ſo <choice><orig>da-<lb break="no"/>mit</orig><reg>damit</reg></choice>
genetzet worden/ ſich gantz geel davon faͤrbeten. Da wuͤnſchete
   <lb/>ich/ daß Herr Martinus, Medicus, die Mutter/ die beyder Kinder/
   <lb/>vnd dieſe faule angebrochene Waſſer moͤchte ſehẽ/ vñ ſo viel mehr/
   <lb/>weil er ſie in der Zeit/ da ſich ſchwanger geweſen/ eurirt hatte/ damit
   <lb/>er nun zumal den Augenſchein ſelbſt einnemmẽ/ vnd die rechte <choice><orig>Vr-<pb break="no" n="165"/>ſach</orig><reg>Vrſach</reg></choice> 
 jrer Schwachheit erkennen koͤnte. Dieſer hielte es fuͤr ein <choice><orig>ſon-<lb break="no"/>derliche</orig><reg>ſonderliche</reg></choice>
Wolthat Gottes/ daß ſie dieſes Laſts vnnd Gefahr ſolcher
   <lb/>Geſtalt abkommen waͤre/ vnnd daß allda ein warhafftiger Brandt
   <lb/>oder <foreign xml:lang="Latin" rend="antiqua">Gangræna</foreign> geweſen/ welches an dẽ Bauch deß <choice><orig>Waſſerſuͤch-<lb break="no"/>tigen</orig><reg>Waſſerſuͤchtigen</reg></choice>
 Kindes erſchiene. Dieſes iſt nicht allein bey dieſer Geburt <choice><orig>ge-<lb break="no"/>ſchehen</orig><reg>geſchehen</reg></choice>/
 darauß abzunemmen/ daß die Natur groſſe Fuͤrſichtigkeit
   <lb/>gebraucht/ vñ wol wiſſe/ wie ſie ſich deſſen entledigen ſoll/ davon ſie
   <lb/>ſich beſchaͤdigt findet/ doch ſo fern das Vbel an einẽ ſolchẽ Ort ſich
   <lb/>verhaͤlt/ da es zum Außgang gebracht werden kan. Darumb ſoll
   <lb/>man ſich nicht zuſehr verwundern noch entſetzen/ vber der <choice><orig>Waſſer-<lb break="no"/>ſucht</orig><reg>Waſſerſucht</reg></choice>/
 ſo ſich in der Gebaͤhrmutter allein verhält/ dann ich hab <choice><orig>etli-<lb break="no"/>che</orig><reg>etliche</reg></choice>
mal geſehen/ daß in dieſem Gebraͤchen den Muͤttern gleichwol
   <lb/>es am Leben nicht geſchadet/ ſondern ſie gemeiniglich davon <choice><orig>kom-<lb break="no"/>men</orig><reg>kommen</reg></choice>
ſind/ auch wohl der mehrer Theil der Kinder. Obberuͤhrtem
   <lb/>Herrn <foreign xml:lang="Latin" rend="antiqua">Medico</foreign>, <hi rend="antiqua">Martino</hi>, wieſe ich damals/ wie dieſe zwey Kinder
   <lb/>gelegen hatten/ welche alle beyde nicht mehr als ein Beth oder <choice><orig>La-<lb break="no"/>ger</orig><reg>Lager</reg></choice>
gehabt hatten/ doch mit dem gewoͤhnlichen Vnterſcheid in der
   <lb/>Mitte/ dadurch einem jeden ſein Platz beſtimmet war/ das Laͤger
   <lb/>deß Toͤchterleins/ ſo waſſerſuͤchtig an Tag kommen/ war voll <choice><orig>gee-<lb break="no"/>ler</orig><reg>geeler</reg></choice>
 zaͤher Feuchten/ vnnd die Adern dadurch dieſem Kind die <choice><orig>Nah-<lb break="no"/>rung</orig><reg>Nahrung</reg></choice>
in die Nabelſchnur hat ſollen zugefuͤhret werden/ waren voll
   <lb/>geeles Bluts/ auff dieſe Art/ wie es denẽ/ ſo mit dem Seiten ſtrechen
   <lb/>vnd der Kranckheit <foreign xml:lang="Latin" rend="antiqua">Pleureſis</foreign> genand/ behafftet/ in der Aderlaſſe zu
   <lb/>flieſſen pflegt. Aber deß Knaͤbleins Lager war huͤbſch wie es ſeyn
   <lb/>ſolte/ die Adern dadurch jhme die Nahrung zukam/ waren groß vnd
   <lb/>dick/ vnd voll gutes loͤbliches Bluts. Dieſes Kind beſahe ich nach
   <lb/><num>2.</num> oder <num>3.</num> Tagen nach ſeiner Geburt/ da war es geel am Leib wordẽ/
   <lb/>wie daſſelbig den Kindern auch ſonſten meiſtentheils widerfaͤhrt/
   <lb/>vnd erzeigten ſich allda alle natuͤrliche Wuͤrckungen recht vnd wol.
   <lb/>Aber es hatte ein ſolchen Vnraht von zeher ſchleimichter <choice><orig>Feuch-<lb break="no"/>tigkeit</orig><reg>Feuchtigkeit</reg></choice>
 bey ſich/ daß es vnmuͤglich war ſolches beym Leben zu <choice><orig>erhal-<lb break="no"/>ten</orig><reg>erhalten</reg></choice>/
 wir thaͤten dazu was wir wolten. Alle dieſes Vbels/ daß ſo wol
<pb n="166"/>
die Mutter als die Kinder betroffen hat/ Vrſach kam daher/ wie
   <lb/>dieſe Fraw ſelbſten bekante/ daß ſie es getruncken hätte. Sie ſagte/
   <lb/>daß ſie in ſolchem Zuſtandt auff ein mal wohl drey Aechtmaß oder
   <lb/>Schoppen Waſſer getruncken haͤtte/ daher ſie groſſe Verenderung
   <lb/>bey jhr befunden.</p>
<p>Ich hab offt von den <foreign xml:lang="Latin" rend="antiqua">Medicis</foreign> gehoͤret/ dz ſie ſagten/ dergleichen
   <lb/>intemperies oder boͤſe Außtheilung der Humorn kaͤmẽ <choice><orig>vrſpruͤng-<lb break="no"/>lich</orig><reg>vrſpruͤnglich</reg></choice>
 her von einer hitzigen Leber/ wie dann ſolches genugſam <choice><orig>bezeug-<lb break="no"/>te</orig><reg>bezeugte</reg></choice>
 die geele Farb/ welche ſich ſo wol in dem Blut/ als in dem <choice><orig>Gewaͤſ-<lb break="no"/>ſer</orig><reg>Gewaͤſſer</reg></choice>
 erzeigt hatte/ wie oberzehlt worden.</p></div>
<div type="chapter" n="44"><head>Das vier vnd viertzigſte Capitel.
   <lb/>Die ſiebende denckwuͤrdige Geſchicht.
   <lb/>Von einer Frawen/ deren ich zwey Kinder gewinnen <choice><orig>helf-<lb break="no"/>fen</orig><reg>helffen</reg></choice>/
 welche darnach vnſinnig worden/ vnd auff den Gaſſen herumb
   <lb/>geloffen iſt/ am fuͤnfften Tag nach dem ſie geneſen/ vnd wie ſie <choice><orig>wi-<lb break="no"/>der</orig><reg>wider</reg></choice>
 zu recht gebracht worden/ nach dem ſie vber etlich Zeit
   <lb/>widerumb in die vorig Abwitz gerahten.</head>
 <p>HIe will ich erzehlen was einer Frawen wohnhafft in der <choice><orig>Vor-<lb break="no"/>ſtatt</orig><reg>Vorſtatt</reg></choice>
<hi rend="antiqua">Sanct German</hi> begegnet iſt/ welche ich von Kindheit
    <lb/>auff gekant/ vnd waren beyde dazumal nechſt Nachbar/ als
    <lb/>jr dieſer elende Zuſtand begegnet. Vmb dz Jar Chriſti tauſent <choice><orig>fuͤnff-<lb break="no"/>hundert</orig><reg>fuͤnffhundert</reg></choice>
ſechs vnnd achtzig/ iſt ſie jres erſten Kinds gelegen/ welches
    <lb/>doch in Mutterleib geſtorben war. Herr <hi rend="antiqua">Milotus</hi> der Artzney <foreign xml:lang="Latin" rend="antiqua"><choice><orig>Do-<lb break="no"/>ctor</orig><reg>Doctor</reg></choice></foreign>,
dem dieſes Weib etlicher maſſen verwand war/ als er jr <choice><orig>muͤhe-<lb break="no"/>ſelig</orig><reg>muͤheſelig</reg></choice>
Weſen ſahe/ ſande hin vñ ließ einer Hebammen ruffen/ die jme
    <lb/>wol bekant war/ derſelben vbergab er die gebaͤhrende Fraw/ vnd bate
    <lb/>ſie dz beſte als ſie jmmer koͤnte bey jr zu thun/ welches die Amme <choice><orig>ge-<lb break="no"/>than</orig><reg>gethan</reg></choice>
vnd geholffen/ daß ſie entbunden worden iſt/ aber es iſt jhr vbel
    <lb/>vnd bawfaͤllig genug gewartet worden.</p>
 <p>Alhie wil ich das neben zu/ mit erjnnern/ daß es nit genug ſey/ ein
    <lb/>Kindbetterin wieder zu recht zubringen/ daß man jhr allein deß
<pb n="167"/>
Kinds abhelffe/ vnnd darnach die Hand abziehe/ dann ein <choice><orig>Wart-<lb break="no"/>fraw</orig><reg>Wartfraw</reg></choice>/
die der Sachen nicht wol berichtet iſt/ kan manchmal viel <choice><orig>V-<lb break="no"/>bels</orig><reg>Vbels</reg></choice>
vervrſachen/ wie ich ſolches in nachgehendem weiter erklaͤren
    <lb/>wil. Als nun die Fraw geſagter Maſſen niderkommen/ begab ſichs
    <lb/>vngefehr fuͤnff oder ſechs Tag hernach/ daß jhr ein Fantaſey vnnd
    <lb/>Tummelung in Kopff kam/ daß ſie gantz naͤrriſch worden/ vnd ein
    <lb/>ſolchen elenden Stand gefuͤhret/ daß einem dergleichen die Zeit des
    <lb/>Lebens nicht leichtlich fuͤrkommen. Dann ſie lieff wieder alle <choice><orig>fleiſ-<lb break="no"/>ſige</orig><reg>fleiſſige</reg></choice>
Auffſicht jhres Manns/ vnnd deren ſo jhr huͤten ſolten/ auff die
    <lb/>Gaſſen/ faſem nackicht/ ohn ein Hembt/ trang ſich auch bißweilen
    <lb/>in die Haͤuſer/ da ſie dann den Leuthen/ die ſie ſahen/ manchen
    <lb/>Schrecken abjaget/ vnnd ſeltzam Gebaͤrden fuͤhret. Als nun die
    <lb/>vier Jahr bald zum Ende gelauffen waren/ hat ſie ein wenig <choice><orig>nach-<lb break="no"/>gelaſſen</orig><reg>nachgelaſſen</reg></choice>/
vnnd als es ſich von Tag zu Tag allgemaͤchlich beſſerte/
    <lb/>vnd nun gantz wider gut war/ vnd ſie auff eine Zeit allhie zu Pariß
    <lb/>einer jungen Tochter niderkommen/ deren ſie ſchwanger worden
    <lb/>war/ da jhre Thorheit nachgelaſſen. Dazumal iſt jhr nichts <choice><orig>vn-<lb break="no"/>geſchicktes</orig><reg>vngeſchicktes</reg></choice>
widerfahren/ weder in der Geburt oder nach derſelben/
    <lb/>dann die Speiſen deren ſie genoß/ brachten den Bruͤſten keine
    <lb/>Milch/ daher Vngelegenheit haͤtte erfolgen moͤgen/ ſo waren ſie
    <lb/>auch von guter Daͤwung/ vnd machten keine boͤſe Daͤmpff/ die <choice><orig>v-<lb break="no"/>ber</orig><reg>vber</reg></choice>
ſich ſteigen/ vnd das Hirn belaͤſtigen haͤtten koͤnnen. Es iſt jetzo
    <lb/>vmb das zehende Jahr/ daß ſie widerumb zweyer Kinder <choice><orig>niderkom-<lb break="no"/>men</orig><reg>niderkommen</reg></choice>.
Das eine war tod/ vnnd das ander lebendig. In dieſen <choice><orig>Kinds-<lb break="no"/>noͤhten</orig><reg>Kindsnoͤhten</reg></choice>
hab ich jhr nicht gedienet. Am fuͤnfften Tag hernach kont
    <lb/>ſie ſich kaum erwehren/ daß ſie nicht in jhre vorige Vnſinnigkeit
    <lb/>geriethe/ welches dann geſchehen/ dann ſie am fuͤnffzehenden Tag
    <lb/>gar toll worden/ dermaſſen/ daß ſie die jenigen/ ſo jhrer warteten/ <choice><orig>ei-<lb break="no"/>nen</orig><reg>einen</reg></choice>
hieher ſchickte/ den andern dorthin. Dieſe meyneten/ ſie wuͤrde
    <lb/>ſich etwa zu Ruhe vnd Friede geben woͤllen/ aber ſie gieng hin/ vnnd
    <lb/>riß den Sitz oder Stul von einem heimlichen Gemach hinweg/
    <lb/>vnd wolte da hinein ſpringen/ ſprang auch hinein. Aber Gott hat
<pb n="168"/>
diß gnaͤdiglich verhuͤtet Dann ſie iſt mit den Kleydern hangen <choice><orig>blie-<lb break="no"/>ben</orig><reg>blieben</reg></choice>
an einem Holtz/ welches ſonſt gebraucht wurd zu einer Lehnen/
    <lb/>als nun die ſo jhr hatten warten ſollen/ widerumb in die Kammer
    <lb/>kamen/ vnd ſie nicht funden/ kan man erachten/ wie haͤfftig ſie <choice><orig>er-<lb break="no"/>ſchrocken</orig><reg>erſchrocken</reg></choice>
ſeyen/ vnnd weil ſie wuſten/ daß ſie vor dieſer Zeit/ als ſie
    <lb/>zwey maͤl aberwitzig geweſen/ allezeit ſich vnterſtanden hatte/ in die
    <lb/>Spraach haͤuſer zuſpringen/ eyleten ſie demſelbigen Ort zu. Da
    <lb/>funden ſie den Stul hinweg geriſſen/ vnnd in groſſem Schrecken
    <lb/>rufften ſie vmb Huͤlff ſie herauß zuziehen. Da hat man diß befunden.
    <lb/>Von dieſer Stund an/ hat ſie von jhrer Tollheit ein wenig <choice><orig>nach-<lb break="no"/>gelaſſen</orig><reg>nachgelaſſen</reg></choice>/
aber wie dem/ ſo ſind doch achtzehen gantzer Monat <choice><orig>ver-<lb break="no"/>floſſen</orig><reg>verfloſſen</reg></choice>/
ehe es gantz wider gut mit ihr worden iſt. Da nun dieſes <choice><orig>ge-<lb break="no"/>ſchehen</orig><reg>geſchehen</reg></choice>/
iſt ſie dritthalb Jar hernacher abermal niderkom̃en. Da hat
    <lb/>ſie mich erfordern laſſen/ vnd als ich mich zuvor mit jhr vnterredet/
    <lb/>erkandt ich daß Kindswehen da waren. Aber es hatte ſich da noch
    <lb/>kein Kind gewant/ der Bauch war jhr ſo außgeſpannet/ daß die
    <lb/>Kinder/ die ſie bey jhr hatte/ nicht koͤndten ſtuͤrtzen/ noch ſich vber
    <lb/>ſchlagen/ ich verſtunde von jhr/ daß ſie nun bey fuͤnff Tagen <choice><orig>Ver-<lb break="no"/>ſtopffung</orig><reg>Verſtopffung</reg></choice>
deß Leibs gehabt/ darumb gab ich jhr ein Clyſtir/ nach
    <lb/>welcher als jhr der Leib geoͤffnet vnnd geleeret worden/ hat ſich ein
    <lb/>Kind/ daß ſehr groß vnnd dick war/ bey jhr gewendet/ vnd vmb ſechs
    <lb/>Vhren gegen Abend/ als ſie die Clyſtir aber mal gebraucht/ iſt ſie
    <lb/>vmb Mitternacht eines Maͤgdleins geneſen. Als ich ſie nun <choice><orig>fer-<lb break="no"/>ner</orig><reg>ferner</reg></choice>
betaſtete/ ward ich noch eines andern Kindes bey jhr gewar/ <choice><orig>wel-<lb break="no"/>ches</orig><reg>welches</reg></choice>
aber noch fern von der Geburt war. Doch iſt ſolches hernach
    <lb/>auch kommen/ vnd zwar mit dem Kopff voran/ wider die gemeyne
    <lb/>Weiſe der Zwillingen/ dann wo zwey Kinder vorhanden ſeynd/ <choice><orig>be-<lb break="no"/>gibt</orig><reg>begibt</reg></choice>
ſichs zu mehren mal/ daß das erſte recht vnd natuͤrlich zur <choice><orig>Ge-<lb break="no"/>burt</orig><reg>Geburt</reg></choice>
ſich einſtellet/ das ander aber mit den Huͤfften oder Fuͤſſen <choice><orig>for-<lb break="no"/>men</orig><reg>formen</reg></choice>
ankommet.</p>
<p>Was ich bey dieſer Sachen thun könte/ war diß/ daß ich daran
<pb n="169"/>
war/ dz man jr bequemliche Speiſen die guter Daͤwung waren/ vñ
   <lb/>wol nehreten verſchaffete/ jr ein gut Hertz inſprechende/ vnd jhr etwz
   <lb/>nachgebende/ weil mir wol bewuſt/ dz jr Gemuͤht leichtlich <choice><orig>zubewe-<lb break="no"/>gen</orig><reg>zubewegen</reg></choice>
war. Alſo ſtund vnd verharrete ſie in Kindsnoͤhten biß auff den
   <lb/>morgigen Tag/ da ſie dann vmb zwo oder drithalb Stunden nach
   <lb/>Mittag daſſelbige Kind auch zur Welt bracht/ welches ein huͤpſcher
   <lb/>junger Sohn war. Ich befand allda/ dz die Natur bey nahe erlegen
   <lb/>waͤre/ diß Kind außzutreiben/ dann ſie war wider verfloſſen/ vñ <choice><orig>hat-<lb break="no"/>te</orig><reg>hatte</reg></choice>
ſich nach der erſten Geburt gantz zugethan/ vnd weil die Zeit der
   <lb/>Kindsnoͤhten etwz lang gewehret/ war ſie ſehr ſchwach vnd <choice><orig>vnkraͤf-<lb break="no"/>tig</orig><reg>vnkraͤftig</reg></choice>
worden/ daher es mehr Muͤhe vnd Arbeit bey diſem zweytẽ Kind
   <lb/>genommen/ als bey dem erſten. Wann es vnrecht herkom̃en waͤre/
   <lb/>haͤtte es ſo viel Zeit nicht bedoͤrfft/ dann man haͤtte es alſo bald nach
   <lb/>dem andern ziehen vnd außfuͤhren koͤnnen/ ohne einige Gefahr oder
   <lb/>Beleidigung. Aber wann ein Kind mit dem Haupt voran kommet/
   <lb/>darff eine Amme ſolches nit alſo angreiffen/ dann das <choice><orig>Hirnſchaͤl-<lb break="no"/>gen</orig><reg>Hirnſchaͤlgen</reg></choice>
 iſt noch ſehr zart vñ weich/ dz wann einer ſolches vermeynte <choice><orig>zu-<lb break="no"/>faſſen</orig><reg>zufaſſen</reg></choice>/
 ſolches nit wol ohne Verletzung deß Hirns geſchehen <choice><orig>koͤn-<lb break="no"/>te</orig><reg>koͤnte</reg></choice>.
 Wie ſchaͤdlich es nun ſey/ wann man ein Kind durch jetzterzehlte
   <lb/>Mittel zur Geburt fuͤrdern wolte/ erweiſet dz Exempel einer <choice><orig>Fuͤrſt-<lb break="no"/>lichen</orig><reg>Fuͤrſtlichen</reg></choice>
 Frawen/ bey deren das Kind alſo geſtorben/ vnd noch wol <choice><orig>an-<lb break="no"/>ders</orig><reg>anders</reg></choice>
vervrſachet hat.</p>
<p>Daß wir aber widerumb auf dieſe <num>2.</num> Kinder kommen/ davon ich
   <lb/>geſagt habe/ iſt zumercken/ daß ſie alle beyde ein jedes das Haͤutlein
   <lb/><foreign xml:lang="Latin" rend="antiqua">Amnios</foreign> genant/ welchs man ins gemein ein Helm zunennẽ pflegt/
   <lb/>mit zur Welt bracht haben. Die Mutter dieſer Kinder belangend/
   <lb/>als ich ſahe/ dz Gott mein Werck vñ Arbeit geſegnet hatte/ bat ich
   <lb/>jhn/ daß er dieſelbige gleicher Geſtalt mit Gnaden anſehen vnd <choice><orig>er-<lb break="no"/>halten</orig><reg>erhalten</reg></choice>
   wolte. Ich kam alle Tag zu jhr/ vnd beſuchte ſie/ ob ich doch
   <lb/>erkennen moͤchte die Vrſache/ daher jhr die Thorheit vnnd <choice><orig>Aber-<lb break="no"/>witz</orig><reg>Aberwitz</reg></choice>
 käme/ dann jhre Verwandten/ vnnd alle die ſie kenneten <choice><orig>glaub-<lb break="no"/>tẽ</orig><reg>glaubtẽ</reg></choice>
 nichts weniger/ als dz dieſes Weib widerumb in die vorige <choice><orig>Vn-<pb break="no" n="170"/>ſinnigkeit</orig><reg>Vnſinnigkeit</reg></choice> 
 gerahten ſolte. Die meiſte Sorg/ die ich trug/ war/ daß
   <lb/>ich Verordnung that/ daß ſie ein gut Regiment im eſſen vnnd <choice><orig>trin-<lb break="no"/>cken</orig><reg>trincken</reg></choice>
hielte/ vnd ſich guter bequemlicher Speiſen gebrauchete/ vnnd
   <lb/>daß jhr allzeit vber den andern Tag ein Clyſtir beygebracht wuͤrde.
   <lb/>Ich lehrte auch jhr Wartfraw/ durch was Mittel ſie die Milch
   <lb/>vertreiben ſolte/ dieweil ſie niemals kein Kind geſaͤuget hatte. Aber
   <lb/>dieſes iſt verwarloſet wordẽ. Am fuͤnfften Tag/ nach dem ſie <choice><orig>nider-<lb break="no"/>kommen</orig><reg>niderkommen</reg></choice>/
 als ich ſie beſuchte/ fand ich ſie mit einem Fieber behafftet/
   <lb/>vnd eben denſelben Tag hatte ſie nichts wollen zuſich nemmen/ die
   <lb/>Augen vnnd Angeſicht waren jhr verjrret/ jhre Wort vnnd Reden
   <lb/>waren vngereimbt/ vnd ſchickten ſich keines wegs zuſammen/ man
   <lb/>erzehlte mir/ wie ſich ein vnzahl thoͤrichter Gedancken bey jhr <choice><orig>er-<lb break="no"/>eugneten</orig><reg>ereugneten</reg></choice>.
 Darauff hab ich jhr alſo balden ein Clyſtir geben/ vnd als
   <lb/>ich jhr den Buſem beſahe/ zu erkuͤndigen wie es eine Geſtalt mit
   <lb/>der Milch haͤtte/ befand ich/ daß die Wartfraw deren Dingen/ ſo
   <lb/>ich jhr befohlen/ keines außgericht hatte/ dann die Bruͤſt waren ſehr
   <lb/>hart. Alſo macht ich jhr eine Weichung/ vond Roſenoͤle vnnd Wein
   <lb/>eſſig/ Item von roten Kölblaͤttern vber dem Fewer muͤrb gemacht/
   <lb/>vnd daruͤber noch ein Pflaſter von gemeinem Honig. Deß andern
   <lb/>morgends als ich abermal ſie zubeſuchen kam/ befand ich/ daß ſie <choice><orig>et-<lb break="no"/>was</orig><reg>etwas</reg></choice>
 ſtill war worden/ ohne Fieber/ vnnd die Milch war jhr ſehr <choice><orig>ver-<lb break="no"/>loffen</orig><reg>verloffen</reg></choice>/
 ich befahl mit dieſen Mitteln fortzufahren/ wie auch mit den
   <lb/>Clyſtiren/ davon ſie am <num>17.</num> Tag hernach ſich widerumb <choice><orig>auffge-<lb break="no"/>machet</orig><reg>auffgemachet</reg></choice>/
   nicht weniger geſund am Gemühte/ als am Leib/ vnnd hat
   <lb/>deſſen die vbrige gantze Zeit jres Lebens genoſſen. Allhie ſicht man
   <lb/>daß manchmal ein gering Ding/ wann es zu rechter Zeit fuͤr die
   <lb/>Hand genommen wird/ einen Menſchen von groſſem zufaͤlligen
   <lb/>Vnheil bewahren/ vnd ſcheinbarliche Gefahr abwenden kan. Ich
   <lb/>kan diß mit Warheit ſagen/ dz ich mein Tag kaum ein hitziger vnd
   <lb/>ſchaͤrpffer Fieber geſehen/ welches das Hirn alſo durch die hitzige
   <lb/>auffſteigende Daͤmpff belaͤſtiget vnnd angegriffen/ als eben dieſes
   <lb/>welches doch allein der Zufluß vberfluͤſſiger Milch vervrſachet.
   <lb/>Weil ſie im Bett lag/ brant ſie von Hitz/ ſo bald ſie aber eine Hand
<pb n="171"/>
vnter der Decke herfuͤr thate/ vberlieff jhr der gantze Leib mit Froſt
   <lb/>vnd Schaudern/ darauff ſie dann die Hitz widerumb doppelte vnd
   <lb/>dieſes vnruhige Tobẽ vnd Aberwitzig redẽ vrſachte. Dieſes Weib/
   <lb/>davon wir reden/ iſt nach dieſen Geſchichten auch Kinds <choice><orig>niderkom-<lb break="no"/>men</orig><reg>niderkommen</reg></choice>/
 vnd weil ſie der fuͤrgeſchriebenen Ordnung/ ſo ich jhr <choice><orig>mitge-<lb break="no"/>theilet</orig><reg>mitgetheilet</reg></choice>
 vnd gebraucht/ mit Fleiß nachkommen/ iſt ſie dadurch <choice><orig>geſi-<lb break="no"/>chert</orig><reg>geſichert</reg></choice>
 worden/ daß ſie nit widerumb in das vorige Vbel der <choice><orig>Vnſin-<lb break="no"/>nigkeit</orig><reg>Vnſinnigkeit</reg></choice>
gefallen/ welche Mittel doch alle darin beruhen/ dz man die
   <lb/>Clyſtiren fleiſſig brauche/ vnd die zufallende Milch fuͤrderlich <choice><orig>eva-<lb break="no"/>cuire</orig><reg>evacuire</reg></choice>
vnd abweiſe.</p></div>
<div type="chapter" n="45"><head>Das fuͤnff vnd viertzigſte Capitel.
   <lb/>Die achte denckwuͤrdige Geſchicht oder <hi rend="antiqua">Obſervation</hi>.
   <lb/>Von einer Frawen/ deren eine andere ſich zu hart auff den
   <lb/>Bauch geſtewret/ als ſie in Kindsnoͤten gelegen/ vnd wie
   <lb/>es mit derſelben darnach ergangen.</head>
 <p>ICh muß alhie eine Geſchicht erzehlen/ die einer jungen <choice><orig>Fra-<lb break="no"/>wen</orig><reg>Frawen</reg></choice>
in jhrem Kindbett widerfahren iſt/ welche auch nach der
    <lb/>Hand durch meinen Mann curirt worden/ wie wir ſolches
    <lb/>hoͤren werden. Dieſe Fraw/ als ſie nun des Kinds erledigt/ vnd <choice><orig>ge-<lb break="no"/>neſen</orig><reg>geneſen</reg></choice>
war/ damit ſie auch der Nachgeburt abkommen/ vnd alſo <choice><orig>vol-<lb break="no"/>lend</orig><reg>vollend</reg></choice>
entbunden werden möchte/ ſagte die Hebamme zu einer <choice><orig>Saͤug-<lb break="no"/>ammen</orig><reg>Saͤugammen</reg></choice>/
die da zugegen war/ ſie die Saͤugmutter ſolte der <choice><orig>Kindbet-<lb break="no"/>terin</orig><reg>Kindbetterin</reg></choice>
ſtarck auff den Bauch truͤcken/ welches ſie dann thate/ vnnd
    <lb/>ſie mit beſchloſſenen Haͤnden/ vnd ſolchem Gewalt darauff ſtuͤtzte/
    <lb/>daß die gute Frawe nach Außgang <num>3.</num> Wochen ſolche Erſtickung
    <lb/>der Mutter/ <foreign xml:lang="Latin" rend="antiqua">Suffocatio Matricis</foreign> genandt/ hatte/ daß es das <choice><orig>An-<lb break="no"/>ſehen</orig><reg>Anſehen</reg></choice>
hatte/ als ob dieſes ſterben muͤſte. Weyland Herr <choice rend="antiqua"><orig>Riola-<lb break="no"/>nus</orig><reg>Riolanus</reg></choice>
    <foreign xml:lang="Latin" rend="antiqua">Medicus</foreign>, als der zu Raht gezogen vnd beruffen ward/ riehte/
    <lb/>daß jhr mein Mann jnnerhalb <num>4.</num> Tagen <num>7.</num> Adern ſchlagen muͤſte.
Davon hat ſie gleichwol etwas Erleuchterung/ wiewol wenig <choice><orig>ge-<lb break="no"/>ſpuͤret</orig><reg>geſpuͤret</reg></choice>.
    <lb/>Aber alle die Aderlaͤſſen haben nicht verhindern koͤnnen/ daß
<pb n="172"/>
nit ein Apoſtem oder Geſchwaͤr in der Mutter entſtanden waͤre/ dz
    <lb/>ſeinen Vrſprung nam von der Truͤckung vnnd Quetſchung/ als
    <lb/>ſich dz obbeſagte Weib ſo knoͤlliſch vnd vngeſchikt auff der <choice><orig>Kind-<lb break="no"/>betterin</orig><reg>Kindbetterin</reg></choice>
Bauch geſtewret hatte. Dieſer <foreign xml:lang="Latin" rend="antiqua">Abſceſſus</foreign> oder Schewren
    <lb/>hat ſich wol drey Monat verhalten/ biß dz er angefangen zu <choice><orig>zeiti-<lb break="no"/>gen</orig><reg>zeitigen</reg></choice>/
vnd ſeinen Außgang durch den Mutterhals/ genom̃en/ da dañ
    <lb/>wol bey einer aͤchtmaß Vnraht außgefloſſen/ ſo faul vnd boͤſes <choice><orig>Ge-<lb break="no"/>ruchs</orig><reg>Geruchs</reg></choice>/
dz ſie ſelber dieſe Faͤule vnd Geſtanck nit riechen moͤgen. <choice><orig>Al-<lb break="no"/>ſo</orig><reg>Alſo</reg></choice>
iſt ſie vber die ſechs Monat gantz krumb geblieben/ hat auch nach
    <lb/>dieſen Dingen kein Kind mehr gehabt/ vnd wañ jnmittels truͤb <choice><orig>vn-<lb break="no"/>geſtuͤm̃</orig><reg>vngeſtuͤm̃</reg></choice>
Wetter war/ erhubẽ ſich groſſe Schmertzen in der Mutter/
    <lb/>welches bey mir dieſen Argwohn erweckete/ dz wol etwas vbriges an
    <lb/>dieſem Geſchwaͤr/ als eine Fiſtel daſelbſt ſich möchte verhalten <choice><orig>ha-<lb break="no"/>ben</orig><reg>haben</reg></choice>.
Daß ich dieſe Hiſtory allero verzeichne/ iſt die Vrſach/ daß
    <lb/>man die Gleichheit ſehe/ zwiſchen deren/ vnd dẽ vorigen <hi rend="antiqua">Diſcurs</hi>, dẽ
    <lb/>ich erzehlet/ da ich redete/ von der Nachgeburt bey den Weibern/ vñ
    <lb/>auff was Wege man dieſelbe ſolte außfuͤhren/ daß man dabey <choice><orig>erjn-<lb break="no"/>nert</orig><reg>erjnnert</reg></choice>
werde/ wie mancherley Faͤhler vnd Irrthummen bey einer <choice><orig>ge-<lb break="no"/>bährenden</orig><reg>gebährenden</reg></choice>
Frawen in Noͤhten begangen werden moͤgen.</p></div>
<div type="chapter" n="46"><head>Das ſechs vnd viertzigſte Capitel.
   <lb/>Die neundte denckwuͤrdige <hi rend="antiqua">Obſervation</hi>.
   <lb/>Von einer Frawen/ welche jhr Kind zween Monat vnd
   <lb/>acht Tage gewand oder geſtuͤrtzt im Leib getragen/
   <lb/>vnd auß was Vrſachen das geſchehen.</head>
 <p>AVff eine Zeit bin ich auß der Statt erfordert vnnd abgeholet
    <lb/>worden/ in ein Dorff/ welches zwo Frantzoͤſiſche Meilen von
    <lb/>Pariß lag/ zu eines <hi rend="antiqua">Aduocaten</hi> an dem Hofe deß <choice><orig>Parla-<lb break="no"/>ments</orig><reg>Parlaments</reg></choice>
zu Pariß Haußfrawen/ welche ſich damals auff jhrem Gut
    <lb/>daſelbſt befande. Jederman meynte/ jhr nahetẽ die Schmertzen der
    <lb/>Geburt/ weil ſie ſchwach genug war/ wiewol ſie nicht laͤnger als <num>7.</num>
    <lb/>Monat ſchwanger geweſen war/ weniger acht Tag. All diß Vbel
<pb n="173"/>
war jr herkom̃en von groſſem Vnwillẽ vnd Zorn/ dẽ ſie geſchöpfft
    <lb/>wider jren Meyer oder Hoffbawrn/ den ſie funde/ dz er jhrer Kinder
    <lb/>eins ſchmeiſſen wolte. Als die Mutter diß ſahe/ machte ſie ſich auff/
    <lb/>demſelbẽ zuhelffen. Aber der Bawr/ entweder voll Wein oder Zorn/
    <lb/>draͤwet ſie ebenmaͤſſig zu plawen/ obs jhm nun Ernſt geweſt/ oder er
    <lb/>ſich alſo geſtellet hab/ ſie ſchritte vber ein lange Stange biß an den
    <lb/>Bauch/ davon ſie doch weiter kein Vngelegenheit empfieng/ dann
    <lb/>dz ſie mit den Fuͤſſen glitſchete/ aber ſie war davon ſolcher Geſtalt
    <lb/>bewegt/ dz (weil ſie dem Ziel nahe war/ dz die alten beſtimpt vnd <choice><orig>be-<lb break="no"/>ſchrieben</orig><reg>beſchrieben</reg></choice>
haben/ dz alſdann die Kinder deß Außgangs mit Gewalt
    <lb/>begehren/ vnd allein durch die Natur auffgehalten werden/ daß die
    <lb/>Haut an jhnen dicker vnd ſtaͤrcker werde) ſich jhr Kind im Leib <choice><orig>ge-<lb break="no"/>wandt</orig><reg>gewandt</reg></choice>/
vnd auffs Haͤuptlein geſtürtzt hat/ mit etwas Schmertzen.
    <lb/>Als ich nun diß bey jhr alſo befande/ fragte ich ſie/ ob jhr Meynung
    <lb/>wäre/ an dieſem Ort vñ auff dem Dorff deß Kinds niderzukom̃en/
    <lb/>oder nicht. Sie gab mir darauff zur Antwort/ wie ſie nichts ſo ſehr
    <lb/>wuͤnſchen wolte/ dann daß ſie Zeit moͤchte haben/ gen Pariß zu <choice><orig>wi-<lb break="no"/>derkehren</orig><reg>widerkehren</reg></choice>/
vñ daſelbſtẽ zugeligen. Als ich nun ſahe/ dz ſich das Kind
    <lb/>allein geſtuͤrtzet hatte/ die Waſſer aber ſich noch nicht erzeigten/ ließ
    <lb/>ich mich beduͤnkẽ/ ſie koͤnt noch wol gen Pariß in die Statt kom̃en.</p>
 <p>Dieſem meinem Raht iſt folg geleiſtet worden/ vnd hat man ein
    <lb/>Saͤnffte herbey gebracht/ vnd die Fraw darauff alſo in die Statt
    <lb/>gefuͤhret. Der Hofbawer iſt alſo bald ins Gefaͤngnuß geworffen
    <lb/>worden/ vnnd wann dieſe Fraw vor der beſtimpten Zeit deß Kindes
    <lb/>abkommen waͤre/ zweiffelt mir gar nicht/ der Bawer waͤre in Leibs
    <lb/>vnd Lebens Gefahr gerahten. Ich glaub/ daß ſie der Zorn ſo hefftig
    <lb/>jnngenommen hatte/ dz ſie ſich auff alle Weiß vnd Weg zu raͤchen
    <lb/>verlangen truͤge. Ich habe/ die deß armen Meyers halben ſehr <choice><orig>ſorg-<lb break="no"/>faͤltig</orig><reg>ſorgfaͤltig</reg></choice>
war/ weil ich wol wuͤſt/ wie es jhm ergehn wuͤrd/ that mein <choice><orig>be-<lb break="no"/>ſtes</orig><reg>beſtes</reg></choice>/
vñ brauchte alle Mittel/ die moͤglich warẽ/ beſuchte ſie faſt alle
    <lb/>Tag/ da ich dañ diß letzlich befunde/ weil es nit gangen war wider
    <lb/>den Bawrẽ/ wie ſie es gern geſehẽ/ vñ ſie dißfalls jren Zorn nit <choice><orig>erlaͤ-<pb break="no" n="147 [174]"/>tigen</orig><reg>erlaͤtigen</reg></choice> 
kuͤnte/ dz ſich das Kind/ durch dieſen Widerwillen gedrucket/
    <lb/>gantz wuͤrde in die Schloßbein ſencken. Ich fuͤhrte jhr zu Gemuͤht/
    <lb/>ſie ſolte jhr ſelbs abbrechen/ vnd ſich deß Zorns maͤſſigen/ dann wañ
    <lb/>ſie durch dieſen jhrem grimmigen Zorn vnd Braͤſten des Gemuͤhts
    <lb/>zu gebaͤhrẽ genoͤhtiget würde/ waͤre jhres Lebens halber nit geringer
    <lb/>Gefahr zu beſtehen/ dann deß Kinds halber/ alſo dz ſie wol beyde im
    <lb/>Lauff bleiben muͤſten/ zum dem/ waͤre das nicht das rechte Mittel/
    <lb/>Raach vnd ſeinen Feinden zuholen/ wann mans alſo machen <choice><orig>wol-<lb break="no"/>te</orig><reg>wolte</reg></choice>.
Dabey ich auch diß ſagte/ wann ſichs ſchon mit der Geburt biß
    <lb/>zu der beſtimpten Zeit verzoͤge/ nichts deſto minder/ wann das Kind
    <lb/>einig Verletzung an ſeinem Leib mit auff die Welt braͤchte/ als
    <lb/>wann etwas an jhm zerbrochen erſchiene/ oder wann man einigen
    <lb/>Stoß/ Schlag oder Quetſchung an jhme mercken koͤndte/ welche
    <lb/>zwar im Anfang ſchwartz/ aber darnach gruͤngeel werden/ vnd eine
    <lb/>lange Zeit alſo verbleiben/ daß man als dann Vrſach vnnd Mittel
    <lb/>genug haben wuͤrde/ den Leckershals zur gebuͤhrender Straffe zu
    <lb/>ziehen. Mit dieſen vnd andern Worten/ fuͤhrete ich dem armẽ <choice><orig>Hof-<lb break="no"/>bawren</orig><reg>Hofbawren</reg></choice>
ſein boͤſe Sache/ vnnd war gleichſam ſein Procurator/ ſo
    <lb/>fleiſſig als ich jmmer kuͤnte/ daß alſo zween Monat vnd acht Tage
    <lb/>verfloſſen/ in welcher Zeit ſie ſich ſtets zu Beth hielte. Als aber dieſe
    <lb/>fuͤruͤber/ iſt ſie eines jungen Sohns niderkommen/ welcher <choice><orig>nach-<lb break="no"/>maln</orig><reg>nachmaln</reg></choice>
bey zween oder dreyen Monaten das Leben gehabt. Vnd alſo
    <lb/>iſt der Meyer davon kommen/ vnnd jhme ferners nichts begegnet/
    <lb/>dann daß er in den Seckel zimlich geſtrafft worden.</p>
 <p>Dieſe Geſchicht in achet/ daß ich dieſes allhie Erjnnerungsweiß
    <lb/>melde/ dz bey etlichen ſchwangern Weibern die Kinder ſich <choice><orig>manch-<lb break="no"/>mal</orig><reg>manchmal</reg></choice>
eine geraumte Zeit zuvor ſtuͤrtzen/ ehe dann dieſelbigen hernach
    <lb/>geliegen vnd niderkommen. Wo ſie nun deſſen keinen Schmertzen
    <lb/>empfindẽ/ laſſen ſie nit lang darnach ſehẽ/ ja ſie thun auch noch wol
    <lb/>diß dazu/ wañ eine Fraw die Wehemutter od’ Amme fraget/ ob ſich
    <lb/>das Kind gewendet habe/ wo dieſe darauff antwortet/ Ja/ es habe
    <lb/>ſich geſtuͤrtzet/ vnd aber die Geburt nicht alſo bald darauff erfolget/
<pb n="175"/>
ſo wird die arme Hebamme fuͤr ein Plumpart vnnd vngeſchickten
    <lb/>Doͤlpel gehalten/ die nit viel vmb die Sache wiſſe. Daher dann <choice><orig>etli-<lb break="no"/>liche</orig><reg>etliliche</reg></choice>
Hebammen/ welchen wol bewuſt/ was fuͤr Schaden jnen auß
    <lb/>boͤſer Nachrede erwachſen koͤnne/ vnterweilen ein Ehrluͤgen thun
    <lb/>muͤſſen/ vnd Neyn ſagen/ wiewol ſie es beſſer wiſſen/ aber es will die
    <lb/>Warheit geſagt ſeyn/ dann auff den widrigen Fall/ wuͤrde ein boͤſe
    <lb/>Nachfolg darauß entſtehen/ dz die Weiber viel wuͤrden hin vnd <choice><orig>wi-<lb break="no"/>derlauffen</orig><reg>widerlauffen</reg></choice>/
vnd ſich auff harte Stuͤle oder Baͤncke ſetzen/ dadurch
    <lb/>die Kinder allezeit ſehr verletzet werden/ darumben ich dann allhie
    <lb/>gar nit ſchlieſſen will/ dz alle Kinder ſich ſo zeitlich wenden/ ſondern
    <lb/>viel mehr/ etliche bald/ etliche langſam/ etliche aber erſt alſdann/
    <lb/>wann die Kindſnoͤhten da ſind.</p>
 <p>Ich zwar/ weil dieſes meines Stands Erforderung iſt/ kan vnd
    <lb/>will mit Warheit ſagen/ dz ich ſelbs ein Kind bey ſechs gantzer <choice><orig>Wo-<lb break="no"/>chen</orig><reg>Wochen</reg></choice>
geſtuͤrtzet getragen/ welche Zeit vber/ ich doch alle Tag meiner
    <lb/>Handthirung vnd Beruff nachkommen muͤſſen. Die jenigen/ <choice><orig>wel-<lb break="no"/>che</orig><reg>welche</reg></choice>
ſagen dörffen/ dz ein Kind/ nach dem es ſich gewand oder <choice><orig>geſtuͤr-<lb break="no"/>tzet</orig><reg>geſtuͤrtzet</reg></choice>
hab/ keine Nahrung mehr empfange/ thun jhnen ſelber Gewalt
    <lb/>vnnd Vnrecht/ mehr als den Hebammen/ denen ſie doch Vngluͤck
    <lb/>ſtifften woͤllen. Dañ ſie geben klaͤrlich zuverſtehen/ dz ſie nit wiſſen/
    <lb/>durch wz Mittel dz Kind in Mutterleib ligend/ ſeine Nahrung <choice><orig>em-<lb break="no"/>pfahe</orig><reg>empfahe</reg></choice>.
Vnd damit ſolches denen/ ſo noch etwz Zweiffels tragen/ <choice><orig>beſ-<lb break="no"/>ſer</orig><reg>beſſer</reg></choice>
erklaͤret werde/ will ich jnen hiemit verheiſſen haben/ daß/ wann
    <lb/>es jnen gefaͤllt/ ich ſie will in dz Gottes Hauß <foreign xml:lang="French" rend="antiqua">Hoſtel Dieu</foreign> genant/
    <lb/>bringen/ darin ein groſſe Zahl der ſchwangern Weiber ſind/ vnd in
    <lb/>der Fuͤrſorg vnnd Geſellſchafft ſeyn der Aertzte/ deſſelben Gottes
    <lb/>Hauſes/ allda will ich ſie auſſer allem Zweiffel ſetzen/ vnd erlangen/
    <lb/>dz ſie ſelbſt durch betaſten vnd fuͤhlen/ die Warheit erkuͤndigen <choice><orig>ſol-<lb break="no"/>len</orig><reg>ſollen</reg></choice>
len/ damit die Klagten/ mit welchen die Hebammen dißfalls <choice><orig>be-<lb break="no"/>ſchwaͤret</orig><reg>beſchwaͤret</reg></choice>
werden/ abgeleynet/ vnd ſie der Aufflagen <choice><orig>ent-<lb break="no"/>laden</orig><reg>entladen</reg></choice>
werden mögen.</p></div>
<pb n="176"/>
<div type="chapter" n="47"><head>Das ſieben vnd viertzigſte Capitel.
   <lb/>Die zehende denckwuͤrdige Hiſtory.
   <lb/>Welche Geſtalt ich die Nabelſchnur an einem <choice><orig>newge-<lb break="no"/>bornen</orig><reg>newgebornen</reg></choice>
 Kindlein verknuͤpfft gefunden hab/ mit einem rechten <choice><orig>natuͤr-<lb break="no"/>lichen</orig><reg>natuͤrlichen</reg></choice>
 Knoden/ wie der ſeyn ſoll/ wiewol dieſelbe Schnur mit einem
   <lb/>Ende des Kinds Bauch/ mit dem andern an der
   <lb/>Nachgeburt feſt angehefftet war.</head>
 <p>ES iſt nun mehr ohngefaͤhr im dritten oder vierden Jahr/ daß
    <lb/>ich einer ehrlichen Matronen in Kindsnoͤhten bedienet <choice><orig>ge-<lb break="no"/>weſt</orig><reg>geweſt</reg></choice>/
welche zuvor/ ehe dann ſie niderkommen/ mit hefftigem
    <lb/>Grimmen oder Darmwehe geplaget geweſen/ vnd bey ſich ſelbſt <choice><orig>be-<lb break="no"/>funden</orig><reg>befunden</reg></choice>
hatte/ daß das Kind ſehr ſchwach bey jr waͤre/ ein par Tag
    <lb/>ehe ſie geneſe. Welches als es geſchehen/ haben wir die Nabelſchnur
    <lb/>verknuͤpffet gefunden mit einem rechten Knopff oder Knoden/ wie
    <lb/>man die zumachen pflegt/ vnangeſehen/ dz ſolche dem Kind vnd der
    <lb/>Affterburt noch ſteifanhieng/ vnd war der Knode etwz breit vñ wol
    <lb/>angezogen/ dz Kind aber Him̃elblohe farb. Dieſes nun duͤncket vns
    <lb/>ein ſolche Sach/ die nit wenig verwunderns werth/ in Erwegung
    <lb/>wir vns nit einbilden koͤnden/ wie ſolches haͤtte ſeyn koͤñen. Die <choice><orig>Na-<lb break="no"/>belſchnur</orig><reg>Nabelſchnur</reg></choice>
war ohngefehr drey Viertel einer Ehlen lang/ vnnd der
    <lb/>Knode war bey einem Viertel der Ehlen fern von dem Leib deß <choice><orig>Kin-<lb break="no"/>des</orig><reg>Kindes</reg></choice>.
Die Kindbetterin erzehlet mir/ daß in wehrenden jrer <choice><orig>Schmer-<lb break="no"/>tzen</orig><reg>Schmertzen</reg></choice>
deß Grimmens oder <foreign xml:lang="Latin" rend="antiqua">Colica</foreign>, das Kind bey jhr ſich haͤfftiglich
<lb/>bewegt haͤtte. Darauß ohn allen Zweiffel abzunemmen/ dz die <choice><orig>Kin-<lb break="no"/>der</orig><reg>Kinder</reg></choice>
mit ſolchẽ der Mutter euſſerſten Schmertzen gemeinſchafft <choice><orig>ha-<lb break="no"/>ben</orig><reg>haben</reg></choice>/
vnd mitleiden muͤſſen. Es kan nit wol anders ſeyn/ es muß das
    <lb/>Kind in ſolchen haͤfftigen Bewegungen das Hirn verrucket haben/
    <lb/>vnd weil es mit dieſer Bewegung ſtets fortgefahren/ hat ſich dieſer
    <lb/>Knopff an der Nabelſchnur noch haͤrter angezogẽ vnd faſt <choice><orig>beſchloſ-<lb break="no"/>ſen</orig><reg>beſchloſſen</reg></choice>/
daher dañ notwendig gefolget/ dz dz Kind weder deß Luffts oder
    <lb/>Athems noch der Nahrung ohne groſſe Beſchwerlichkeit hat koͤñen
<pb n="177"/>
theilhafftig werden/ weil demſelben alles durch dieſen Knopff <choice><orig>muͤſ-<lb break="no"/>ſen</orig><reg>muͤſſen</reg></choice>
zugefuͤhret werdẽ. Ich zweiffele gar nit/ es werde diß Geſchicht
    <lb/>einem jeden/ der ſie hoͤret/ frembd vnnd wunderbar fuͤrkommen/ wie
    <lb/>mir dann ſelbſten widerfahren iſt. Aber dieſe Fraw/ wie auch jre drey
    <lb/>Schweſtern/ ſo ſolches neben mir geſehen/ ſind noch im Leben/ vnd
    <lb/>koͤnnen der Dingen Zeugnuß geben.</p></div>
<div type="chapter" n="48"><head>Das acht vnd viertzigſte Capitel.
   <lb/>Die eilffte Geſchicht.
   <lb/>Von einer Frawen/ welche gar voll von Leib war/
   <lb/>vnd ſterben muͤſſen/ darumb daß ſie Eyß
   <lb/>geſſen hatte.</head>
<p>MAn hat mich auff eine Zeit ruffen laſſen zu einer ehrlichen
   <lb/>fuͤrnemmen <hi rend="antiqua">Matronen</hi>, die mir ſehr lieb vnd werth/ vnd <choice><orig>ei-<lb break="no"/>ne</orig><reg>eine</reg></choice>
 Haußfraw war eines <hi rend="antiqua">Advocaten</hi> am Hofe zu Pariß.
   <lb/>Dieſes geſchahe im Monat Auguſto. Als ich zu jr ins Hauß kam/
   <lb/>fund ich ſie ſo weiß vnd verblichen/ gleich wie ein tod Menſch. <choice><orig>Die-<lb break="no"/>ſe</orig><reg>Dieſe</reg></choice>
 erzehlte mir/ wiewol ſchwerlich vnnd mit viel Muͤhe/ wie ſie deß
   <lb/>Morgends einen groſſen Bauchfluß gehabt/ vnd als ſie vom <choice><orig>heim-<lb break="no"/>lichen</orig><reg>heimlichen</reg></choice>
 Gemach wider auffgeſtanden/ haͤtte ſie gefuͤhlet/ daß jr etwas
   <lb/>ſonderbares wehe im Leib gethan/ gleich als ob ſie etwz zerriſſen oder
   <lb/>zerbrochen haͤtte/ darauff alſo balden groſſe Hitz erfolget waͤre/ <choice><orig>da-<lb break="no"/>von</orig><reg>davon</reg></choice>
 ſie ſich ſo ſchwach befunden/ dz ſie ſich haͤtte zu Bett legen <choice><orig>muͤſ-<lb break="no"/>ſen</orig><reg>muͤſſen</reg></choice>/
 vnd als ſie die Magd von ſich abgefertiget haͤtte/ waͤre ſie durch
   <lb/>die Natur abermals getrungen worden jhrer Notturfft <choice><orig>nachzuge-<lb break="no"/>hen</orig><reg>nachzugehen</reg></choice>.
 In dẽ ſie ſich anfaͤhet auffzurichten/ waͤre ſie durch <choice><orig>Schwach-<lb break="no"/>heit</orig><reg>Schwachheit</reg></choice>
 vberwunden/ dz ſie widerumb ins Bett hat fallen muͤſſen/ da ſie
   <lb/>von Ohnkraͤfften nit ſo viel vermocht/ daß ſie jre Notturfft halten
   <lb/>koͤnnen. Ihre Magd ſagt mir in der Frawen Gegenwart/ daß jhr
   <lb/>dieſes Vnheil daher kaͤme/ daß ſie deß Abends Eyß geſſen haͤtte/
   <lb/>faſt ſo viel als zwo Faͤuſt groß/ welches Eyß jhr zukommen waͤre
 <pb n="168 [178]"/>
 auß der Herberg <hi rend="antiqua">de Gondy</hi>, vnnd dieſes muſte die Fraw geſtehen.
   <lb/>Ich begrieff jhr den Pulß/ vnnd wiewol ich mich ſo hoch darauff
   <lb/>nicht verſtehe/ wolte mich doch beduͤncken/ derſelbe waͤre tödtlich/
   <lb/>weil er ſehr gemaͤchlich ſchlug/ vnd gieng bißweilen ſo ſchwächlich/
   <lb/>daß man es kaum fuͤhlen koͤndte/ bald widerumb etwas ſtaͤrcker/
   <lb/>gleich wie ein Liecht/ daß außgehen will/ vnd ſich doch noch wehret/
   <lb/>biß es ſeine letzte Flamme von ſich ſchleußt. Ich ließ jhr ein wenig
   <lb/>Wein langen/ befahl jnmittels jhrem <foreign xml:lang="Latin" rend="antiqua">Medico</foreign>, einem Apothecker
   <lb/>vnnd Prieſter zuruffen/ wir kondten jhre Kranckheit nicht recht <choice><orig>er-<lb break="no"/>kennen</orig><reg>erkennen</reg></choice>.</p>
 <p>Ihr Mann vnd benachbarten lieſſen zween gute beruͤmbte <foreign xml:lang="Latin" rend="antiqua"><choice><orig>Do-<lb break="no"/>ctores</orig><reg>Doctores</reg></choice></foreign>
der Artzney kommen/ die thaten jhr beſtes nach allem jhrem
    <lb/>Vermoͤgen/ aber es war vmbſonſt da etwas außzurichten. Sie
    <lb/>vermeynten jhr ein Ader zulaſſen/ aber es war eben als wann man
    <lb/>daß Laßeyſen auff ein wuͤllen Tuch geſetzet haͤtte/ dañ als ſie jhr an
    <lb/>zweyẽ Orten geſchlagen/ iſt doch nicht ein einige Tropffen Bluts
    <lb/>erfolgt. Nach dem Nachteſſen/ hatte ſie das Eyß gefreſſen/ des <choice><orig>an-<lb break="no"/>den</orig><reg>anden</reg></choice>
morgens vmb <num>6.</num> Vhren hat ſie ſich vnrichtig im Leib durch
    <lb/>den Fluß befunden vmb den Mittag iſt ſie verſtorben. Des andern
    <lb/>Tags hab ich ſie ſehen auffſchneiden/ durch den Wundartzet/ <hi rend="antiqua">Le
       <lb/>Marchand</hi> genennet/ welcher bey dieſer Oeffnung befand/ dz ſich
    <lb/>all das Gebluͤt in den Bauch geſencket hatte/ zwiſchen die <choice><orig>jnwen-<lb break="no"/>digſte</orig><reg>jnwendigſte</reg></choice>
Haut/ <foreign xml:lang="French" rend="antiqua">Epiploon</foreign> genant/ vnd dz Ingeweid. Als er nun ſolchs
    <lb/>auff ein Seite gethan/ ſuchte er/ durch was fuͤr einen Weg oder
    <lb/>Gefäß ſich das Blut herab geſencket haͤtte/ vnd fand eine Ader in
    <lb/>der Dicke wie das Eyſen oder Stefft an einer Neſtel/ vier Finger
    <lb/>vnterhalb des fuͤrnembſten Lappen der Leber/ vnnd darnach <choice><orig>geſchli-<lb break="no"/>fert</orig><reg>geſchlifert</reg></choice>
bey vier andere Finger lang/ letzlich gantz entzwey gebrochen.
    <lb/>Der <foreign xml:lang="Latin" rend="antiqua">Chirurgus</foreign> hielt es dafuͤr/ daß durch die euſſerſte Kaͤlte deß
    <lb/>Eyß dieſe Ader dermaſſen außgedaͤhnet worden waͤre/ daß durch
    <lb/>das hin vnnd wider gehen/ diß Gefaͤßlein haͤtte muͤſſen zerbrechen
    <lb/>vnd auffreiſen. In jhrem gantzen Leib funden wir nicht einen <choice><orig>Tro-<pb break="no" n="169 [179]"/>pfen</orig><reg>Tropfen</reg></choice> 
Bluts/ außgenommen in dem Bauch. Eben dieſe Fraw hatte
    <lb/>auch bey jr im Leib ein oͤde vnd laͤere Empfaͤngnuß getragen/ zu <choice><orig>La-<lb break="no"/>tein</orig><reg>Latein</reg></choice>
<foreign xml:lang="Latin" rend="antiqua">falſum germen</foreign> genant/ welche wir damals befunden habẽ wie
    <lb/>ein klein Haͤutlein/ ebenmaͤſſig ohne einigen tropffen Bluts.</p></div>
<div type="chapter" n="49"><p>Das neun vnd viertzigſte Capitel.
   <lb/>Die zwoͤlffte denckwuͤrdige Geſchicht oder <hi rend="antiqua">Obſervation</hi>.
   <lb/>Von einem Weib/ welche zehen gantzer Monat vber an
   <lb/>dem Waͤrtzlein jrer Bruſt eine Schlange tragen vnd wider
   <lb/>jren Willen ſaͤugen muͤſſen.</p>
 <p>EIne ſehr frembde/ vnerhoͤrte/ vnd faſt vnglaubige Geſchicht
    <lb/>muß ich allhier erzehlen/ die ich hab von einem redlichen vnnd
    <lb/>glaubwuͤrdigen Mañ/ welcher mir mit vieler Bethewrung
    <lb/>vnd hohen Worten bezeugte/ daß ſolches die Warheit/ vnnd er es
    <lb/>mit ſeinen Augen geſehen haͤtte. Vmb das <date>Jahr 1599.</date> war ich in
    <lb/>eins ehrlichen Buͤrgers Hauß in dieſer Statt/ ſein Haußfraw <choice><orig>zu-<lb break="no"/>beſuchen</orig><reg>zubeſuchen</reg></choice>/
welche mit einer Schwachheit behafftet war/ die viel <choice><orig>cu-<lb break="no"/>rirens</orig><reg>curirens</reg></choice>
vnd lange weil nam. In welcher Zeit der Mann/ der <choice><orig>ſorgfaͤl-<lb break="no"/>tig</orig><reg>ſorgfaͤltig</reg></choice>/
nachdenckig vnd hohes Verſtands ware/ mich auffhielte mit
    <lb/>Erzehlung einer ſehr wunderbaren vnd ſeltzamẽ Geſchicht/ welche
    <lb/>der aller frembdeſten eine ſeyn moͤchte/ vnter allen die ein Menſch
    <lb/>jemaln gehoͤrt haͤtten/ die er doch gleichwol ſelbſten mit Augen <choice><orig>geſe-<lb break="no"/>hen</orig><reg>geſehen</reg></choice>.
Dann er ſagt/ demnach er den meiſtentheil ſeiner jungen Jahr
    <lb/>mit hin vnd wider reiſen zugebracht/ habe er auff ein Zeit ſein Weg
    <lb/>in ober Teutſchland genommen/ vnnd als er zu Straßburg in der
    <lb/>Statt geweſen/ wäre er verſtaͤndigt worden/ wie <num>2.</num> Meilwegs von
    <lb/>dannen auff einem Dorff ein Weib waͤre/ deren Mann als er
    <lb/>im Weingart gehackt/ haͤtte ſie das Graß oder Vnkraut vor jhm
    <lb/>außbrauffẽ muͤſſen. Damit ſie nun dieſer Arbeit deſto beſſer <choice><orig>abwar-<lb break="no"/>ten</orig><reg>abwarten</reg></choice>
kuͤnte/ hatte ſie jhr Kind mit jhr hinauß genommen/ vnd als ſie
<pb n="170 [180]"/>
dieſem zutrincken gebẽ/ haͤtte ſie ſolches auff ein Kuͤſſen gelegt/ vnd
    <lb/>ſchlaffen laſſen/ ſie aber waͤre inmittels mit jhrer Arbeit <choice><orig>fortgefah-<lb break="no"/>ren</orig><reg>fortgefahren</reg></choice>.
Eines Tags begab ſichs/ dz jhr Kind auß dem Schlaff <choice><orig>erwa-<lb break="no"/>chete</orig><reg>erwachete</reg></choice>/
damit ſie nun ſolches ſtillen vnd einſchlaͤffen moͤchte/ gab ſie
    <lb/>jhme zu trincken/ vnd in dem ſaͤugen entſchlieff ſie zugleich/ vnd als
    <lb/>in dieſem ſchwaͤren Schlaff die Maͤmme dem Kind auß dẽ Maul
    <lb/>kam/ vnd jhr der Buſem vnd Bruͤſte alſo offen ſtehen blieben/ iſt jr
    <lb/>nachfolgend Vnheil begegnet. Dann eine Schlang/ das <choice><orig>allerver-<lb break="no"/>ſchlagneſte</orig><reg>allerverſchlagneſte</reg></choice>
vnd liſtigſte Thier in der Welt/ vnnd welches am beſten
    <lb/>das gute vom boͤſen vnterſcheiden weiß/ ſchliche ſittiglich herbey/ <choice><orig>er-<lb break="no"/>griffe</orig><reg>ergriffe</reg></choice>
die Wartze der Bruſt der Frawen/ vnd fieng an zuſaugẽ/ vnd
    <lb/>weil ſie niemaln ſo lieblich Ding geſchmaͤckt hatte/ nam ſie jhr fuͤr/
    <lb/>ſolche nicht zuverlaſſen/ wol wiſſende/ daß wann ſie dieſe Nahrung
    <lb/>fahren lieſſe/ ſie nit ſo leichtlich wider darzu wuͤrde gelangẽ koͤnnen.
    <lb/>Als aber das arme Weib erwachete/ vnd die Beſtien an dẽr Bruſt
    <lb/>hangen ſahe/ iſt ſie dermaſſen erſtaunet/ dz ſie vor Schrecken <choice><orig>moͤch-<lb break="no"/>te</orig><reg>moͤchte</reg></choice>
geſtorben ſeyn. Sie ſchrye zwar jhrem Mañ zu/ aber als der <choice><orig>her-<lb break="no"/>bey</orig><reg>herbey</reg></choice>
kame/ vñ diß frembde <hi rend="antiqua">Spectacul</hi> ſahe/ iſt er deſſen nicht weniger
    <lb/>erſchrocken/ als das Weib. Doch name er das Kind/ vnd fuͤhrete die
    <lb/>arme erſchrockene Fraw mit ſich heim zu Hauß/ vnnd dorffte jhrer
    <lb/>keines das loſe Thier anruͤhren. Er ließ einen <foreign xml:lang="Latin" rend="antiqua">Medicum</foreign> holen/ <choice><orig>ei-<lb break="no"/>nen</orig><reg>einen</reg></choice>
feinen geſchickten Mann/ der wandte allen muͤglichẽ Fleiß an/
    <lb/>vnd gebraucht viel Mittel/ dieſen loſen Gaſt abzutreibẽ/ in dem er
    <lb/>ſo wol ſc<unclear/>fe vnd beiſſende Dinge auffs Haupt legte/ als <choice><orig>anderſt-<lb break="no"/>wohin</orig><reg>anderſtwohin</reg></choice>.
Aber am letztẽ/ da er ſahe/ dz die euſſerliche Mittel nichts zur
    <lb/>Sachen thaten/ iſt er zuraht wordẽ/ dem Weib ſolche Sachen <choice><orig>ein-<lb break="no"/>zugeben</orig><reg>einzugeben</reg></choice>/
die die Milch aͤndern/ vnnd den ſuͤſſen Geſchmack in bitter
    <lb/>verwandlen koͤntẽ. Aber man that was man wolt/ iſts doch <choice><orig>vnmoͤg-<lb break="no"/>lich</orig><reg>vnmoͤglich</reg></choice>
geweſt/ dieſes boͤſe Thier dahin zubringen/ dz es den Duͤtz/ ſo es
    <lb/>einmal ergrieffen/ fahrẽ lieſſe. Man hatte ſich deſſen zubefoͤrchten/
    <lb/>ſolte man ſolchẽ wz Leids thun/ dz er die Frawen beiſſen moͤchte/ weil
    <lb/>auſſer Zweiffel/ dz jhre Zaͤhne vñ Biß gifftig ſeynd. Alſo hat diß <choice><orig>ar-<pb break="no" n="171 [181]"/>me</orig><reg>arme</reg></choice> 
Weib dieſe Beſtien/ gleichſam angeſchefftet/ herum̃ tragen <choice><orig>muͤſ-<lb break="no"/>ſen</orig><reg>muͤſſen</reg></choice>
an der Bruſt hangend/ wol zehen Monat/ welche Zeit vber die
    <lb/>Schlang ſo lang vnd dick worden/ vnd dermaſſen zugenommen/ dz
    <lb/>ſie ſolche in einer Zwehlen am Hals muͤſſen tragẽ. Die Milch/ <choice><orig>wel-<lb break="no"/>che</orig><reg>welche</reg></choice>
ſonſten gepflegt hatte/ den beyden Bruͤſten zuzulauffen/ hat ſich
    <lb/>allein zu der gewandt/ daran die Schlang erſtlich zu ſaugen <choice><orig>ange-<lb break="no"/>fangen</orig><reg>angefangen</reg></choice>
fangen. Der gute Mañ hat ſeinem Kind ein andere Saͤugmutter
    <lb/>beſtellen muͤſſen. Alle die jenige/ welche geſehen hatten/ wie klein <choice><orig>die-<lb break="no"/>ſes</orig><reg>dieſes</reg></choice>
Thier im Anfang geweſen/ vnd wie maͤchtig es ſehr zugenom̃en
    <lb/>hatte/ riethen dieſem Weib auß mitleiden/ ſie ſolte <num>10.</num> Meil Wegs
    <lb/>weit von dannen an ein Ort gehn/ da wuͤrd ſie einen Wirth findẽ in
    <lb/>einer Herberg/ mit Namẽ Barillet/ der ein Meiſter waͤre/ <choice><orig>Schlan-<lb break="no"/>gen</orig><reg>Schlangen</reg></choice>
zu bannen vnd zu beſchweren. Sie nun dahin zubewegen/ <choice><orig>ſag-<lb break="no"/>ten</orig><reg>ſagten</reg></choice>
ten ſie jhr auch/ wann ſichs begebe/ daß dieſes boßhafftige Thier
    <lb/>von Fettigkeit ſterben oder zerberſten ſolte/ moͤchte es das Gifft jhr
    <lb/>in die Bruſt ſchieſſen/ zu jhrem vnzweiffeligen verderben/ weil am
    <lb/>gantzen Leib kein Glied iſt/ daß ſo viel vnnd groſſe Gemeinſchafft
    <lb/>mit dem Hertzen hat/ als die Maͤmmen oder Brüſte. Dadurch iſt
    <lb/>ſie vberredt worden/ vnd hat ſich auffgemacht/ dahin zugehen. Als
    <lb/>ſie nun dahin kommen/ hat dieſer Mann ſehr vber das Weib <choice><orig>geha-<lb break="no"/>dert</orig><reg>gehadert</reg></choice>/
daß ſie dieſes Ding ſo lang anſtehen laſſen/ vnd nicht ehe zu <choice><orig>jh-<lb break="no"/>me</orig><reg>jhme</reg></choice>
kommen waͤre/ verhieß jhr dabey/ er wolte jhr dieſes <choice><orig>vnangeneh-<lb break="no"/>men</orig><reg>vnangenehmen</reg></choice>
Gaſts naͤher in einer viertheil Stundt abhelffen/ ohne einige
    <lb/>jhre Beſchwernuß vnd Vnwillẽ. Darauff hieß er ſie ein wenig <choice><orig>ru-<lb break="no"/>hen</orig><reg>ruhen</reg></choice>/
vnd ein Trunck Wein thun. Vnter deſſen macht er ein Creiß/
    <lb/>oder Circkel/ fieng darnach an etliche gewiſſe Wort zuſprechen/ <choice><orig>al-<lb break="no"/>ſo</orig><reg>alſo</reg></choice>
bald kamen drey oder vier andere Schlangen/ welche er vnter <choice><orig>ſei-<lb break="no"/>nem</orig><reg>ſeinem</reg></choice>
Tiſch zuernehrẽ pflegte/ herfuͤr/ vnd giengẽ in den Creiß. Der
    <lb/>Beſchwerer fuhr fort/ vnd ſagte widerumb etwas/ darauff die/ ſo
    <lb/>der Frawen ſo lang an der Bruſt gehangen/ dieſelbe verlaſſen/ vnnd
    <lb/>mit den andern herum̃ geſprungẽ/ darnach ſich auff den Schwantz
    <lb/>auffrecht geſtellt. Der Mann/ ſo ſie beſchworẽ/ ergrieff ſie/ ſteckt jhr
<pb n="172 [182]"/>
ein Stuͤcklein Scharlach in den Rachen/ brach jr darnacht die <choice><orig>Zaͤh-<lb break="no"/>ne</orig><reg>Zaͤhne</reg></choice>
auß. Die arme Fraw/ da ſie ſich dieſes ſchnoͤden Kinds entleidigt
    <lb/>befand/ vnd das alles ſahe/ macht jhren Buſen eylend zu/ vnd wolte
    <lb/>davon lauffen. Aber der Mann im Hauß hielte ſie auff/ vnd <choice><orig>verſi-<lb break="no"/>cherte</orig><reg>verſicherte</reg></choice>
ſie deſſen/ daß die Schlang jrer nit mehr begehren wuͤrde/ <choice><orig>ſon-<lb break="no"/>dern</orig><reg>ſondern</reg></choice>
ſie muͤſſe ſich mit den andern an jren geweißten Orth begeben.
    <lb/>Der Mann/ ſo mir dieſes alles erzehlt/ ſagte mir dabey fuͤrgewiß/
    <lb/>daß er dieſes Thier geſehen/ da es noch klein geweſt/ weil och nit <choice><orig>v-<lb break="no"/>ber</orig><reg>vber</reg></choice>
acht Tage vergangen waren/ daß ſie ſolche an der Bruſt <choice><orig>getra-<lb break="no"/>gen</orig><reg>getragen</reg></choice>
hatte/ aber nach Verflieſſung ſieben oder acht Monaten/ wie
    <lb/>dann nach derſelben Zeit in dem Hauß deß obbeſagten Beſchwerers
    <lb/>Barillet/ wer diſe Schlang ſo groß geweſen/ dz maͤnniglich geſagt/
    <lb/>ſie haͤtten dergleichen niemals geſehen/ weder an laͤng oder dicke.
    <lb/>Auß dieſer Geſchicht iſt Sonnenklar/ wz groſſe Nahrung die <choice><orig>Wei-<lb break="no"/>bermilch</orig><reg>Weibermilch</reg></choice>
gebe/ wie an dieſer loſten Beſtein zuſehen.</p></div>
<div type="chapter" n="50"><head>Das fuͤnfftzigſte Capitel.
   <lb/>Auß was Vrſachen etliche Kinder/ die im ſiebenden oder
   <lb/>achten Monat geboren werden/ bey Leben bleiben/ Andere aber/
   <lb/>die eben zur ſelben Zeit auff die Welt kommen/
   <lb/>nicht leben koͤnnen.</head>
 <p>WAn findet Kinder/ die im ſiebenden Monat gebohren <choice><orig>wer-<lb break="no"/>den</orig><reg>werden</reg></choice>/
vnd doch nicht allein leben/ ſonder auch noch wol auff
    <lb/>vnd geſund ſind/ vnd tawern offtmals beſſer/ als die/ ſo im
    <lb/>achten Monat kommen/ vnd inſonderheit die Maͤgdlein. Aber <choice><orig>die-<lb break="no"/>ſes</orig><reg>dieſes</reg></choice>
 begibt ſich/ nach dem der Leib der Mutter/ daranß ſie kommen/
    <lb/><hi rend="antiqua">diſponirt</hi> oder beſchaffen iſt/ wie auch/ nach dem die Kinder ſind/
    <lb/>vnd die Vrſachen/ vmb derer willen ſie außgetrieben werden. Es
    <lb/>ſind Weiber/ welche ſonſten in andern Stuͤcken ſich allerdings
    <lb/>wol/ auffrecht vnd geſund befinden/ deren Gebaͤhrmutter <choice><orig>jnnwen-<lb break="no"/>dig</orig><reg>jnnwendig</reg></choice>
 ſo einen engen vnd ſchmahlen Begrieff hat/ daß das Kind/ wañ
 <pb n="173 [183]"/>
es den ſiebenden Monat erlanget/ vnd jm einen Außgang mit <choice><orig>Ge-<lb break="no"/>walt</orig><reg>Gewalt</reg></choice>
zuſuchen begehret/ wie vns die Alten dieſes beſchrieben/ vnd <choice><orig>ſol-<lb break="no"/>che</orig><reg>ſolche</reg></choice>
Zeit beſtimmet haben/ da das Kind der Geburt nahet/ die <choice><orig>Mut-<lb break="no"/>ter</orig><reg>Mutter</reg></choice>
 vngeſtuͤmmiglich noͤhtiget/ daß ſie ſich eroͤffnen muß/ weil ſie ſo
    <lb/>klein vnd enge iſt.</p>
 <p>Die Weiber/ welche erzehlter Maſſen beſchaffen ſind/ bringen
    <lb/>jhr Kinder gemeiniglich zu derſelben Zeit/ vnd diß auß <choice><orig>obangereg-<lb break="no"/>ten</orig><reg>obangeregten</reg></choice>
Vrſachen. Andere Kinder/ wann ſie ſich zu ſencken beginnen/
    <lb/>erſchuͤtten ſie die Mutter dermaſſen/ wann ſie jhren Platz oder <choice><orig>Laͤ-<lb break="no"/>gerſtatt</orig><reg>Laͤgerſtatt</reg></choice>
veraͤndern/ (wie ich hievon weiter geſchrieben/ da ich von
    <lb/>der frühezeitigen Geburt vnd Niderkommen der Weiber geredet
    <lb/>habe) daß die Mutter/ wegen deß ſchweren Gewichts/ ſich eroͤffnen
    <lb/>muß/ darauff dann die Geburt erfolget. Vnd ſolche Kinder/ <choice><orig>koͤn-<lb break="no"/>nen</orig><reg>koͤnnen</reg></choice>
wol leben/ ob ſie gleich im ſiebenden Monat an Tag kommen.
    <lb/>Aber wann der Fall oder Senckung deß Kindes ſo grob vnd <choice><orig>vnge-<lb break="no"/>ſchickt</orig><reg>vngeſchickt</reg></choice>
waͤre/ daß ſich die Adergaͤnge der Gebaͤhrmutter/ <foreign xml:lang="Latin" rend="antiqua"><choice><orig>Cotyle-<lb break="no"/>dones</orig><reg>Cotyledones</reg></choice></foreign>
genant/ ſich von der Nachgeburt abſoͤnderten/ durch welche
    <lb/>Adern oder Gaͤnge doch die Nahrung vnnd das lufftaͤderige Blut
    <lb/>dem Kind zugefuͤhrt wird/ da darff man kein groſſe Hoffnung auff
    <lb/>deß Kindes Leben machen. Dañ dieweil daſſelbe durch dieſe <choice><orig>Tren-<lb break="no"/>nung</orig><reg>Trennung</reg></choice>
deß Luffts oder Athems beraubt wird/ vnnd doch nicht einen
    <lb/>Augenblick ohne dieſen Lufft oder Athem ſeyn kan/ vnd in Mangel
    <lb/>deß andern Mittels durch den Mundt Athem ſchoͤpffen ſolle/ <choice><orig>er-<lb break="no"/>ſaͤufft</orig><reg>erſaͤufft</reg></choice>
es zur Stund in dem Gewaͤſſer/ vnnd wann die Waſſer <choice><orig>ver-<lb break="no"/>floſſen</orig><reg>verfloſſen</reg></choice>
waͤren/ wuͤrde es doch deß Todts nicht gefreyet ſeyn/ dieweil
    <lb/>es in der Mutter ſo viel Luffts nicht wuͤrde haben koͤnnen/ daß es
    <lb/>davon leben moͤchte. Wann ein Weib niderkommen muß auß der
    <lb/>Vrſache/ daß ſie deß Gebluͤts zuviel bey jhr hat/ iſt auch nicht <choice><orig>viel-<lb break="no"/>mehr</orig><reg>vielmehr</reg></choice>
Hoffnung zumachen. Dann ehe vnd zuvor das Kind durch
    <lb/>den Vberfluß deß Gebluͤts gezwungen/ den Außgang hat ſuchen
    <lb/>muͤſſen/ iſt es dermaſſen mit Blut vberſchuͤttet worden/ daß es wol
    <lb/>halber erſticket iſt. Vnd dieſes zu bekraͤfftigen/ befindet ſich <choice><orig>gemei-<pb break="no" n="174 [184]"/>niglich</orig><reg>gemeiniglich</reg></choice>/
daß ſolche Kinder gantz ſchwartz ſind. Wann aber die <choice><orig>Kin-<lb break="no"/>der</orig><reg>Kinder</reg></choice>
durch Maͤnge vnd Vberfluß deß Gewaͤſſers getrieben/ jhre
    <lb/>Wohnung verlaſſen muͤſſen/ welche Gewaͤſſer ſich nicht länger in
    <lb/>der Haut/ die das Kind vmbfaͤhet/ verhalten koͤnnen/ ſondern Noht
    <lb/>halber anbrechen muͤſſen/ daher ſich das Kind bewegt/ vnd die Fraw
    <lb/>niderkommẽ muͤſſen. Dieſe Kinder ſind mit Waſſer erfuͤllet/ gleich
    <lb/>wie die andern/ davon ich geſagt/ mit Gebluͤt/ vnd leben nicht lang.
    <lb/>Dann es gehet jhnen wie den Fiſchen/ welche zur Stund ſterben
    <lb/>muͤſſen/ ſo bald ſie auß dem Waſſer kommen. Zwar es iſt nicht ohn/
    <lb/>alle Kinder in Mutterleib ſchwimmen in dem Waſſer/ vnnd wann
    <lb/>ſie ſchon darauß kommen/ muͤſſen ſie darumb nicht ſterben/ aber die
    <lb/>Maͤnge vnnd Vberfluß deß Gewaͤſſers/ dadurch ſie außgetrieben
    <lb/>werden/ hat den Vrſprung daher/ daß die Leber nicht richtig iſt/ vnd
    <lb/>mehr Waſſer dann Blut machet. Vnnd in dem ſolches geſchicht/
    <lb/>wird dieſer boͤſe ſchaͤdliche Safft oder Feuchtigkeit dem Kind zur
    <lb/>Nahrung zugefuͤhret/ an ſtatt daß es mit gutem vnnd loͤblichem
    <lb/>Blut genehret werden ſolte. Ich hab viel Weiber geſehen/ bey
    <lb/>welchen eine oder die ander auß oberzehlter Vrſachen gemacht <choice><orig>ha-<lb break="no"/>ben</orig><reg>haben</reg></choice>/
daß ſie zu bald niderkommen ſeynd/ vnnd weil man ins gemein
    <lb/>zuſagen pflegt/ daß die Knaben ſo im ſiebenden Monat geboren
    <lb/>werden/ vnd die Maͤgdlein die im achten Monat kommen/ bey <choice><orig>Le-<lb break="no"/>ben</orig><reg>Leben</reg></choice>
bleiben koͤnnen/ trachten ſie dahin/ wie ſie dieſen Termin <choice><orig>erwar-<lb break="no"/>ten</orig><reg>erwarten</reg></choice>
moͤgen/ wann nun dieſe Zeit jhr Endſchafft erlanget/ haben ſie
    <lb/>deſſen doch einen geringen Vortheil auß obſermelden Vrſachen.
    <lb/>Derwegen ſie dann/ nach dem jhnen jhres Leibs beſchaffenheit am
    <lb/>beſten bewuſt/ ſie bey zeiten gutes Rahts erholen ſolten/ damit ja
    <lb/>zum wenigſten dem kuͤnfftigen Vnheil begegnet werden moͤchte.
    <lb/>Dieſes widerfaͤhret zum dickernmal (wie ich ſolches weiter <choice><orig>außge-<lb break="no"/>fuͤhret</orig><reg>außgefuͤhret</reg></choice>/
als ich von den fruhen vnzeitigem Niderkommen der <choice><orig>Wei-<lb break="no"/>ber</orig><reg>Weiber</reg></choice>
geredt) denen die ſo duͤnn vnnd ſubtil Gebluͤt haben/ daß <choice><orig>ver-<lb break="no"/>fleußt</orig><reg>verfleußt</reg></choice>.
Daſelbſt hab ich zwar Mittel angezeigt/ durch welche das
<pb n="175 [185]"/>
Blut dick vnd ſtaͤndig gemacht werden moͤge/ Aber dieſes hab ich
    <lb/>dabey vnterlaſſen oder vergeſſen/ das das allterfuͤrnembſte vnd beſte
    <lb/>Mittel iſt zu allen obigen Gebraͤſten vnd Vngelegenheiten/ vnd <choice><orig>in-<lb break="no"/>ſonderheit</orig><reg>inſonderheit</reg></choice>
zu dieſem letzt erzehlten/ dz man nemlich ſich deß Manns
    <lb/>enthalte/ vnd allein ſchlaffe. Dann alle ſchwangere Weiber/ welche
    <lb/>ohne das von Natur geneygt ſind/ vor der beſtimpten Zeit <choice><orig>niderzu-<lb break="no"/>kommen</orig><reg>niderzukommen</reg></choice>/
es ſey auß was Vrſachen es jmmermehr wolle/ ſollen ſich
    <lb/>deſſen enthalten/ vnd dieweil allein im Bethe fuͤr gut nemmen.</p>
 <div><head>Wie man die verlohrne Milch widerbringen ſoll.</head>
<p>Es widerfaͤhret den Saͤugammen offt vnd vielmal/ das ſie auß
   <lb/>vnterſchiedlichen zutragenden Vrſachen die Milch verlieren/ als
   <lb/>da ſie Schrecken/ Trawrigkeit/ Vnwill/ Zorn/ Kranckheit/ <choice><orig>Me-<lb break="no"/>lancholey</orig><reg>Melancholey</reg></choice>/
 boͤſe Nahrung vnd Daͤwung/ welchem Gebraͤſten man
   <lb/>raht verſchaffen mag/ daß man alle Tag morgends vnd Abends zu
   <lb/>ſich nemme ein Suppe/ ſie ſey fett oder mager/ darein von <choice><orig>Kraͤu-<lb break="no"/>tern</orig><reg>Kraͤutern</reg></choice>
 komme/ gruͤn Fenchel/ zahme Wegwart/ Sawerampffer/
   <lb/>Lattich/ vnd wann dieſe Kraͤuter halber gekocht ſind/ nemmet eine
   <lb/>Quinten weiſſen Lattichſaamen/ ſo friſch als man den haben mag/
   <lb/>zerſtoſſen/ in ein leinen Tuͤchlein gebunden/ laßt den ein viertheil
   <lb/>Stund in der obigen Bruͤhe ſieden/ truckets darnach auß. Dieſe
   <lb/>Supper macht die Milch widerkommen/ doch ſo fern dieſelbe ſich
   <lb/>nicht verlohren hab von Liebes Begierden/ dann diß iſt ein ſolcher
   <lb/>Gebraͤſten/ dem nicht wol zuhelffen durch einige Mittel. Denen
   <lb/>Weibern/ welchen von wegen trawriger vnnd melancholiſcher
   <lb/>Gedancken die Milch verfloſſen/ iſt ſie viel muͤheſeliger <choice><orig>wider-<lb break="no"/>zubringen</orig><reg>widerzubringen</reg></choice>/
 dann allen denen/ von welchen vorhin geſagt/ ſie <choice><orig>ver-<lb break="no"/>lieren</orig><reg>verlieren</reg></choice>
 die Milch auß was Vrſachen ſie jmmer wollen/ in <choice><orig>Erwe-<lb break="no"/>gung</orig><reg>Erwegung</reg></choice>/
 daß die Mannſucht oder Lieb/ wie auch die Melancholey
   <lb/>zwey Fewer ſind/ welche außtruͤcknen vñ verzehren die Quellen der
   <lb/>Muttermilch. Das Waſſer von Habern getruncken/ dienet auch
   <lb/>ſehr wol hieher/ welches auch thut die erſte abgeſottene Bruͤhe von
 <pb n="175 [185]"/>
 Erbſen/ darinn gruͤner Fenchel geſotten ſeye/ damit man auch die
   <lb/>Bruͤſte deß morgends vnd abends bähen vnd erwaͤrmen kan/ biß
   <lb/>vnter die Achſel hinauf. Die jenigen Weiber/ die von ſich ſelbſten
   <lb/>je vnnd allezeit boͤſe Saͤugmuͤtter geweſen ſind/ ſollen ſittig thun
   <lb/>mit den Mitteln/ vnd ſollen wiſſen/ daß ſie dadurch wenig gebeſſert
   <lb/>werden moͤgen. Ich abeer will/ das/ ſo ich allhie rede/ verſtanden <choice><orig>ha-<lb break="no"/>ben</orig><reg>haben</reg></choice>/
 von denen Weibern/ welche ſonſten gute Saͤugmuͤtter ſind/
   <lb/>vnd doch vber verhoffen auß einer oder der andern namhafft
   <lb/>gemachten Vrſachen jhre Milch verlohren
   <lb/>haben.</p></div></div>
<closer>ENDE.</closer></div>
</body>
</text>
</TEI>
