<?xml version="1.0" encoding="UTF-8"?>
<?xml-model href="http://www.tei-c.org/release/xml/tei/custom/schema/relaxng/tei_lite.rng" type="application/xml" schematypens="http://relaxng.org/ns/structure/1.0"?>
<?xml-model href="http://www.tei-c.org/release/xml/tei/custom/schema/relaxng/tei_lite.rng" type="application/xml"
	schematypens="http://purl.oclc.org/dsdl/schematron"?>
<TEI xmlns="http://www.tei-c.org/ns/1.0">
<teiHeader>
<fileDesc>
 <titleStmt>
<title>Nothwendig- und nuͤtzlicher
 <lb/>Unterricht/
 <lb/>Wornach ſich die in
 <lb/>Des Durchlauchtigſten Fuͤrſten und Herrn/
 <lb/>Herrn Bernhards/
 <lb/>Hertzogen zu Sachſen/ Juͤlich/ Cleve
 <lb/>und Berg/ Landgrafen in Thuͤringen/ <choice><orig>Marck-<lb break="no"/>grafen</orig><reg>Marckgrafen</reg></choice>
 zu Meißen/ Gefuͤrſteten Grafen zu <choice><orig>Hen-<lb break="no"/>neberg</orig><reg>Henneberg</reg></choice>/
 Grafen zu der Marck und <choice><orig>Ravens-<lb break="no"/>berg</orig><reg>Ravensberg</reg></choice>/
 Herrn zu Ravenſtein/ <abbr>rc.</abbr>
 <lb/>Landen/
 <lb/>Beſtelte Hebammen oder Kind-Frauen/
 <lb/>oder deren Stelle vertretende/ und ſonſt <choice><orig>maͤn-<lb break="no"/>niglich</orig><reg>maͤnniglich</reg></choice>/
 bey den ſchwangeren/ kreyſenden und <choice><orig>gebaͤhren-<lb break="no"/>den</orig><reg>gebaͤhrenden</reg></choice>
 Weibern/ vor- in- und nach der Geburth/ richten
 <lb/>und halten ſollen.
 <lb/>Nebſt einer Anzeige etlicher Spruͤche/
 <lb/>Pſalmen/ Seufftzer und Gebethe/ an ſtatt eines
 <lb/>Geiſtlichen Unterrichts bey dergleichen Zuſtande.
 <lb/><bibl>MEININGEN/
<lb/>Gedruckt bey Niclaus Haſſerten/ <abbr>F. S. Buchdr.</abbr>
<lb/><date rend="antiqua">Anno 1682.</date></bibl>
</title>
<author>Nikolaus Hassert</author>
 </titleStmt>
 <editionStmt>
<edition>Digital Facsimile from Universitäts- und Landesbibliothek Sachsen-Anhalt</edition>
<respStmt><resp>transliterator, TXT and XML encoder</resp>
 <name>Whitt, Richard J.</name></respStmt></editionStmt>
 <publicationStmt>
<p>Place of Publication: Meiningen</p>
<p>Year: <date>1682</date></p>
<p>Excerpt: Entirety of main text (pp. 1-35)</p>
 </publicationStmt>
 <sourceDesc>
<bibl>URL: http://dfg-viewer.de/show/?set[mets]=http%3A//digitale.bibliothek.uni-halle.de%2Foai%2F%3Fverb%3DGetRecord%26metadataPrefix%3Dmets%26identifier%3D445311</bibl>
 </sourceDesc>
</fileDesc>
</teiHeader>
<text>
<body>
<pb n="3"/>
  <p>DEmnach der <choice><orig>Durchlauchtig-<lb break="no"/>ſte</orig><reg>Durchlauchtigſte</reg></choice>
 Fuͤrſt und Herr/ Herr
     <lb/>BERNHARD/ Hertzog
     <lb/>zu Sachſen/ Juͤlich/ Cleve und Berg/
     <lb/>Landgraf in Thuͤringen/ Marckgraf zu
    <lb/>Meißen/ Gefuͤrſteter Graf zu <choice><orig>Henne-<lb break="no"/>berg</orig><reg>Henneberg</reg></choice>/
    Graf zu der Marck und <choice><orig>Ravens-<lb break="no"/>berg</orig><reg>Ravensberg</reg></choice>/
    Herr zu Ravenſtein/ <abbr>rc.</abbr> <date>den 3.
   <lb/>Octobris voriges Jahrs</date> eine gewiſſe
     <lb/>ORDNUNG/ wornach ſich die in
    <lb/>Dero Landen beſtellte <foreign xml:lang="Latin" rend="antiqua">Medici</foreign>, <choice><orig>Apothe-<lb break="no"/>cker</orig><reg>Apothecker</reg></choice>/
    <foreign xml:lang="Latin" rend="antiqua">Chirurgi</foreign>, Hebammen/ und andere
    <lb/>darinnen benante/ richten ſollen/ <choice><orig><hi rend="antiqua">publi</hi>-<lb break="no"/>ciren</orig><reg><hi rend="antiqua">publi</hi>ciren</reg></choice>
 laſſen/ in derem vierdten Capitel
     <lb/>von Hebammen <ref>§. 6.</ref> Anzeige geſchehen/
 <pb n="4"/>
daß nechſthin auch ein abſonderlicher
     <lb/>Unterricht fuͤr dieſe/ wie ſie ſich/ in- bey-
     <lb/>und nach der Geburth/ bey ſchwangeren
    <lb/>und gebaͤhrenden Frauen und <choice><orig>Kindbet-<lb break="no"/>terinnen</orig><reg>Kindbetterinnen</reg></choice>/
    zu verhalten/ abgefaſſet/ und
     <lb/>in Druck gegeben werden ſolle; Als
     <lb/>haben/ ſolchem nach/ Hoͤchſtgedachte
     <lb/>Ihro <abbr>Fuͤrſtl. Durchl.</abbr> den/ auff Ihro in
     <lb/>GOtt ruhenden Herrn Vaters <abbr>Fuͤrſtl.
       <lb/>Durchl.</abbr> gnaͤdigſte Verordnung/ <choice><orig>hiebe-<lb break="no"/>vor</orig><reg>hiebevor</reg></choice>
in Druck außgegangenen und Dero
     <lb/>Landes-Ordnung beygefugten Unterricht
    <lb/>fuͤr die Hebammen/ weil zumahl die <choice><orig>we-<lb break="no"/>nigſten</orig><reg>wenigſten</reg></choice>
    Dero Unterthanen ſolche <choice><orig>Lan-<lb break="no"/>des-Ordnung</orig><reg>Landes-Ordnung</reg></choice>
haben/ durch Dero beſtellte
    <lb/><foreign xml:lang="Latin" rend="antiqua">Medicos</foreign> durchgehen/ und in ein und <choice><orig>an-<lb break="no"/>dern</orig><reg>andern</reg></choice>
erlaͤutern und vermehren laſſen/
     <lb/>wormit es dann die Meynung nicht hat/
     <lb/>daß ſolches ein außfuͤhrlicher Tractat
<pb n="5"/>
    von dieſer Materie/ ſondern/ wie der <choice><orig>Ti-<lb break="no"/>tul</orig><reg>Titul</reg></choice>
    lautet/ nur ein nothwendig- und <choice><orig>nuͤtzli-<lb break="no"/>cher</orig><reg>nuͤtzlicher</reg></choice>
 Unterricht fuͤr die Hebammen/ oder die/
     <lb/>welche deren Stellen bey ſchwangeren/
    <lb/>gebaͤhrenden/ und von der Geburth <choice><orig>ent-<lb break="no"/>bunden</orig><reg>entbunden</reg></choice>
    Weibern vertreten/ ſeyn <choice><orig>ſol-<lb break="no"/>le</orig><reg>ſolle</reg></choice>/
    und wer eine mehrere Außfuͤhrung
     <lb/>võ dieſer Materie verlanget/ ſolche/ nebſt
    <lb/>denen in obangezogener Ordnung <choice><orig>be-<lb break="no"/>reits</orig><reg>bereits</reg></choice>
 <hi rend="antiqua">allegirt</hi>en <foreign xml:lang="Latin" rend="antiqua">Autoribus</foreign>, auch <hi rend="antiqua">in Louyſen
   <lb/>Burgeſiæ, Viardels, Volters</hi>, und <choice><orig>inſonder-<lb break="no"/>heit</orig><reg>inſonderheit</reg></choice>
    <hi rend="antiqua">Herlicii</hi> Hebammen-Buͤchern/ <choice><orig>antref-<lb break="no"/>fen</orig><reg>antreffen</reg></choice>
    kan. Uber das ſind auch ein und <choice><orig>an-<lb break="no"/>dere</orig><reg>andere</reg></choice>
    auß <abbr>H.</abbr> Schrift/ und anderen <foreign xml:lang="Latin" rend="antiqua"><choice><orig>Auto-<lb break="no"/>ribus</orig><reg>Autoribus</reg></choice></foreign>
    zuſam̃engetragene Spruͤche/ <choice><orig>Pſal-<lb break="no"/>me</orig><reg>Pſalme</reg></choice>/
    Gebete/ uñ Troſtgruͤnde fuͤr <choice><orig>ſchwan-<lb break="no"/>gere</orig><reg>ſchwangere</reg></choice>/
    kreyſende und gebaͤhrende Weiber/
     <lb/>und von GOTT mit einer todten oder
     <lb/>Mißgeburth heimgeſuchte Eltern zu dem
 <pb n="6"/>
Ende beygefuͤget und angezeiget/ wann
    <lb/>etwa ein geſchwinder Nothfall ſich <choice><orig>er-<lb break="no"/>eignete</orig><reg>ereignete</reg></choice>/
    darbey man des Seelſorgers ſo
     <lb/>bald nicht habhafft ſeyn koͤnte/ daß auch
    <lb/>Hebam̃en oder andere Chriſtliche <choice><orig>Perſo-<lb break="no"/>nen</orig><reg>Perſonen</reg></choice>
ſich derſelben zum Unterricht derer/
     <lb/>ſo es benoͤthiget/ gebrauchen koͤnnen.</p>
  <p>DIeweil man bißanhero leyder <choice><orig>gnug-<lb break="no"/>ſam</orig><reg>gnugſam</reg></choice>
    erfahren muͤſſen/ wie ſo gar <choice><orig>un-<lb break="no"/>wiſſende</orig><reg>unwiſſende</reg></choice>
    und unerfahrne Hebammen in <choice><orig>Staͤd-<lb break="no"/>ten</orig><reg>Staͤdten</reg></choice>
und Doͤrffern gefunden werden/ die außer
   <lb/>dem/ was die Natur ihnen ſelbſt an die Hand
   <lb/>gibt/ von nichts anders/ denn von etlichen
    <lb/>aberglaubiſchen Segenſprechungen uñ <choice><orig>Miß-<lb break="no"/>braͤuchen</orig><reg>Mißbraͤuchen</reg></choice>
    zu reden wiſſen/ und wie gar <choice><orig>unge-<lb break="no"/>ſchickt</orig><reg>ungeſchickt</reg></choice>
und unbeſonnen ſie zu Zeiten/ zumahl
    <lb/>aber in ſchweren Geburthen mit den <choice><orig>kreyſen-<lb break="no"/>den</orig><reg>kreyſenden</reg></choice>
    Weibern/ und deroſelben annoch <choice><orig>ver-<lb break="no"/>ſchloſſenẽ</orig><reg>verſchloſſenẽ</reg></choice>
Frucht umgehen/ ja vielmahl durch
   <lb/>ſolch ihr unzeitig beginnen Mutter und Kind
   <lb/>in hoͤchſte Gefahr ſtuͤrtzen/ auch wohl gar ums
<pb n="7"/>
Leben bringen/ wegen welcher Verwarloſung
   <lb/>dann ſie dermahleins ſchwere Rechenſchafft
    <lb/>werden geben muͤſſen; Als iſt/ ſolcher <choice><orig>un-<lb break="no"/>verantwortlichen</orig><reg>unverantwortlichen</reg></choice>
    Unwiſſenheit/ <choice><orig>Segenſpre-<lb break="no"/>chung</orig><reg>Segenſprechung</reg></choice>/
    und andern in dieſen Landen <choice><orig>eingeriſ-<lb break="no"/>ſenen</orig><reg>eingeriſſenen</reg></choice>
    Mißbraͤuchen und unchriſtlichen <choice><orig>be-<lb break="no"/>ginnen</orig><reg>beginnen</reg></choice>
    vorzubauen/ fuͤr noͤthig erachtet <choice><orig>wor-<lb break="no"/>den</orig><reg>worden</reg></choice>/
    dieſen Unterrichten in Druck zu geben/ <choice><orig>dar-<lb break="no"/>auß</orig><reg>darauß</reg></choice>
    ſo wol die ſchwangere und kreyſende <choice><orig>Wei-<lb break="no"/>ber</orig><reg>Weiber</reg></choice>/
    als auch die Hebammen/ und andere <choice><orig>um-<lb break="no"/>ſtehende</orig><reg>umſtehende</reg></choice>/
    erſehen moͤgen/ was vor- in- uñ nach
    <lb/>der Geburth eines jedwedern Amt und <choice><orig>Ver-<lb break="no"/>richtung</orig><reg>Verrichtung</reg></choice>
ſey. Der Allmaͤchtige GOtt/
    <lb/>Schoͤpffer und Erhalter aller <choice><orig>Creatu-<lb break="no"/>ren</orig><reg>Creaturen</reg></choice>/
    wolle auch noch ferner uͤber dieſem
   <lb/>Seinem edelſten Geſchoͤpff gnaͤdiglich
    <lb/>halten/ uns allen Seine heriñe <choice><orig>erwieſe-<lb break="no"/>ne</orig><reg>erwieſene</reg></choice>
wunderbahre Huͤlffe und Guͤte mit
    <lb/>danckbarem Hertzen erkennen laſſen/ <choice><orig>de-<lb break="no"/>nen</orig><reg>denen</reg></choice>
Gebaͤhrenden Troſt/ Staͤrcke und
    <lb/>froͤliche Entbindung verleihen/ auch <choice><orig>al-<lb break="no"/>ler</orig><reg>aller</reg></choice>
Hebam̃en Beyhuͤlffe von oben herab
   <lb/>ſegnen.</p>
<pb n="8"/>
 <div type="section" n="1"><p><note place="left margin">Wie ſich die
   <lb/>Hebammen
   <lb/>in ihren <choice><orig>Chri-<lb break="no"/>ſtenthum</orig><reg>Chriſtenthum</reg></choice>/
   <choice><orig>Be-<lb break="no"/>ruff</orig><reg>Beruff</reg></choice>
 und Amt
   <lb/>in gemein zu
   <lb/>verhalten.</note><label>1.</label> Dieweil den Hebam̃en der kreyſenden Frauen und
   <lb/>derſelben Kindlein Leben und Geſundheit anvertrauet wird/
   <lb/>derowegen vor GOtt dem Allerhoͤchſten/ und Allwiſſenden
   <lb/>Richter ſie dermahleinſten ſchwere Rechenſchafft zu geben
   <lb/>haben/ als wil ihnen zuförderſt und fuͤr allen Dingen <choice><orig>oblie-<lb break="no"/>gen</orig><reg>obliegen</reg></choice>/
   ſich ſo wohl in ihrem Chriſtenthum/ als Beruff und
   <lb/>Amt/ dergeſtalt zu bezeigen/ damit ſie es vor GOtt und den
   <lb/>Menſchen verantworten koͤnnen.</p>
 <p><note place="left margin">Gegen GOtt.</note>Es beſtehet aber ſolches vornemlich dariñen/ daß ſie <num>1.</num>
   <lb/>GOttes Wort fleißig hoͤren/ und das hochwuͤrdige <choice><orig>Abend-<lb break="no"/>mahl</orig><reg>Abendmahl</reg></choice>
   zu rechter Zeit brauchen/ die Chriſtliche <hi rend="antiqua">Information</hi>-
   <lb/>Stunden fleißig beſuchen/ und was ſie gefaſſet/ und <choice><orig>geler-<lb break="no"/>net</orig><reg>gelernet</reg></choice>/
   zum Glauben und Chriſtlichem Leben anwenden. <choice><orig>Hin-<lb break="no"/>gegen</orig><reg>Hingegen</reg></choice>
   ſoll aller Aberglauben und Mißbrauch Gottes <choice><orig>Nah-<lb break="no"/>mens</orig><reg>Nahmens</reg></choice>
   und Worts (ſo wider das erſte uñ andere Gebote <choice><orig>Got-<lb break="no"/>tes</orig><reg>Gottes</reg></choice>
laͤufft) als da iſt Segenſprechen/ <hi rend="antiqua">Characteren</hi> oder
   <lb/>Buchſtaben/ Zeichen/ ſonderliche Gebaͤrden und <choice><orig>Creutzma-<lb break="no"/>chen</orig><reg>Creutzmachen</reg></choice>/
   Abloͤſung des Naͤbeleins mit gewiſſen Fragen und
   <lb/>Antworten/ anhaͤngen etlicher ſonderbahren Dinge wider
   <lb/>das aberglaͤubiſche Beruffen der Kinder/ beſpitzen vor oder
   <lb/>nach dem Bade/ und dergleichen/ nicht alleine an ihnen <choice><orig>ſelb-<lb break="no"/>ſten</orig><reg>ſelbſten</reg></choice>
   gaͤntzlich verboten ſeyn/ ſondern auch/ wenn ſie <choice><orig>derglei-<lb break="no"/>chen</orig><reg>dergleichen</reg></choice>
   unchriſtliches und tadelhafftes beginnen an andern <choice><orig>Leu-<lb break="no"/>ten</orig><reg>Leuten</reg></choice>
   vermercken/ ſollen ſie dieſelben ernſtlich davon <choice><orig>abmah-<lb break="no"/>nen</orig><reg>abmahnen</reg></choice>/
   auch allenfalls dem Pfarrer oder Obrigkeit anzeigen.</p></div>
  <div type="section" n="2"><p><note place="left margin">In der Noth-
    <lb/>Tauffe.</note><label>2.</label> Da ſichs begeben ſolte/ daß ein Kindlein ſehr
   <lb/>ſchwach/ und einer Noth-Tauffe von nöthen/ kein Pfarrer
   <lb/>aber in der Eil geholet werden koͤnte/ auch ſonſt keine erbare
   <lb/>Manns-Perſon vorhanden/ welche die Tauffe verrichten
<pb n="9"/>
 koͤnte/ ſoll ſie/ in beyſeyn zweyer oder dreyer zeugen/ ſo die
   <lb/>Tauffe bezeugen können/ ſolche Noth-Tauffe verrichten/
    <lb/>jedoch eher nicht/ als biß das Kind gantz und voͤllig/ auch <choice><orig>le-<lb break="no"/>bendig</orig><reg>lebendig</reg></choice>/
    zur Welt gebohren iſt. Darbey ſoll ſie vorhero das
    <lb/>heilige Vater Unſer mit den Anweſenden bethen: So <choice><orig>a-<lb break="no"/>ber</orig><reg>aber</reg></choice>
    die Schwachheit gar zu groß/ alſobald zur Tauffe <choice><orig>ſchrei-<lb break="no"/>ten</orig><reg>ſchreiten</reg></choice>/
    mit rechtem natuͤrlichen/ und nicht etwa gebranten oder
   <lb/>deſtillirtem/ Waſſer/ auch keinem Wein/ Milch/ Oehl/ oder
    <lb/>anderer Feuchtigkeit/ das Kindlein beſprengen/ und/ mit <choice><orig>Be-<lb break="no"/>nennung</orig><reg>Benennung</reg></choice> 
    ſeines neuen Nahmens/ ſprechen: Ich tauffe
   <lb/>dich im Nahmen des Vaters/ und des Sohns/
   <lb/>und des heiligen Geiſtes.</p></div>
 <div type="section" n="3"><p><note place="right margin">Gegen die
   <lb/><choice><orig>Land-<foreign xml:lang="Latin">Medi-</foreign><lb break="no"/><foreign xml:lang="Latin">cos</foreign></orig><reg>Land-<foreign xml:lang="Latin">Medicos</foreign></reg></choice>.</note><label>3.</label> Weil die hohe Obrigkeit verordnet/ und den <choice><orig>or-<lb break="no"/>dentlichen</orig><reg>ordentlichen</reg></choice>
<foreign xml:lang="Latin" rend="antiqua">Medicis</foreign> anbefohlen/ daß ſie die Hebammen/ ihres
   <lb/>Lebens/ Leibes Beſchaffenheit/ Wiſſenſchafft und <choice><orig>Erfah-<lb break="no"/>rung</orig><reg>Erfahrung</reg></choice>
halben/ fragen ſollen/ und erforſchen/ ob ſie zu ſolchem
   <lb/>Amt und Verrichtung tuͤchtig und gnugſam geſchikt ſeynd/
   <lb/>auch was ihnen noch mehr von noͤthen/ unterrichten/ als <choice><orig>ſol-<lb break="no"/>len</orig><reg>ſollen</reg></choice>
ſie ſich ſolches nicht verdrieſſen laſſen/ noch die <foreign xml:lang="Latin" rend="antiqua">Medicos</foreign>
   <lb/>verkleinern/ ihnen ſchimpfflich nachreden/ oder ihr gutes
   <lb/>ernünfftiges Bedencken und Rath bey andern Leuten/ als
   <lb/>ob ſie es viel beſſer verſtuͤnden/ freventlich tadeln; <choice><orig>Son-<lb break="no"/>dern</orig><reg>Sondern</reg></choice>
   hingegen derſelben Anbringen und Vermahnung <choice><orig>wil-<lb break="no"/>lig</orig><reg>willig</reg></choice>
   anhoͤren/ und wie ſich die Schwangern und <choice><orig>Woͤchne-<lb break="no"/>rin</orig><reg>Woͤchnerin</reg></choice>
zu Erhaltung ihrer Geſundheit recht zu verhalten/ wie
   <lb/>alle und jede derſelben und ihrer Kinderlein <choice><orig>Beſchwerun-<lb break="no"/>gen</orig><reg>Beſchwerungen</reg></choice>/
   Kranckheiten und Zufaͤlle/ auß ihres Zeichen <choice><orig>abzuneh-<lb break="no"/>men</orig><reg>abzunehmen</reg></choice>/
   zu erkennen/ und zu unterſcheiden/ auch wie denſelben
<pb n="10"/>
 zu begegnen/ und was in allerhand ſchweren/ geſchwinden
   <lb/>und gefaͤhrlichen Geburths-Faͤllen zu thun/ oder zu <choice><orig>unter-<lb break="no"/>laſſen</orig><reg>unterlaſſen</reg></choice>/
   fleißig erlernen/ und was ſie auch ſelbſt in einem oder
   <lb/>anderen Fall in Erfahrenheit bracht/ getreulich eröffnen/
   <lb/>und deſſelben vernünfftiges Bedencken und ferneren <choice><orig>Unter-<lb break="no"/>richt</orig><reg>Unterricht</reg></choice>
 darvon vernehmen.</p></div>
<div type="section" n="4"><p><note place="left margin">Gegen ſich
  <lb/>ſelbſten in <choice><orig>ih-<lb break="no"/>rem</orig><reg>ihrem</reg></choice>
  Leben.</note><label>4.</label> Sollen ſie für fluchen/ leichtfertigem ſchweren/ <choice><orig>voll-<lb break="no"/>ſauffen</orig><reg>vollſauffen</reg></choice>/
  Mißgunſt/ Hader/ Zanck/ Hurerey/ aͤrgerlichen
  <lb/>auch mörriſchen und unfreundlichen Gebaͤrden/ Worten
  <lb/>und Wercken/ and anderem unchriſtlichem Verhalten/ ſich
  <lb/>treulich huͤten/ damit ſie nicht GOttes Straffe auff ſich <choice><orig>la-<lb break="no"/>den</orig><reg>laden</reg></choice>/
  oder ihnen ſelbſt boͤſe Nachrede erwecken moͤgen. Sie
  <lb/>ſollen ſich auch mit vielerley andern Geſchaͤfften nicht <choice><orig>bela-<lb break="no"/>den</orig><reg>beladen</reg></choice>/
  oder anderer Handtheirung zu viel nachgehen/ ſondern
  <lb/>ſich zu Hauſe finden laſſen/ oder/ wo ſie außer demſelben <choice><orig>an-<lb break="no"/>zutreffen</orig><reg>anzutreffen</reg></choice>/
  bey den Ihren verlaſſen/ damit man ſie auff den
  <lb/>Nothfall bald haben koͤnne.</p></div>
<div type="section" n="5"><p><note place="left margin">Gegen dem
  <lb/>Nechſten.</note><note place="left margin">Bevorab <choice><orig>ge-<lb break="no"/>gen</orig><reg>gegen</reg></choice>
 andere
   <lb/>Hebammen.</note><label>5.</label> Sie ſollen nicht allein in gemeinem Leben mit
  <lb/>Chriſtlicher Erbarmung/ Freundligkeit/ Gutthaͤtigkeit/
  <lb/>Verſchwiegenheit/ Auffrichtigkeit und Warheit/ <choice><orig>jeder-<lb break="no"/>maͤnniglich</orig><reg>jedermaͤnniglich</reg></choice>
 begegnen/ ſondern auch inſonderheit ihr Amt
  <lb/>und Beruff belangende/ <num>(1)</num> mit und unter einander ſich <choice><orig>ein-<lb break="no"/>traͤchtig</orig><reg>eintraͤchtig</reg></choice>
 und friedſam begehen/ und/ ſo es ſich begiebet/ daß
  <lb/>eine dahin erfordert würde/ da eine andere Hebamme ſchon
  <lb/>zuvor geweſen/ oder noch waͤre/ oder wegen einiger Gefahr
  <lb/>mehr Hebammen und verſtaͤndige Frauen zuſammen <choice><orig>gefor-<lb break="no"/>dert</orig><reg>gefordert</reg></choice>
 worden/ ſoll ſie ſich nicht verdrieſſen laſſen/ daß ſie nicht
  <lb/>zu erſt gefordert worden/ noch dahin zu gehen ſich weigern/
  <lb/>ſondern eine der andern treulich beyſtehen/ und beyrathen/
 <pb n="11"/>
 nichts auß Ungunſt oder Neid verſchweigen oder verhalten/
  <lb/>damit es nicht irgend der Gebaͤhrenden oder Frucht zur <choice><orig>Ge-<lb break="no"/>fahr</orig><reg>Gefahr</reg></choice>
 gereichen moͤge. Wie ſie denn auch andere ehrliche
  <lb/>Weibes-Perſonen zu unterweiſen/ und ihre Erfahrenheit
  <lb/>getreulich mitzutheilen/ willig ſeyn ſoll/ damit in ſchweren
  <lb/>Faͤllen ſie ſelbſt ſich derſelben zu ihrer Nebenuͤlffe <choice><orig>bedie-<lb break="no"/>nen</orig><reg>bedienen</reg></choice>/
  und man/ in Mangel anderer tuͤchtigen Perſonen/ <choice><orig>der-<lb break="no"/>ſelben</orig><reg>derſelben</reg></choice>
 bald habhafft ſeyn könne.</p></div>
 <div type="section" n="6"><p><note place="right margin">Gegen die
   <lb/>ſchwangere
   <lb/>und <choice><orig>kreyſen-<lb break="no"/>de</orig><reg>kreyſende</reg></choice>
Weiber.</note><label>6.</label> Gegen alle und jeder ſchwangere und kreyſende
   <lb/>Weiber/ darzu ſie erfordert werden/ ſollen ſie/ ohne Anſehen
   <lb/>der Perſon/ oder einige Vergeltung/ derer ſie etwa von den
   <lb/>allem Vermoͤgen/ anwenden/ dieſelbe/ auch offt unerfordert/
   <lb/>bevorab in annahender Geburth/ beſuchen/ ihnen troͤſtlich
   <lb/>zuſprechen/ die Furcht und Kümmernuͤß auß dem Sinne <choice><orig>re-<lb break="no"/>den</orig><reg>reden</reg></choice>/
   keine traurige Faͤlle weder vor noch bey der Geburth
   <lb/>erzehlen/ von allem/ was ihnen Gefahr oder Schaden <choice><orig>brin-<lb break="no"/>gen</orig><reg>bringen</reg></choice>
   moͤchte/ abmahnen/ die jungen und unerfahrnen <choice><orig>erin-<lb break="no"/>nern</orig><reg>erinnern</reg></choice>
   und unterweiſen/ wie ſie/ zu ihrer und der Frucht <choice><orig>be-<lb break="no"/>ſten</orig><reg>beſten</reg></choice>/
   in Eſſen/ Trincken/ Leibes- und Gemüthſ-Bewegung/
   <lb/>Arbeit und Ruhe/ ſich recht zu verhalten.</p></div>
<div type="section" n="7"><p><note place="right margin">Wenn vor der
  <lb/>Geburth die
  <lb/>Frucht in
  <lb/>MutterLeibe
  <lb/>ſchwach und
  <lb/>kranck iſt.</note><note place="right margin">Die Zeichen
   <lb/>einer <choice><orig>ſchwa-<lb break="no"/>chen</orig><reg>ſchwachen</reg></choice>
   uñ <choice><orig>kran-<lb break="no"/>cken</orig><reg>krancken</reg></choice>
 Frucht.</note><note place="right margin">Urſachen <choice><orig>ei-<lb break="no"/>ner</orig><reg>einer</reg></choice>
 krancken
   <lb/>Frucht.</note><label>7.</label> Da ſie auch vermercken/ daß die Bruͤſte bey einer
  <lb/>ſchwangeren Frauen abnehmen/ und auß denſelben <choice><orig>waͤſſe-<lb break="no"/>richte</orig><reg>waͤſſerichte</reg></choice>
 Milch offt lieffe/ die Monatliche Reinigung ſich offt
  <lb/>und viel bey ſolcher ſich finde/ ſie oͤffters zu Stuhl getrieben
  <lb/>wuͤrde/ das Kindlein in MutterLeibe zu gebuͤhrender Zeit
  <lb/>ſich wenig/ oder gar nicht bewegete/ oder ſich zur Unzeit <choice><orig>ge-<lb break="no"/>ſaͤncket</orig><reg>geſaͤncket</reg></choice>
  haͤtte/ dahero abzunehmen/ daß die Frucht in <choice><orig>Mut-<lb break="no"/>terLeibe</orig><reg>MutterLeibe</reg></choice>
 ſchwach und kranck ſey/ ſollen ſie nach den Urſachen
 <pb n="12"/>
  fleißig forſchen/ und da ſolche von der Mutter <choice><orig>unordentli-<lb break="no"/>chem</orig><reg>unordentlichem</reg></choice>
  Leben herruͤhret/ dieſelbe davon abmahnen/ auch <choice><orig>alſo-<lb break="no"/>balden</orig><reg>alſobalden</reg></choice>
  die Frucht/ durch nachgeſetzte ſichere Mittel/ <choice><orig>kraͤffti-<lb break="no"/>glich</orig><reg>kraͤfftiglich</reg></choice>
  erquicken/ nemlich/ die Schwangere uͤber einen <choice><orig>gluͤen-<lb break="no"/>den</orig><reg>gluͤenden</reg></choice>
  Ziegelſtein treten laſſen/ darauff Wein (oder in <choice><orig>Man-<lb break="no"/>gel</orig><reg>Mangel</reg></choice>
  deſſen ein Theil Brantewein/ mit <num>2.</num> Theil Waſſer <choice><orig>ge-<lb break="no"/>miſchet</orig><reg>gemiſchet</reg></choice>)
  darunter geſtoſſene Naͤgelein und Saffran <choice><orig>gemen-<lb break="no"/>get</orig><reg>gemenget</reg></choice>/
  gieſſen/ und den Dampff davon in Leib gehen laſſen/ <choice><orig>in-<lb break="no"/>gleichen</orig><reg>ingleichen</reg></choice>
  Tuͤchlein mit Weiber <foreign xml:lang="Latin" rend="antiqua">Aqua vitæ</foreign>, <choice><orig>Schlag-Carfun-<lb break="no"/>ckel</orig><reg>Schlag-Carfunckel</reg></choice>/
  oder anderm kraͤfftigem Hertz-Waſſer/ auff den Nabel
  <lb/>legen/ und offt widerholen. Die ſolches nicht vermoͤgen/
  <lb/>koͤñen nur Brantewein/ darein geſtoſſene Wacholder-Beer/
  <lb/>Spicken- oder Lavendel-Bluͤth/ oder Krauſemuͤntz gethan/
  <lb/>gebrauchen. <hi rend="antiqua">Item</hi>, auff den Nabel Spicköhl ſchmieren/
  <lb/>und einen geroͤſten Pfefferkuchen mit Gewürtze beſtreuet/
  <lb/>und mit obgedachter Waſſer einem/ oder nur ein Schnitt
  <lb/>geroͤſt Brodt/ mit warmen Bier und Honig befeuchtet/ und
  <lb/>mit Krauſemuͤnth-Pulver beſtreuet/ warm druͤber legen/ und
  <lb/>offt wiederholen. Da aber die Schwachheit des Kindes
  <lb/>von der Mutter Kranckheit/ oder anderen innerlichen <choice><orig>ver-<lb break="no"/>borgenen</orig><reg>verborgenen</reg></choice>
 Urſachen entſtanden/ ſollen ſie bey den verordneten
  <lb/><foreign xml:lang="Latin" rend="antiqua">Medicis</foreign> bey zeiten Rath einholen laſſen. Dieweil aber
  <lb/>viel Leute vermeynen/ daß die Schwangern wieder ihre
  <lb/>Kranckheiten gar keine Artzney brauchen duͤrfften/ ſondern
  <lb/>es biß zur Geburth alſo gehen laſſen müſten/ dadurch viel
  <lb/>Weiber und Kinder verabſaͤumet werden/ und in Leibes- und
  <lb/>Lebens Gefahr gerathen/ ſollen ſie ſolchen falſchen Wahn
  <lb/>den Leuten außreden und benehmen.
  <note place="left margin">Mittel/ ſo <choice><orig>dar-<lb break="no"/>gegen</orig><reg>dargegen</reg></choice>
    zu <choice><orig>ge-<lb break="no"/>brauchen</orig><reg>gebrauchen</reg></choice>.</note><note place="left margin">Ob die
   <lb/>Schwangern/
   <lb/>wenn ſie mit
   <lb/>Kranckheit
   <lb/>behafftet/ <choice><orig>Artz-<lb break="no"/>ney</orig><reg>Artzney</reg></choice>
 brauchen
   <lb/>duͤrffen?</note></p></div>
 <pb n="13"/>
<div type="section" n="8"><p><note place="right margin">Wie ſich zu
  <lb/>verhalten/
  <lb/>wenn eine <choice><orig>un-<lb break="no"/>zeitige</orig><reg>unzeitige</reg></choice>
  <choice><orig>Ge-<lb break="no"/>burth</orig><reg>Geburth</reg></choice>
  zu <choice><orig>be-<lb break="no"/>fuͤrchten</orig><reg>befuͤrchten</reg></choice>.</note><note place="right margin">Die Zeichen
   <lb/>und Urſachen
   <lb/>einer <choice><orig>unzeiti-<lb break="no"/>gen</orig><reg>unzeitigen</reg></choice>
   Geburth.</note><label>8.</label> Da auch Zeichen einer unzeitigen Geburth <choice><orig>vor-<lb break="no"/>handen</orig><reg>vorhanden</reg></choice>
 waͤren/ ſollen ſie die Schwangere vor allen Dingen
  <lb/>dahin vermahnen/ daß Sie ſich und ihre Frucht dem lieben
  <lb/>GOtt befehle/ und fleißig vor ſich bitten laſſe/ ſo balden ſie
  <lb/>auch deſſen Urſachen erkuͤndigen/ mit andern verſtaͤndigen
  <lb/>Weibern darvon unterreden/ und bey dem verordneten <foreign xml:lang="Latin" rend="antiqua"><choice><orig>Me-<lb break="no"/>dico</orig><reg>Medico</reg></choice></foreign>
  ſich Raths erholen/ ob ohne Gefahr der Mutter die
  <lb/>Frucht biß zu rechter Zeit noch behalten werden moͤchte/ <choice><orig>un-<lb break="no"/>terdeſſen</orig><reg>unterdeſſen</reg></choice>
  die Mittel zu Staͤrckung der Frucht fleißig <choice><orig>anwen-<lb break="no"/>den</orig><reg>anwenden</reg></choice>.
  Die Zeichen aber/ darbey man erkennen kan/ ob eine
  <lb/>Frau eine unzeitige Geburth haben werde/ ſeynd auß den
  <lb/>Urſachen der unzeitigen Geburth abzunehmen/ deren <choice><orig>zwey-<lb break="no"/>erley</orig><reg>zweyerley</reg></choice>
 ſind/ innerliche und aͤuſſerliche. Die innerliche ſind:
  <lb/>Groſſe hefftige Kranckheit der Mutter/ als Peſtilentz/ <choice><orig>hi-<lb break="no"/>tzige</orig><reg>hitzige</reg></choice>
 Fieber/ Seitengeſchwaͤr/ ſchwerer Huſten/ hinfallende
  <lb/>Sucht/ Stuhlzwang und Geſchwaͤr/ ſtarckes Verbluten/
  <lb/>Schwachheit des Kindes/ darvon droben gemeldet. <hi rend="antiqua">Item</hi>,
  <lb/>Schwachheit der Affterbuͤrde/ <abbr>rc.</abbr> Die aͤuſſerliche ſind:
  <lb/>Unzeitiges Aderlaſſen/ ſcharfftreibende Artzney und <choice><orig>purgi-<lb break="no"/>ren</orig><reg>purgiren</reg></choice>/
  groſſe Fuͤllerey von Freſſen und Sauffen/ überfluͤßiges
  <lb/>baden/ den Bauch hart zu binden/ ſpringen/ lauffen/ tantzen/
  <lb/>fallen/ tragen/ geſchlagen/ geſtoſſen/ geworffen werden/ <choice><orig>groſ-<lb break="no"/>ſer</orig><reg>groſſer</reg></choice>
  Schrecken/ Furcht/ Zorn/ Traurigkeit/ groſſer <choice><orig>Ge-<lb break="no"/>ſtanck</orig><reg>Geſtanck</reg></choice>/
  <abbr>rc.</abbr> Wenn über dieſes die Frau groſſe Wehen und
  <lb/>Schmertzen in der Gebaͤhrmutter fuͤhlet/ der Leib und das
  <lb/>Hertz zittert/ groß Haupt- und Augenwehe hat/ der Leib ſich
  <lb/>blehet und hart wird/ ſo iſt eine unzeitige Geburth zu <choice><orig>befuͤrch-<lb break="no"/>ten</orig><reg>befuͤrchten</reg></choice>.</p></div>
 <pb n="14"/>
<div rend="section" n="9"><p><note place="left margin">Wenn keine
  <lb/>rechte Frucht/
  <lb/>ſondern <choice><orig>Mut-<lb break="no"/>ter-Gewaͤchs</orig><reg>Mutter-Gewaͤchs</reg></choice>
  oder Monat-
  <lb/>Kind/ oder
  <choice><orig>Waſſerſuͤch-<lb break="no"/>tige</orig><reg>Waſſerſuͤchtige</reg></choice>
  <choice><orig>Ge-<lb break="no"/>ſchwulſt</orig><reg>Geſchwulſt</reg></choice>
  <choice><orig>vor-<lb break="no"/>handen</orig><reg>vorhanden</reg></choice>.</note><label>9.</label> Da auch auß etlichen Anzeigungen (als wenn die
  <lb/>Bruͤſte welck und keine Milch in denſelben ſich findet/ die
  <lb/>Monatliche Reinigung da iſt/ jedoch gantz waͤſſericht/ der
  <lb/>Leib uͤber und uͤber zunimt/ oder man in dem Leibe ein fallen
  <lb/>von einer Seiten zu der andern/ weñ ſich die Frau umwendet/
  <lb/>fuͤhlet) abzunehmẽ/ dz die Frau nit eine rechte Frucht/ ſondern
  <lb/>eine WaſſerſuͤchtigeGeſchwulſt haͤtte/ oder ein <choice><orig>Mutter-Ge-<lb break="no"/>waͤchs</orig><reg>Mutter-Gewaͤchs</reg></choice>/
  oder Monat-Kind trage/ ob ſchon die Mutter <choice><orig>ver-<lb break="no"/>meynete</orig><reg>vermeynete</reg></choice>/
  daß ſie ſchwanger ſey/ ſollen ſie derſelben zu <choice><orig>Gefal-<lb break="no"/>len</orig><reg>Gefallen</reg></choice>/
  wider ihr eigen Gewiſſen/ ſolches nicht auch bejahen/
  <lb/>und ſie in ihrem falſchẽ Wahn verſtaͤrcken/ wie mehrmals zu
  <lb/>geſchehen pfleget/ ſondern den ordentlichen Medicum bey
  <lb/>zeiten zu Rath ziehen laſſen/ darmit durch den Verzug die
  <lb/>beſte Gelegenheit/ ſolchen Beſchwerungen abzuhelffen/ nicht
  <lb/>entgehe/ den Frauen aber groſſe Gefahr zuwachſe.</p></div>
<div type="section" n="10"><p><note place="left margin">Wenn ſie zu
  <lb/>einer <choice><orig>kreyſen-<lb break="no"/>den</orig><reg>kreyſenden</reg></choice>
 Frauen
  <lb/>beruffen <choice><orig>wer-<lb break="no"/>den</orig><reg>werden</reg></choice>/
  was <choice><orig>dar-<lb break="no"/>bey</orig><reg>darbey</reg></choice>
 in Acht zu
  <lb/>nehmen?</note><note place="left margin">Zeichen der
   <lb/>vorhandenen
   <lb/>Geburt-Zeit.</note><label>10.</label> Wenn ſie nun zu einer kreyſenden Frauen <choice><orig>geruf-<lb break="no"/>fen</orig><reg>geruffen</reg></choice>
  werden/ ſollen ſie bald dahin eilen/ darmit durch <choice><orig>Ver-<lb break="no"/>ſaͤumung</orig><reg>Verſaͤumung</reg></choice>
  keine Gefahr entſtehe/ und ehe ſie was anders <choice><orig>vor-<lb break="no"/>nehmen</orig><reg>vornehmen</reg></choice>/
  ſich zuvor aller Gelegenheit und Umſtaͤnde wohl <choice><orig>er-<lb break="no"/>kundigen</orig><reg>erkundigen</reg></choice>/
  und inſonderheit wahrnehmen/ ob die rechte Zeit
  <lb/>der Geburth und die rechte Kindes-Wehen vorhanden ſeyn/
  <lb/>oder/ obs nur ſey ein Reiſſen/ Bauchgrimmen/ oder ander
  <lb/>Wehethun der Mutter/ welche ſich wiederum zu verlieren
  <lb/>und auffzuhoͤren pfleget/ daß auch bißweilen die Frauen
  <lb/>noch etliche Wochen umgehen/ biß ſie nieder kommen; Und
  <lb/>dieſes deſto beſſer und gewiſſer zu erfahren/ ſollen ſie <choice><orig>nachfol-<lb break="no"/>gende</orig><reg>nachfolgende</reg></choice>
 Zeichen in Acht nehmen/ ob das ſchwangere Weib
  <lb/>ploͤtzliche <hi rend="antiqua">Alteration</hi> empfindet/ unter den Geſichte ziemlich
  <lb/>roth wird/ ihr zuweilen Schauer ankommet/ ſie unten gegen
 <pb n="15"/>
 die Geburth zu Schmertzen/ ingleichen Reiſſen und Stechen
  <lb/>in Seiten und Ruͤcken/ und Angſt am Hertzen empfindet/ die
  <lb/>Frucht ſich ungewoͤhnlich beweget/ und ſich die Mutter <choice><orig>oͤff-<lb break="no"/>net</orig><reg>oͤffnet</reg></choice>/
  welches mit dem Finger erforſchet werden kan. <choice><orig>Wel-<lb break="no"/>ches</orig><reg>Welches</reg></choice>
 alles Anzeigungen ſind/ daß ihre Zeit zu Ende iſt. Bey
  <lb/>ſolchem Zuſtande kan auch der Frauen ſo bald eine Meſſer-
 <lb/>Spitze voll Galgant-Pulver in einem Traͤncklein ſtarcken
  <lb/>Krauſemuͤntz-Waſſer/ oder Feld-Kimmel und Fenchel/ klein
  <lb/>geſtoſſen/ jedes ein halb Loth/ mit warmen Bier oder Wein
  <lb/>eingegeben/ oder Ringelblumen/ Saffran/ geſtoſſene <choice><orig>Mu-<lb break="no"/>ſcaten-Blüten</orig><reg>Muſcaten-Blüten</reg></choice>/
  Wuͤrtz-Naͤgelein/ jedes ein wenig mit <choice><orig>Spa-<lb break="no"/>niſchen</orig><reg>Spaniſchen</reg></choice>
 Wein vermiſcht/ und das Weib auff einen heiſſen
  <lb/>Ziegelſtein damit gebehet/ oder ein Fußbad mit Aſchen <choice><orig>ge-<lb break="no"/>braucht</orig><reg>gebraucht</reg></choice>/
  davon dann die ſo genante wilde Wehen <choice><orig>gemin-<lb break="no"/>dert</orig><reg>gemindert</reg></choice>/
  die rechte aber befoͤrdert werden.
  <note place="right margin">Mittel ſo <choice><orig>wi-<lb break="no"/>der</orig><reg>wider</reg></choice>
 wilde
    <lb/>Wehen zu <choice><orig>ge-<lb break="no"/>brauchen</orig><reg>gebrauchen</reg></choice>.</note></p></div>
  <div type="section" n="11"><p><note place="right margin">Bey den <choice><orig>Ge-<lb break="no"/>baͤhrenden</orig><reg>Gebaͤhrenden</reg></choice>
ſoll
    <lb/>die <choice><orig>Leibes-Er-<lb break="no"/>oͤffnung</orig><reg>Leibes-Eroͤffnung</reg></choice>
   in
    <lb/>Acht <choice><orig>genom-<lb break="no"/>men</orig><reg>genommen</reg></choice>/
    und <choice><orig>ih-<lb break="no"/>nen</orig><reg>ihnen</reg></choice>
    ein <choice><orig>beqve-<lb break="no"/>mes</orig><reg>beqvemes</reg></choice>
  Kreyß-
    <lb/>Bette <choice><orig>zuge-<lb break="no"/>richtet</orig><reg>zugerichtet</reg></choice>/
    oder
   <lb/>Stuhl an die
    <lb/>Hand <choice><orig>ge-<lb break="no"/>ſchaffet</orig><reg>geſchaffet</reg></choice>
    <choice><orig>wer-<lb break="no"/>den</orig><reg>werden</reg></choice>.</note><label>11.</label> Demnach auch ſo wohl der Gebaͤhrenden/ als der
   <lb/>Frucht/ großer Schade zuſtehen kan/ wenn eine Frau mit
   <lb/>hartem verſchloſſenen Leibe zur Geburth arbeiten muß/ als
   <lb/>ſollen die Hebammen dahin ſehen/ daß/ ie naͤher eine Frau
    <lb/>zur Geburth koͤmmet/ ie mehr der Leib Stuhlfertig ſey/ <choice><orig>wel-<lb break="no"/>ches</orig><reg>welches</reg></choice>
zu erhalten beydes erweichende Speiſen/ als da
   <lb/>ſind gekochte und gebratene Aepffel/ Zwetſchken/ kleine
   <lb/>Roſinen in Ehrenpreiß- oder Zimmet-Waſſer eingeqvellet/
   <lb/>und Morgens nüchtern von ſelbigen etwas genoſſen/ und
   <lb/>dergleichen/ ſo wohl auch Artzney-Mittel/ daß
    <lb/>nemlich der Leib mit einer Salbe von ungeſaltzener <choice><orig>But-<lb break="no"/>ter</orig><reg>Butter</reg></choice>
  und Pappeln gemacht/ aͤuſſerlich geſalbet/ oder Stuhl-
<lb/>Zaͤpfflein von Honig allein gemacht/ gebrauchet/ und wo
   <lb/>ſolches alles zu ſchwach/ beym Medico ſich Raths erholet
<pb n="16"/>
werden kan. Solte ſich/ wie zuweilen geſchiehet/ der Urin
    <lb/>verhalten/ koͤnte derſelbige durch gelindtreibende Mittel <choice><orig>be-<lb break="no"/>foͤrdert</orig><reg>befoͤrdert</reg></choice>/
    oder aber auch/ bedörffenden Fals/ mit einem <choice><orig>beque-<lb break="no"/>men</orig><reg>bequemen</reg></choice>
Inſtrument außgelaſſen werden. Es ſollen auch die
   <lb/>Hebammen/ ſo bald ſie zu einer kreyſenden Frauen erfordert
   <lb/>werden/ bedacht ſeyn/ wie ſie derſelben ein vortheilafftiges
   <lb/>Kreyßbette zurichten/ oder einen bequemen Stuhl an die
    <lb/>Hand ſchaffen/ auff welchem die Wehen fuͤglich <choice><orig>außgear-<lb break="no"/>beitet</orig><reg>außgearbeitet</reg></choice>/
    und die Frucht/ mit Goͤttlicher Huͤlffe/ an des Tages
   <lb/>Liecht gebraucht werden möge. Und weil das Kreyßbette
    <lb/>vor andern dienlich befunden wird/ als ſollen ſie ſolches <choice><orig>der-<lb break="no"/>geſtalt</orig><reg>dergeſtalt</reg></choice>
machen/ daß ſie in ein Spanbettlein (uͤm welches man
    <lb/>auff beyden Seiten kommen kan/ und deſſen Fußbret <choice><orig>ziem-<lb break="no"/>lich</orig><reg>ziemlich</reg></choice>
    niedrig) einen Strohſack legen/ daruͤber ein Bette <choice><orig>brei-<lb break="no"/>ten</orig><reg>breiten</reg></choice>/
    und zu dem Haupten ein Kuͤſſen legen/ darauff die <choice><orig>Ge-<lb break="no"/>baͤhrende</orig><reg>Gebaͤhrende</reg></choice>
    geleget/ und derſelben Creutz mit einer <choice><orig>Handqueh-<lb break="no"/>le</orig><reg>Handquehle</reg></choice>
    zur Zeit der Wehen von beyden Seiten in die Höhe <choice><orig>geho-<lb break="no"/>ben</orig><reg>gehoben</reg></choice>
werden kan. Solte aber von der kreyſenden Frauen/
   <lb/>wie hieſiger Orten ins gemein geſchiehet/ lieber ein Stuhl
   <lb/>verlanget werden/ ſo koͤnte derſelbe alſo verfertiget werden/
   <lb/>daß er auf beyden Seiten Lehnen/ und forn an ſolchen ſtarcke
   <lb/>Knöpffe haͤtte/ daran ſich die Frau ſteuren konte. Das
   <lb/>Sitzbret muß mitten etwas außgeſchnitten/ und der gantze
   <lb/>Stuhl wohl verwahret ſeyn/ daß er nicht auß einander gehe.
   <lb/>Wolte man ſolchen mit Riemen machen laſſen/ wordurch er
    <lb/>ſich niederlegt/ daß man ſolchen/ als ein Bette/ zugleich <choice><orig>brau-<lb break="no"/>chen</orig><reg>brauchen</reg></choice>
kan/ waͤre es deſto bequemer.</p></div>
  <div type="section" n="12"><p><note place="left margin">Weñ die <choice><orig>Ge-<lb break="no"/>baͤhrende</orig><reg>Gebaͤhrende</reg></choice>
 uffs
   <lb/>Kreyßbette zu
   <lb/>legen/ oder
   <lb/>den Stuhl zu ſetzen?</note><label>12.</label> Und weil bißhero offtmahls erfahren worden/ daß
   <lb/>die Gebaͤhrenden gar zu zeitig auffs Kreyßbette oder Stuhl
 <pb n="17"/>
    gebracht/ und zu bald zur Arbeit genoͤthiget und <choice><orig>angeſtren-<lb break="no"/>get</orig><reg>angeſtrenget</reg></choice>
 worden/ wodurch dann die Frucht offt zur Unzeit gegen
    <lb/>die Schoß getrieben/ und in eine gefaͤhrliche Stellung <choice><orig>ge-<lb break="no"/>bracht</orig><reg>gebracht</reg></choice>
    wird/ der Kreyſenden Kraͤffte auch dergeſtalt <choice><orig>er-<lb break="no"/>ſchoͤpffet</orig><reg>erſchoͤpffet</reg></choice>
 werden/ daß ſie hernach/ wenn ſie erſt recht arbeiten
    <lb/>ſollen/ ſolches zu thun nicht vermocht/ als ſollen die <choice><orig>Hebam-<lb break="no"/>men</orig><reg>Hebammen</reg></choice>
 fuͤrſichtiglich und bedaͤchtig hierinnen verfahren/ und
    <lb/>die Gebaͤhrenden/ ob ſie ſchon die rechte und natürliche <choice><orig>Kin-<lb break="no"/>des-Wehe</orig><reg>Kindes-Wehe</reg></choice>
 da zu ſeyn erkennen/ nicht ehe auffs Kreyßbette
    <lb/>legen/ oder Stuhl ſetzen/ und zur Arbeit anſtrengen und <choice><orig>drin-<lb break="no"/>gen</orig><reg>dringen</reg></choice>/
    biß die rechte durchdringende Kindes-Wehen <choice><orig>vorhan-<lb break="no"/>den</orig><reg>vorhanden</reg></choice>/
    und ſie der Sachen gewiß ſeyn/ daß ſich das Kind zum
   <lb/>Griff erzeige/ und die Mutter ſich geöffnet habe/ welches
   <lb/>dann fuͤglich mit einem Finger erkundiget werden kan.</p></div>
 <div type="section" n="13"><p><note place="right margin">Was die
   <lb/>Hebammen
   <lb/>zu <choice><orig>beobach-<lb break="no"/>ten</orig><reg>beobachten</reg></choice>/
   wenn die
   <lb/>Gebaͤhrende
   <lb/>auffs <choice><orig>Kreyß-<lb break="no"/>bette</orig><reg>Kreyßbette</reg></choice>
gelegt/
   <lb/>oder den Stul
   <lb/>geſetzet <choice><orig>wor-<lb break="no"/>den</orig><reg>worden</reg></choice>.</note><label>13.</label> Alßdenn aber ſollen ſie/ wenn ſie vorhero mit <choice><orig>an-<lb break="no"/>dern</orig><reg>andern</reg></choice>
Anweſenden niedergekniet/ und mit einander GOtt
   <lb/>den Allmaͤchtigen demüthiglich angeruffen/ daß Er eine
   <lb/>gluͤckliche Niederkunfft und froͤlichen Anblick gnaͤdiglich
   <lb/>verleihen wolle/ wozu dann die zu End befindliche Gebethe
   <lb/>dienen koͤnnen/ die kreyſende Frau in einem warmen <choice><orig>Ge-<lb break="no"/>mach</orig><reg>Gemach</reg></choice>
auffs Kreyßbette/ oder den Stuhl bringen/ Ihr mit
   <lb/>freundlichen Worten zuſprechen/ und ſonderlich die/ ſo das
   <lb/>erſte mahl gebaͤhren/ unterrichten/ wie ſie unter den Wehen
   <lb/>und Arbeiten den Athem fleißig an ſich- das Haupt aber in
   <lb/>etwas vor ſich gebogen halten ſollen/ damit durch ſtarck <choice><orig>A-<lb break="no"/>them</orig><reg>Athem</reg></choice>
holen in der Arbeit der Halß nicht kroͤpfficht werde/
   <lb/>auch daß ſie ſich nicht außdehnen/ den Leib zuruͤck ziehen/ <choice><orig>o-<lb break="no"/>der</orig><reg>oder</reg></choice>
uͤber ſich greiffen mögen/ ſo offt ſich auch durchdringende
   <lb/>Wehen finden/ iſt zwar die kreyſende Frau allemahl/ wie
<pb n="18"/>
vor gedacht/ zur Arbeit gebuͤhrend zu ermahnen/ nach deren
   <lb/>Endigung aber wird ihr allemahl wieder Ruhe gelaſſen/ <choice><orig>dar-<lb break="no"/>mit</orig><reg>darmit</reg></choice>
   ſie nicht übertrieben oder Krafftloß werde. Ihr <choice><orig>Werck-<lb break="no"/>zeug</orig><reg>Werckzeug</reg></choice>/
   als Scherlein/ Meſſerlein und Faden/ ſoll ſie zur Hand
   <lb/>legen/ ingleichen warm Baum-Oehl/ weiß Lilien-Oehl/ <choice><orig>un-<lb break="no"/>geſaltzene</orig><reg>ungeſaltzene</reg></choice>
  Butter/ oder Hüner-Fett/ Enten- oder Gaͤnſe-
<lb/>Schmaltz/ ihre Haͤnde und der Frauen Leib damit zu ſalben/
   <lb/>wie auch obgedachte gute Waſſer/ oder zum wenigſten <choice><orig>Ro-<lb break="no"/>ſen</orig><reg>Roſen</reg></choice>-
   oder Rauten-Eßig/ die Kreyſende im Nothfall darmit
   <lb/>anzuſtreichen/ auch ein ſauber und rein Tuch/ das Kindlein/
   <lb/>wann es gebohren/ drein zu faſſen/ zur Hand haben/ und
   <lb/>warm Waſſer in Vorrath machen laſſen/ die andern <choice><orig>anwe-<lb break="no"/>ſenden</orig><reg>anweſenden</reg></choice>
   Frauen zur Huͤlffe recht anſtellen und verordnen/ <choice><orig>al-<lb break="no"/>ſo</orig><reg>alſo</reg></choice>
denn vor die Gebaͤhrende/ und gleichſam zwiſchen dero
   <lb/>Knie/ nieder ſitzen/ ihr den untern Leib/ und ſonderlich die <choice><orig>Ge-<lb break="no"/>burths-Glieder</orig><reg>Geburths-Glieder</reg></choice>/
   wohl mit obgedachtem warm gemachten
   <lb/>Oehl oder Fettigkeiten/ ſo weit hinein/ als nur muͤglich/ <choice><orig>ſal-<lb break="no"/>ben</orig><reg>ſalben</reg></choice>/
   wie auch ihre Haͤnde wohl darmit ſchmieren/ und fleißig
   <lb/>wahrnehmen/ und Acht haben/ wie das Kindlein liege/ ob
   <lb/>ſichs recht natuͤrlicher Weiſe zum Außgang gewendet und
   <lb/>geſchickt/ denn/ da es ſich etwa nach einer Seiten begeben/
   <lb/>den Bauch darnach regieren/ ſchieben und richten/ daß ſich
   <lb/>die Frucht zum Mutter-Mund begebe/ auch demſelben in
   <lb/>durch ſchneidenden groſſen Wehen ſaͤnftiglich helffen/ und an
   <lb/>welchen Orthen uñ Enden/ unten/ oben/ oder auch den Seitẽ
   <lb/>ſich das Kind anſtellen wolte/ geſchwinde mit ihren geſalbten
   <lb/>Fingern uñ Handgriffen/ der Gerade nach/ den Weg weiſen/
   <lb/>und zum Außgang befördern: Auch haͤtte ſie vorhero eine
   <lb/>oder zwo Frauen der Kreyſenden an die Seite zu ſtellen/
<pb n="19"/>
welche ſie vermahnen/ und/ wie oben gedacht/ im Ruͤcken mit
   <lb/>einer unterzogenen Handquele heben/ wo nemlich das Kreyß-
<lb/>Bette gebraucht wird/ und die Knie in waͤrender Arbeit feſte
   <lb/>zuruͤck halten/ oder aber in andern vorfallenden Faͤllen <choice><orig>bey-<lb break="no"/>ſpringen</orig><reg>beyſpringen</reg></choice>/
   und helffen moͤgen/ wie auch eine Frau <choice><orig>anzuwei-<lb break="no"/>ſen</orig><reg>anzuweiſen</reg></choice>/
   daß ſie zugleich mit den Kindes-Wehen und Arbeit der
   <lb/>Kreyſenden den Bauch mit beyden Haͤnden gelinde/ ſanfft
   <lb/>und behutſam zuſammen druͤcke/ dadurch die Arbeit der
   <lb/>Kreyſenden zu erleichtern/ und die Frucht deſto beſſer herab
   <lb/>zu noͤthigen.</p></div>
 <div type="section" n="14"><p><note place="right margin">Wenn die
   <lb/>Frucht noch
   <lb/>nicht <choice><orig>eingetre-<lb break="no"/>ten</orig><reg>eingetreten</reg></choice>/
   was die
   <lb/>Gebaͤrende in
   <lb/>Acht zu <choice><orig>neh-<lb break="no"/>men</orig><reg>nehmen</reg></choice>.</note><label>14.</label> Doferne auch die Frucht ſich noch nicht ſo weit
   <lb/>in die Geburth eingedrungen haͤtte/ daß ſie durch das gehen
   <lb/>geklemmet/ oder wieder in die Hoͤhe getrieben und <choice><orig>auffge-<lb break="no"/>halten</orig><reg>auffgehalten</reg></choice>
werden koͤnte/ ſo iſt nicht allezeit von nöthen/ daß die
   <lb/>kreyſende Frau ſtets aneinander auff in Kreyß-Bette zu <choice><orig>lie-<lb break="no"/>gen</orig><reg>liegen</reg></choice>/
   oder auff dem Stuhle zu ſitzen/ gezwungen werde/ <choice><orig>ſon-<lb break="no"/>dern</orig><reg>ſondern</reg></choice>
   man kan ſie nach Gelegenheit wohl wieder laſſen <choice><orig>auff-<lb break="no"/>ſtehen</orig><reg>auffſtehen</reg></choice>/
   und herum gehen/ mit ſtaͤrckenden Mitteln erlaben/
   <lb/>und da ſie ermüdet und ſchlaͤfferig waͤre/ auch die Kindes-
   <lb/>Wehen es zulieſſen/ ſie von der Ruhe und Schlaff nicht <choice><orig>ab-<lb break="no"/>halten</orig><reg>abhalten</reg></choice>/
   dadurch ſo wohl ſie/ als das Kind/ neue Kraͤffte
   <lb/>ſchoͤpffen wird. Wo aber die Frucht allbereit eingetreten/
   <lb/>ſoll man die Gebaͤhrende nicht wieder auffſtehen laſſen/ weil
   <lb/>groſſer Schade dadurch verurſacht werden kan.</p></div>
 <div type="section" n="15"><p><note place="right margin">Wenn die
   <lb/>Affterbuͤrde
   <lb/>nicht brechen
   <lb/>wil.</note><label>15.</label> Wenn etwa das Fell oder Haͤutlein/ in welchem
   <lb/>das Kind liegt/ wegen ſeiner Staͤrcke nicht brechen wolte/ ſo
   <lb/>kan die Hebamme es mit dem Finger-Nagel brechen/ oder es
   <lb/>zwiſchen die Finger faſſen/ und mit einem Scherlein oder
   <lb/>Meſſerlein fein ſachte auffſchneiden/ damit aber <choice><orig>vorſichti-<pb break="no" n="20"/>glich</orig><reg>vorſichtiglich</reg></choice>
umgehen/ auff daß ſie nicht etwa an ſtatt des Felchens/
   <lb/>die Haut des Kindes oder die Gebaͤhr-Mutter ſelbſt/ welche
   <lb/>ſich bißweilen in etwas hervor zu ſchieben pfleget/ <choice><orig>ver-<lb break="no"/>letze</orig><reg>verletze</reg></choice>.</p></div>
  <div type="section" n="16"><p><note place="left margin">Wenn die <choice><orig>durchdrin-<lb break="no"/>genden</orig><reg>durchdringenden</reg></choice>
    <choice><orig>We-<lb break="no"/>hen</orig><reg>Wehen</reg></choice>
    nicht <choice><orig>fol-<lb break="no"/>gen</orig><reg>folgen</reg></choice>
 wollen.</note><label>16.</label> So die durchdringenden Wehen nicht recht folgen
   <lb/>wollen/ oder das Kindlein unter der Geburth matt und
   <lb/>ſchwach zu ſeyn vermuthet wuͤrde/ ſollen ſie die aͤuſſerliche
   <lb/>Mittel/ deren oben bey Schwachheit der Frucht erwehnet
   <lb/>worden/ gebrauchen/ welche nebenſt deme/ daß ſie die Frucht
   <lb/>ſtaͤrcken/ auch die rechten Wehen ſehr befoͤrdern/ ingleichen
   <lb/>den Nabel mit Agtſtein-Oehl ſalben/ und ein Saͤcklein mit
   <lb/>Lein-Saamen und Pappeln-Kraut gefüllet/ und in Waſſer
    <lb/>gekocht/ zwiſchen zween Tellern wohl außgedruckt/ warm <choice><orig>uͤ-<lb break="no"/>ber</orig><reg>uͤber</reg></choice>
den Leib legen/ und ehe es erkaltet/ wieder in die heiſſe
   <lb/>Bruͤhe tauchen/ und uͤberlegen/ die Gebaͤhr-Mutter mit
   <lb/>warmen gelb Veyel- oder andern Oehl/ darunter etliche
    <lb/>Tropffen Spick-Oehl gemiſchet ſeyn/ warm ſalben/ <choice><orig>inner-<lb break="no"/>lich</orig><reg>innerlich</reg></choice>
das von den <foreign xml:lang="Latin" rend="antiqua">Medicis</foreign> abſonderlich hierzu verordnete
    Pulver/ in Poley- oder gelb Veyel- oder weiß <choice><orig>Lilien-Waſ-<lb break="no"/>ſer</orig><reg>Lilien-Waſſer</reg></choice>/
    oder eine Quente ſchwartze Raden/ ſo im Korn wachſen/
    <lb/>gepuͤlvert/ in warmen Bier eingeben/ dadurch ſich neue <choice><orig>We-<lb break="no"/>hen</orig><reg>Wehen</reg></choice>
zu erheben pflegen. Staͤrckere treibende Mittel aber
   <lb/>ſind/ ohne des <foreign xml:lang="Latin" rend="antiqua">Medici</foreign> Gutachten und Erlaubniß/ nicht zu
    <lb/>gebrauchen/ darmit das Geblüt nicht zu ſehr erhitzet und <choice><orig>an-<lb break="no"/>getrieben</orig><reg>angetrieben</reg></choice>
    werde. So aber unzeitige und vergebliche <choice><orig>We-<lb break="no"/>hen</orig><reg>Wehen</reg></choice>
und Bauchgrimmen darneben vorhanden/ ſeynd die
   <lb/>Mittel zu gebrauchen/ welche vorhero <ref>§. 10.</ref> wider die wilden
   <lb/>Wehen geſetzet worden.</p></div>
<pb n="21"/>
<div type="section" n="17"><p><note place="right margin">Wenn das
  <lb/>Waſſer alles
  <lb/>vor der <choice><orig>Ge-<lb break="no"/>burth</orig><reg>Geburth</reg></choice>
  <choice><orig>ver-<lb break="no"/>lauffen</orig><reg>verlauffen</reg></choice>.</note><label>17.</label> Waͤre das Waſſer alles verlauffen/ und wegen
  <lb/>Truͤckne das Kind nicht fortkommen koͤnte/ ſoll ſie mit <choice><orig>erſt-<lb break="no"/>gemeldten</orig><reg>erſtgemeldten</reg></choice>
 warmen Oehlen/ oder Fettigkeiten (welches
  <lb/>friſch/ und ohne boͤſen Geruch ſey/) oder Althe<hi rend="antiqua">æ</hi>-Salbe/ oder
  <lb/>rohen Eyerweiß und Dotter/ die Geburth glatt und <choice><orig>ſchlipf-<lb break="no"/>ferig</orig><reg>ſchlipfferig</reg></choice>
 machen/ und die Haͤnde mit dergleichen beſalben/ darzu
  <lb/>auch die Saͤcklein und Bruͤhen von Lein-Saamen/ <choice><orig>Pap-<lb break="no"/>peln</orig><reg>Pappeln</reg></choice>/
  Ibiſch-Wurtzel wohl warm anwenden.</p></div>
 <div type="section" n="18"><p><note place="right margin">Wenn das
   <lb/>Gebluͤth zu
   <lb/>ſtarck vor der
   <lb/>Geburth weg
   <lb/>gienge/ und
   <lb/>die Kraͤffte zu
   <lb/>ſehr ſchwaͤchte</note><label>18.</label> Solte auch etwa das Gebluͤth noch vor dem <choice><orig>Waſ-<lb break="no"/>ſer</orig><reg>Waſſer</reg></choice>
oder Kinde gar zu balde und uͤberflüßig hinweg ſchieſſen/
   <lb/>groſſe Ohnmacht uñ Gefahr verurſachen/ ſoll ſie eilend von
   <lb/>den darzu abſonderlich verordneten Blutſtillenden Mitteln/
   <lb/>welche bey den <foreign xml:lang="Latin" rend="antiqua">Medicis</foreign> und in den Apothecken zu bekom̃en/
   <lb/>davon ſie allezeit im Vorrath haben ſoll/ ſo viel verordnet/
   <lb/>eingeben/ auch die Frau mit guter Speiſe erquicken laſſen/
   <lb/>wider die Ohnmachtẽ Muſcaten-Bluͤmlein/ Naͤgelein/ <choice><orig>Zitt-<lb break="no"/>wer</orig><reg>Zittwer</reg></choice>
oder Galgant in Mund zu kaͤuen geben/ Waſſer in das
   <lb/>Geſicht ſprützen/ Rauten- oder Roſen-Eßig/ oder ein <choice><orig>Buͤſch-<lb break="no"/>lein</orig><reg>Buͤſchlein</reg></choice>/
   darin Krauſemuͤntz/ Lavendel/ Meliſſen oder Rauten/
   <lb/>mit oder ohne Gewuͤrtz/ gebunden/ und in kraͤfftigem <choice><orig>Waſ-<lb break="no"/>ſer</orig><reg>Waſſer</reg></choice>
oder Eßig genetzet/ vor die Naſe halten. Im Fall aber
   <lb/>dieſe Mittel vergebens angewendet wuͤrden/ koͤnte man ſich
   <lb/>zeitlich eines <foreign xml:lang="Latin" rend="antiqua">Medici</foreign> Rath bedienen.</p></div>
<div type="section" n="19"><p><note place="right margin">Wenn des
  <lb/>Kindes
  <lb/>Haͤupt nicht
  <lb/>gleich eintritt/
  <lb/>ſondern nach
  <lb/>einer Seiten
  <lb/>ſich truͤmmet.</note><label>19.</label> Da auch das Kind mit ſeinem Haͤupt zu erſt <choice><orig>her-<lb break="no"/>bey</orig><reg>herbey</reg></choice>
  kaͤme/ mit dem Halſe aber ſich nach einer Seiten <choice><orig>kruͤm-<lb break="no"/>mete</orig><reg>kruͤmmete</reg></choice>
 und beugete/ und das Haͤupt an eine Seiten andruͤckte/
  <lb/>welches der Mutter und Kinde/ wegen des Beytriebs und
  <lb/>Anſtehens/ groſſen Schmertzen verurſachete/ ſo ſoll die <choice><orig>Heb-<lb break="no"/>am̃e</orig><reg>Hebam̃e</reg></choice>
  mit der einen Hand ſich des Kindes Zuſtandes <choice><orig>erkundi-<pb break="no" n="22"/>gen</orig><reg>erkundigen</reg></choice>/
  und ſeine Achſeln fein gemachſam in die Höhe druͤcken/
  <lb/>darnach mit der andern Hand das Haͤupt ergreiffen/ und <choice><orig>ge-<lb break="no"/>machſam</orig><reg>gemachſam</reg></choice>
  in die Richte zum Außgang fuͤhren/ daſſelbe <choice><orig>zwi-<lb break="no"/>ſchen</orig><reg>zwiſchen</reg></choice>
 beyden Haͤnden/ biß es recht eingetreten/ behalten/ und
  <lb/>ſo dann ferner/ wie obgemeldt/ zur Geburth mit den Wehen
  <lb/>bringen. Es hat aber die Hebamme bey dieſen/ und allen
  <lb/>unrechten Stellungen des Kindes in Acht zu nehmen/ daß
  <lb/>ſie gleich Anfangs/ nach der Eröffnung der Mutter/ zuſehe/
  <lb/>in welchem Lager ſich die Frucht befinde/ dann zu derſelben
  <lb/>Zeit am beſten und leichtlich die widernatürliche Stellung/
  <lb/>wie unten bey jedwedem Fall angefuͤhret/ zu verbeſſern/ <choice><orig>nach-<lb break="no"/>mahls</orig><reg>nachmahls</reg></choice>
 aber/ wann ſich das Kind in ein uͤbel Lager begeben/
  <lb/>oder ein Glied unordentlich gebohren/ gar ſchwerlich <choice><orig>wieder-<lb break="no"/>um</orig><reg>wiederum</reg></choice>
 zu helffen iſt.</p></div>
 <div type="section" n="20"><p><note place="left margin">Was ferner
   <lb/>zu thun/ wenn
   <lb/>das <choice><orig>Haͤupt-<lb break="no"/>lein</orig><reg>Haͤuptlein</reg></choice>
   ſchon <choice><orig>ge-<lb break="no"/>ſtoͤſt</orig><reg>geſtoͤſt</reg></choice>
worden/
   <lb/>und nicht bald
   <lb/>das uͤbrige
   <lb/>folgen wil.</note><label>20.</label> Wenn auch das Haͤuptlein ſchon geloͤſt/ und das
   <lb/>uͤbrige nicht nachfolgen wil/ auch durch kein gelindes ziehen
   <lb/>an dem Köpffgen etwas außzurichten ſcheinet/ ſo muß die
   <lb/>Kindfrau ſolches mit beyden Haͤnden umfangen/ ihre <choice><orig>Fin-<lb break="no"/>ger</orig><reg>Finger</reg></choice>
unter die Aechſelein zu bringen ſuchen/ und zugleich mit
   <lb/>den Wehen fein gemaͤchlich ziehen/ biß das Kindlein völlig
   <lb/>gebohren werde.</p></div>
<div type="section" n="21"><p><note place="left margin">Wenn die
  <lb/>Nabelſchnure
  <lb/>ehe denn die
  <lb/>Frucht hervor
  <lb/>koͤmt.</note><label>21.</label> So etwa die Nabel-Schnure ehe/ als die Frucht/
  <lb/>herauß kaͤme/ ſoll ſie fleißig verſuchen/ ob ſie ſolche wieder <choice><orig>zu-<lb break="no"/>ruͤck</orig><reg>zuruͤck</reg></choice>
 und hinter das Kind bringen/ und dem Kinde mit dem
  <lb/>Haͤupte/ oder da ſolches nicht muͤglich/ mit den Fuͤßlein <choice><orig>her-<lb break="no"/>vor</orig><reg>hervor</reg></choice>
 helffen/ und alſo zur Geburth fuͤhren koͤnne/ doferne aber
  <lb/>die Nabel-Schnur nicht bald und ohne Gefahr zuruͤck zu
  <lb/>bringen waͤre/ ſoll ſie ſolche in Tüchlein/ welche mit guten
  <lb/>kraͤfftigen Waſſern/ Malvaſier/ oder anderm guten Wein/
 <pb n="23"/>
  oder in Bier geneßet ſey/ wohl warm biß an den Leib der <choice><orig>Ge-<lb break="no"/>baͤhrenden</orig><reg>Gebaͤhrenden</reg></choice>
  einfaſſen/ und biß die Geburth gluͤcklich hernach
  <lb/>folget/ wohl warm halten.</p></div>
 <div type="section" n="22"><p><note place="right margin">Wenn das
   <lb/>Kind ſich mit
   <lb/>einem oder
   <lb/>beyden <choice><orig>Ar-<lb break="no"/>men</orig><reg>Armen</reg></choice>
   zur <choice><orig>Ge-<lb break="no"/>burth</orig><reg>Geburth</reg></choice>
   <choice><orig>dar-<lb break="no"/>ſtellete</orig><reg>darſtellete</reg></choice>.</note><note place="right margin">Sonderbahres Lager der
  <lb/>Kreyſenden in
  <lb/>etlichen <choice><orig>ſchwe-<lb break="no"/>ren</orig><reg>ſchweren</reg></choice>
  <choice><orig>Gebur-<lb break="no"/>then</orig><reg>Geburthen</reg></choice>.</note><label>22.</label> Wenn auch die Hebamme vermerckete/ daß ſich
   <lb/>die Frucht mit einem oder beyden Armen zur Geburth <choice><orig>dar-<lb break="no"/>ſtellete</orig><reg>darſtellete</reg></choice>/
   ſoll ſie alſobalden/ und wo muͤglich/ ehe die Glieder
   <lb/>noch hervor und ans Liecht kommen/ die Gebaͤhrende alſo
   <lb/>nieder legen/ daß ſie mit dem Haͤupte niedrig/ ihre Huͤffte
   <lb/>und Hindern aber wohl erhaben ſey/ (welches Lager denn
   <lb/>auch jedeſmahl/ wenn das Kind nicht recht zur Geburth
   <lb/>kömt/ in Acht zu nehmen/) alßdenn den Leib der <choice><orig>Gebaͤh-<lb break="no"/>renden</orig><reg>Gebaͤhrenden</reg></choice>
mit der einen Hand gelinde auffwarts ſtreichen/ mit
   <lb/>der andern die vorgeſchoſſene Arme einen nach dem andern
   <lb/>fein gemach in die Hoͤhe bringen/ und davon nicht <choice><orig>nachlaſ-<lb break="no"/>ſen</orig><reg>nachlaſſen</reg></choice>/
   biß dieſelben an der Seiten der Frucht außgeſtreckt ſeyn.
   <lb/>Hierauff richtet ſie das Haupt des Kindes/ wie obgedacht/
   <lb/>fein gleich zu rechte/ und bemühet ſich/ mit ihren Fingern die
   <lb/>Achſeln zu beruͤhren/ und dadurch das Kind ein wenig <choice><orig>zurü-<lb break="no"/>cke</orig><reg>zurücke</reg></choice>
   zu treiben/ darmit der Kopff deſto gewiſſer eintreten <choice><orig>koͤn-<lb break="no"/>ne</orig><reg>koͤnne</reg></choice>.
   Alßdenn ſoll die Gebaͤhrende wieder mit dem Haͤupt
   <lb/>und Rücken gemachſam in die Höhe/ die Kuͤſſen eins nach
   <lb/>dem andern weg gezogen/ und in ein ſolch Lager gebracht
   <lb/>werden/ welches zur Erleichterung der Geburth bequem ſey/
   <lb/>darbey diß noch in Acht zu nehmen/ daß die Hebamme ihre
   <lb/>Hand unterdeſſen bey der Frucht laſſe/ und ſie dadurch in <choice><orig>ge-<lb break="no"/>meldtem</orig><reg>gemeldtem</reg></choice>
Stande erhalte/ und wenn ſich Wehen angeben/ ſie
   <lb/>ihre Hand zugleich hervor ziehe/ und dergeſtalt dem Haͤupt
   <lb/>den Weg weiſe/ hernach ſich bemuͤhe/ ihre Finger/ wofern es
<pb n="24"/>
nicht vor ſich weiter rucken/ oder ein gelindes ziehen an dem
   <lb/>Köpfflein nichts helffen wolte/ dem Kindlein unter die <choice><orig>Ach-<lb break="no"/>ſeln</orig><reg>Achſeln</reg></choice>
   zu bringen/ und zugleich mit den Wehen/ die Frucht <choice><orig>ge-<lb break="no"/>machſam</orig><reg>gemachſam</reg></choice>
an ſich zu ziehen/ und zur Entbindung zu fuͤhren.</p></div>
<div type="section" n="23"><p><note place="left margin">Wenn eine <lb/>Hand oder <lb/>Aermlein <choice>
              <orig>lan-<lb break="no"/>ge</orig>
              <reg>lange</reg>
            </choice> herauß <choice>
              <orig>ge-<lb break="no"/>weſen</orig>
              <reg>geweſen</reg>
            </choice> / und <choice>
              <orig>er-<lb break="no"/>kaltet</orig>
              <reg>erkaltet</reg>
            </choice>.</note><label>23.</label> Doferne aber eine Hand oder Aermlein ſchon <choice>
            <orig>lan-<lb break="no"/>ge</orig>
            <reg>lange</reg>
          </choice> herauß geweſen/ und erkaltet waͤre/ ſoll ſie dieſelbe auffs <lb/>ſchleunigſte
          mit warmen Tuͤchern erwaͤrmen/ mit warmen <lb/>Oehl ſalben/ und alßdenn auff obgedachte
          Weiſe wieder zu <lb/>rechte und zurücke zu bringen ſuchen/ welches zwar ſchwer <choice>
            <orig>zu-<lb break="no"/>gehet</orig>
            <reg>zugehet</reg>
          </choice>. Und da auch/ wenn die Aermlein wieder hinein <lb/>bracht/ das Kind mit dem
          Haͤuptlein ſich nicht zur Geburth <lb/>ſchicken wolte/ ſondern die Füßlein am nechſten
          herbey <choice>
            <orig>kaͤ-<lb break="no"/>men</orig>
            <reg>kaͤmen</reg>
          </choice>/ ſoll ſie ſolche gemachſam mit den Wehen nach ſich <choice>
            <orig>zie-<lb break="no"/>hen</orig>
            <reg>ziehen</reg>
          </choice>/ und wie ietzt folgen wird/ darmit verfahren.</p></div>
 <div type="section" n="24"><p><note place="left margin">Wenn ſich
   <lb/>das Kind mit
   <lb/>einem <choice><orig>Fuͤß-<lb break="no"/>lein</orig><reg>Fuͤßlein</reg></choice>
   angebe.</note><label>24.</label> Wenn ſich das Kind nur mit einem Fuͤßlein <choice><orig>an-<lb break="no"/>gebe</orig><reg>angebe</reg></choice>/
   ſo ſoll die Hebamme/ ſo ferne die Geburths-Wehen
   <lb/>vorhanden/ ſo bald das andere Bein auch ſuchen zu <choice><orig>gewin-<lb break="no"/>nen</orig><reg>gewinnen</reg></choice>/
   und wenn ſie nun beyde vorhanden/ ſoll ſie die Haͤnde
   <lb/>des Kindes entweder in der Seiten/ oder unter ſeiner Huͤffte
   <lb/>behalten/ und hernach ſolcher Geſtalt das Kind erſt mit <choice><orig>bey-<lb break="no"/>den</orig><reg>beyden</reg></choice>
Fuͤßlein an die Welt befoͤrdern. Dofern auch die
   <lb/>Frucht mit dem Angeſicht uͤber ſich/ und nach der Mutter
   <lb/>Bauch gewendet waͤre/ ſoll ſie verſuchen/ ob ſie es im herauß
   <lb/>ziehen/ welches gemachſam mit den Wehen geſchehen ſoll/
   <lb/>fein langſam herum drehen koͤnne/ daß das Angeſicht unter
   <lb/>ſich gebracht werde/ den Leib aber des Kindleins ſoll ſie nicht
   <lb/>mit ihren bloſſen beſudelten oder naſſen Haͤnden/ ſondern <choice><orig>al-<lb break="no"/>dern</orig><reg>aldern</reg></choice>
   allezeit mit trockenen Tuͤchern angreiffen/ denn ſonſt
<pb n="25"/>
wird ſie die Frucht wegen der Schluͤpfferkeit nicht feſt gnug
   <lb/>halten können/ ſondern zu ſehr druͤcken muͤſſen.</p></div>
 <div type="section" n="25"><p><note place="right margin">Wenn bey
   <lb/>ſolchem <choice><orig>Zu-<lb break="no"/>ſtande</orig><reg>Zuſtande</reg></choice>
die
   <lb/>Wehen <choice><orig>ver-<lb break="no"/>gangen</orig><reg>vergangen</reg></choice>.</note><label>25.</label> So etwa bey dieſem Zuſtande gar geringe oder
   <lb/>gar keine Wehen vorhanden/ ſo ſoll ſie das Fuͤßlein <choice><orig>alſobal-<lb break="no"/>den</orig><reg>alſobalden</reg></choice>
wieder in die Mutter ſchieben/ die Frau wohl zudecken/
   <lb/>und die ſtaͤrckende und andere Mittel/ ſo die Wehen <choice><orig>erwe-<lb break="no"/>cken</orig><reg>erwecken</reg></choice>/
   deren oben im <num>16.</num> Punct erwehnet worden/ brauchen/
   <lb/>biß ſich dieſelben wieder finden/ ſo dann zugleich mit den
   <lb/>Wehen das Kind zur Geburth befordern.</p></div>
 <div type="section" n="26"><p><note place="right margin">Wenn das
   <lb/>Kind die <choice><orig>Ar-<lb break="no"/>me</orig><reg>Arme</reg></choice>
uͤber ſich gekehret/ und
   <lb/>uͤbern Kopff
   <lb/>zuſammen
   <lb/>geſchlagen
   <lb/>haͤtte.</note><label>26.</label> Wenn das Kind die Arme uͤber ſich gekehret/ und
   <lb/>uͤbern Kopff zuſammen geſchlagen haͤtte/ und ſolche gar nicht
   <lb/>wieder unter ſich zu bringen waͤren/ darbey dann das Kind
   <lb/>ſehr viel außſtehen müſte/ ſo ſoll ſie deſto behutſamer ſeyn/
   <lb/>und wenn das Kind zur Welt gebohren/ und gelöſet/ alle ihre
   <lb/>Sorgen dahin wenden/ daß ſolches geſtaͤrcket/ und die <choice><orig>Ge-<lb break="no"/>lencke</orig><reg>Gelencke</reg></choice>
der Schuldern und Arme mit warmen Wein oder
   <lb/>Bier/ darunter Camillen-Oehl oder Regenwuͤrmer-Oehl/
<lb/>oder ein wenig Brantewein und Butter gemiſchet ſey/ wohl
   <lb/>ſalben und ſchmieren/ und ſolches oͤffters wiederholen.</p></div>
 <div type="section" n="27"><p><note place="right margin">Wenn das
   <lb/>Kind mit <choice><orig>bey-<lb break="no"/>den</orig><reg>beyden</reg></choice>
   Armen und <choice><orig>Schen-<lb break="no"/>ckeln</orig><reg>Schenckeln</reg></choice>
zugleich/
   <lb/>oder mit <choice><orig>bey-<lb break="no"/>den</orig><reg>beyden</reg></choice>
   Knien/ <choice><orig>o-<lb break="no"/>der</orig><reg>oder</reg></choice>
mit dem
   <lb/>Bauche/ denn
   <lb/>Hindern <choice><orig>Rü-<lb break="no"/>cken</orig><reg>Rücken</reg></choice>
   oder <choice><orig>Sei-<lb break="no"/>ten</orig><reg>Seiten</reg></choice>
   an die <choice><orig>Ge-<lb break="no"/>burth</orig><reg>Geburth</reg></choice>
   kaͤme.</note><label>27.</label> Wenn das Kind mit beyden Armen und <choice><orig>Schen-<lb break="no"/>ckeln</orig><reg>Schenckeln</reg></choice>
zu gleich/ oder mit beyden Knien/ oder mit der Bruſt
   <lb/>und Bauche/ dem Hindern/ Ruͤcken oder Seiten an die <choice><orig>Ge-<lb break="no"/>burth</orig><reg>Geburth</reg></choice>
kaͤme/ ſo ſoll ſie die kreyſende Frau in das obgemelte
   <lb/>Lager (ſo faſt zu allen ſchweren Geburthen bequem) nieder
   <lb/>legen/ auch wo es von nöthen/ alßdenn von einer Seiten zur
   <lb/>andern ein wenig bewegen/ und mit ihrer geſchmierten Hand
   <lb/>ſuchen/ das Kind wieder zuruͤcke zu bringen/ und zur rechten
   <lb/>Stellung zu wenden/ vor allen Dingen aber trachten/ das
   <lb/>Haupt hervor zur Geburth zu bringen: So aber ſolches
<pb n="26"/>
   nicht geſchehen koͤnte/ und die Fuͤßlein ehe zu erlangen <choice><orig>waͤ-<lb break="no"/>ren</orig><reg>waͤren</reg></choice>/
   ſoll ſie nach den Füßlein trachten/ und hernach darbey/
   <lb/>was hiernechſt bevor vermeldet worden/ in Acht nehmen.</p></div>
 <div type="section" n="28"><p><note place="left margin">Bey letzter
   <lb/>wehutem <choice><orig>Zu-<lb break="no"/>ſtande</orig><reg>Zuſtande</reg></choice>
bringt
   <lb/>alle <choice><orig>Saͤum-<lb break="no"/>niß</orig><reg>Saͤumniß</reg></choice>
Gefahr/
   <lb/>derowegen
   <lb/>geſchwinde
   <lb/>darzu zu
   <lb/>thun.</note><note place="left margin">Wie die <choice><orig>Kin-<lb break="no"/>der</orig><reg>Kinder</reg></choice>/
     ſo mit <choice><orig>ſol-<lb break="no"/>cher</orig><reg>ſolcher</reg></choice>
     Noth <choice><orig>ge-<lb break="no"/>bohren</orig><reg>gebohren</reg></choice>
     <choice><orig>wer-<lb break="no"/>den</orig><reg>werden</reg></choice>/
     zu <choice><orig>ſtaͤr-<lb break="no"/>cken</orig><reg>ſtaͤrcken</reg></choice>?</note><label>28.</label> Darbey zu mercken/ je langſamer und <choice><orig>nachlaͤßi-<lb break="no"/>ger</orig><reg>nachlaͤßiger</reg></choice>
die Hebamme bey dergleichen Zuſtande ſich erweiſet/ je
   <lb/>gefaͤhrlicher auch die Geburth ſelbſt wird/ daher ſie <choice><orig>unge-<lb break="no"/>ſaͤumt</orig><reg>ungeſaͤumt</reg></choice>
darzu thun ſollen: Und weil die Kinder durch ſolche
   <lb/>ſchwere Geburth ſehr geſchwaͤchet werden/ alßbald wenn ſie
   <lb/>zur Welt gebohren/ mit Camillen- oder Regenwuͤrmer-Oehl/
   <lb/>Wein oder Bier mit Butter/ darunter ein wenig <choice><orig>Brante-<lb break="no"/>wein</orig><reg>Brantewein</reg></choice>
gemiſchet ſey/ fein warm/ fleißig und offters behen und
   <lb/>ſchmieren.</p></div>
 <div type="section" n="29"><p><note place="left margin">Was zuthun/
   <lb/>wenn <choice><orig>Zwil-<lb break="no"/>linge</orig><reg>Zwillinge</reg></choice>
   <choice><orig>vorhan-<lb break="no"/>den</orig><reg>vorhanden</reg></choice>/
   und <choice><orig>bey-<lb break="no"/>de</orig><reg>beyde</reg></choice>
zu rechter
   <lb/>Geburth <choice><orig>ſte-<lb break="no"/>hen</orig><reg>ſtehen</reg></choice>?</note><label>29.</label> Wenn etwa Zwillinge vorhanden/ ſo beyde recht
   <lb/>und mit dem Kopff zur Geburth ſtuͤnden/ ſoll die Hebamme
   <lb/>dem/ ſo am nechſten ſtehet/ und ſie am leichteſten vollend <choice><orig>her-<lb break="no"/>fuͤr</orig><reg>herfuͤr</reg></choice>
   zu bringen vermeynet/ zum erſten zur Entbindung/ <choice><orig>aller-<lb break="no"/>dings</orig><reg>allerdings</reg></choice>
   wie bey der einfachen Geburth vermeldet/ helffen/ <choice><orig>alß-<lb break="no"/>dem</orig><reg>alßdem</reg></choice>
das andere gleicher Geſtalt löſen.</p></div>
 <div type="section" n="30"><p><note place="left margin">Wenn beyde
   <lb/>mit den <choice><orig>Fuͤſ-<lb break="no"/>ſen</orig><reg>Fuͤſſen</reg></choice>
   zur <choice><orig>Ge-<lb break="no"/>burth</orig><reg>Geburth</reg></choice>
ſtehen.</note><label>30.</label> Und eben dieſes hat ſie in Acht zu nehmen/ wenn
   <lb/>die Zwillinge beyde zu gleich ſich mit den Fuͤſſen herbey
   <lb/>machten/ vor allen Dingen aber zuzuſehen/ daß ſie das rechte
   <lb/>paar Füſſe ergreiffe/ und nicht von jedem Kinde einen <choice><orig>her-<lb break="no"/>bey</orig><reg>herbey</reg></choice>
bringe/ welches groſſen Schaden und Gefahr braͤchte.
   <lb/>Sie kans aber leicht innen werden/ wenn ſie an dem einen
   <lb/>Fuͤßlein biß an des KindesLeiblein ihren Finger zu bringen
   <lb/>ſuchen wuͤrde/ wenn ſie nun das eine Fuͤßlein gewiß gefaſſet/
   <lb/>muß ſie die Kreyſende ins Bette zu ſolcher Stellung bringen/
   <lb/>wie obgemeldt/ alßdenn ſich bemuͤhen/ beyde alſo von <choice><orig>einan-<lb break="no"/>der</orig><reg>einander</reg></choice>
   zu bringen/ darmit keines von dem andern nicht moͤge <choice><orig>ge-<pb break="no" n="27"/>hindert</orig><reg>gehindert</reg></choice> 
   werden. Und wenn nun das erſte gebohren/ muß ſie
   <lb/>ungeſaͤumt und mit groſſem Fleiß auch das andere heben/ <choice><orig>in-<lb break="no"/>ſonderheit</orig><reg>inſonderheit</reg></choice>
auch der Woͤchnerin/ weil ſie doppelte Arbeit und
   <lb/>Schmertzen außſiehet/ deſto beſſer warten.</p></div>
 <div type="section" n="31"><p><note place="right margin">Wenn deren
   <lb/>eins mit dem
   <lb/>Kopffe/ das
   <lb/>andere mit
   <lb/>den Beinen
   <lb/>herbey kaͤme.</note><label>31.</label> Dofern aber eins mit dem Kopffe/ und das <choice><orig>ande-<lb break="no"/>re</orig><reg>andere</reg></choice>
   mit den Beinen zu gleich kaͤme/ ſo muß ſie ſich <choice><orig>erkundi-<lb break="no"/>gen</orig><reg>erkundigen</reg></choice>/
   welches ſich am meiſten herbey dringe/ damit man <choice><orig>dem-<lb break="no"/>ſelben</orig><reg>demſelben</reg></choice>/
   als dem reiffeſten/ forthelffe/ (inſonderheit Acht <choice><orig>ha-<lb break="no"/>ben</orig><reg>haben</reg></choice>/
   ob ſie dem/ ſo mit dem Koͤpfflein ſich darweiſet/ und von
   <lb/>des andern Beinen verhindert wird/ zum erſten forthelffen
   <lb/>könne) das andere aber/ wie vor gemeldet/ zuruͤck halten/
   <lb/>darzu ſie auch/ ſo es von noͤthen/ die im <num>22.</num> Punct gedachte
   <lb/>Stellung auff dem Bette gebrauchen kan.</p></div>
 <div type="section" n="32"><p><note place="right margin">Wann deren
   <lb/>eins lebendig/
   <lb/>das andere
   <lb/>tod.</note><label>32.</label> Solte auch eins der Zwillinge todt/ das andere
   <lb/>noch lebend befunden werden/ welches auß der Bewegung
   <lb/>der Kinder in MutterLeibe abzunchmen/ ſo ſoll ſie das <choice><orig>le-<lb break="no"/>bendige</orig><reg>lebendige</reg></choice>
erſt hervor zu bringen ſuchen/ und ſo ſolches ſich nicht
   <lb/>natuͤrlich mit dem Haͤupt zur Geburth angebe/ die <choice><orig>Kreyſen-<lb break="no"/>de</orig><reg>Kreyſende</reg></choice>
   ins Bette/ in vorerwehnte Stellung (ſo zur harten <choice><orig>Ge-<lb break="no"/>burth</orig><reg>Geburth</reg></choice>
von noͤthen) bringen/ und wenn ſich das Kind recht
   <lb/>gewendet/ und zur Geburth geſchickt/ demſelben forthelffen/
   <lb/>alßdem Mutter und Kind laben und erquicken/ und folgends
   <lb/>das todte auch/ wie hernach bey der einzeln todten Geburth
   <lb/>zu befinden/ herauß bringen.</p></div>
 <div type="section" n="33"><p><note place="right margin">Was der
   <lb/>Hebammen
   <lb/>nach der <choice><orig>Ge-<lb break="no"/>burth</orig><reg>Geburth</reg></choice>
   <choice><orig>oblie-<lb break="no"/>get</orig><reg>oblieget</reg></choice>
wegen das
   <lb/>Kindes.</note><label>33.</label> Nach der Geburth ſoll ſie (nebenſt inbruͤnſtiger
   <lb/>Danckſagung/ dergleichen Gebeth zu Ende befindlich iſt/ ſo
   <lb/>GOtt dem Allmaͤchtigen deßwegen gebuͤhret) Mutter und
   <lb/>Kind gebuͤhrlich in Acht nehmen/ und zwar das Kind <choice><orig>belan-<lb break="no"/>gender</orig><reg>belangender</reg></choice>/
   daſſelbe in warme Tuͤcher empfahen und behalten/
<pb n="28"/>
und ſo ſich etwa die Nabel-Schnure um des Kindleins Hals
   <lb/>gewickelt haͤtte/ ſolche geſchwinde abwickeln/ und ehe ſie den
   <lb/>Nabel abſchneidet/ durch genachſames anziehen unter ihrer
   <lb/>Handhuͤlffe verſuchen/ ob die Affter-Bürde auch ſo bald
   <lb/>nachfolgen wolte. Im Fall es aber je dem Kindlein zu lang
   <lb/>wuͤrde/ ſoll ſie die Nabel-Schnur vier quer Finger breit von
   <lb/>dem Leibe des Kindleins mit einer Nehenadel ſo einen <choice><orig>dop-<lb break="no"/>peln</orig><reg>doppeln</reg></choice>
   ſtarcken Faden hat/ durchſtechen/ nachmahls mit <choice><orig>dem-<lb break="no"/>ſelben</orig><reg>demſelben</reg></choice>
   feſt verbinden und dann abſchneiden/ wodurch <choice><orig>verhuͤ-<lb break="no"/>tet</orig><reg>verhuͤtet</reg></choice>
   wird/ daß es ſich nicht etwa mit groſſer Gefahr <choice><orig>verblu-<lb break="no"/>te</orig><reg>verblute</reg></choice>/
   auch wohl zuſehen/ ob es lebendig oder todt/ ob es fleckicht/
   <lb/>erblaſſet/ ſchwartz oder leiblicher Farbe ſey/ auch den Athem
   <lb/>ſchoͤpffen koͤnne oder nicht/ und ſo es erblaſſet oder <choice><orig>erſchwar-<lb break="no"/>tzet</orig><reg>erſchwartzet</reg></choice>/
   oder ſonſten ſchwach ſeyn würde/ ſoll ihm die Hebamme
   <lb/>Wein unter das Geſicht ſpruͤtzen/ auch deſſen etliche <choice><orig>Tropf-<lb break="no"/>fen</orig><reg>Tropffen</reg></choice>
in Mund geben/ mit einem Finger dem Kinde wohl tieff
   <lb/>in den Mund eingreiffen/ und den Schleim und andern <choice><orig>Un-<lb break="no"/>rath</orig><reg>Unrath</reg></choice>/
   welchen es in der Geburth geſchöpffet/ dadurch <choice><orig>abhelf-<lb break="no"/>fen</orig><reg>abhelffen</reg></choice>/
   das Haͤupt/ die Naſe mit ſtarckem Schlangwaſſer oder
   <lb/>Brantewin netzen/ Zimmet und Naͤgelein kauen/ und unter
   <lb/>das Geſicht hauchen/ ins Maul blaſen/ und alle Mittel <choice><orig>an-<lb break="no"/>wenden</orig><reg>anwenden</reg></choice>/
   daß es wieder zu recht komme/ und ermuntert <choice><orig>wer-<lb break="no"/>de</orig><reg>werde</reg></choice>/
   da auch die Gefahr groß/ ſolches unverzuͤglich/ ob es
   <lb/>ſchon noch nicht abgeloͤſet waͤre/ nothtauffen.</p></div>
 <div type="section" n="34"><p><note place="left margin">Ingleichen
   <lb/>bey der <choice><orig>Woͤch-<lb break="no"/>nerin</orig><reg>Woͤchnerin</reg></choice>.</note><label>34.</label> Unterdeſſen ſoll ſie die Woͤchnerin auch nicht <choice><orig>ver-<lb break="no"/>ſaͤumen</orig><reg>verſaͤumen</reg></choice>/
   ſondern vor allen Dingen/ weil die Mutter noch
   <lb/>offen und außgedehnet/ die Affter/ Buͤrde/ ſo ſie nicht bald
   <lb/>auff das Kind folget/ befördern/ mit der Nabel-Schnure <choice><orig>ge-<lb break="no"/>machſam</orig><reg>gemachſam</reg></choice>
anziehen/ und den rechten Weg weiſen/ nehmen/
<pb n="29"/>
empfahen/ und der Frauen von ſtatt helffen/ und ja zuſuchen/
   <lb/>daß unterdeſſen die kalte Lufft nicht zur Gebaͤhr-Mutter <choice><orig>ein-<lb break="no"/>dringe</orig><reg>eindringe</reg></choice>/
   dadurch viel Schwachheiten und boͤſe Zufaͤlle <choice><orig>erre-<lb break="no"/>get</orig><reg>erreget</reg></choice>
werden. Nach ſchwerer/ außgeſtandener Geburth ſoll
   <lb/>man die Woͤchnerin nicht alſobald einſchlaffen laſſen/ weil
   <lb/>manche darüber in Ohnmacht hinzuſterben pflegen.</p></div>
 <div type="section" n="35"><p><note place="right margin">Wenn die
   <lb/>Nachgeburth
   <lb/>nicht folgen
   <lb/>wil.</note><label>35.</label> Da aber die Nachgeburth nicht folgen wolte/ <choice><orig>ſol-<lb break="no"/>len</orig><reg>ſollen</reg></choice>
ſie die abgeloͤſte Nabel-Schnur ſo lange feſt halten oder
   <lb/>anbinden/ biß ſie von ihr kommen/ die Gebaͤhrende zu <choice><orig>ferne-<lb break="no"/>rer</orig><reg>fernerer</reg></choice>
Arbeit/ und daß ſie inſonderheit den Athem ſtarck an ſich
   <lb/>halte/ und bißweilen huſte/ vermahnen/ mit Meyenblumen-
   <lb/>Pulver/ Pfeffer/ oder anderen Nieſe-Pulver/ nieſend <choice><orig>ma-<lb break="no"/>chen</orig><reg>machen</reg></choice>/
   und die andern innerlich und aͤuſſerliche Mittel/ deren
   <lb/>zuvor/ die Geburth und Wehen zu fördern/ die Orthe glatt
   <lb/>zu machen/ erwehnet worden/ vorſichtiglich brauchen.</p></div>
 <div type="section" n="36"><p><note place="right margin">Wenn vor
   <lb/>derſelben <choice><orig>Ent-<lb break="no"/>ledigung</orig><reg>Entledigung</reg></choice>
ſich
   <lb/>die Gebaͤhr-
   <lb/>Mutter <choice><orig>ge-<lb break="no"/>ſchloſſen</orig><reg>geſchloſſen</reg></choice>
   haͤtte</note><label>36.</label> Da ſich aber die Gebaͤhr-Mutter nach de <choice><orig>Ge-<lb break="no"/>burth</orig><reg>Geburth</reg></choice>
eilend wieder geſchloſſen/ und zuruͤcke gezogen/ und die
   <lb/>Affter-Buͤrde verhindert/ ſoll ſie dieſelbe mit gelb Veyel-
   <lb/>Oehl oder andern Fettigkeit oder Altheæ ſalben/ mit ein <choice><orig>we-<lb break="no"/>nig</orig><reg>wenig</reg></choice>
Sprick-Oehl vermiſcht/ ſalben/ und mit ihren Haͤnden
   <lb/>wiederum zu eröffnen/ ſuchen/ und wenns hierauf noch nicht
   <lb/>fort wil/ von unten auff mit Eſels-Huf/ oder den Warzen
   <lb/>von den Pferde-Fuͤſſen klein gefeilet/ oder geſchnitten/ und
   <lb/>auff Kohlen geworffen/ beraͤuchern/ durch ein Drichterlein
   <lb/>den Rauch in der Frauen Leib laſſen/ biß die Affter-Buͤrde
   <lb/>folget und weg gehet. Solte es auch hierdurch noch nicht
   <lb/>geſchehen koͤnnen/ und die Affter-Buͤrde entweder gar/ oder
   <lb/>ein Theil bey ihr bliebe/ haͤtte man ſich bey den <foreign xml:lang="Latin" rend="antiqua">Medico</foreign> bey
   <lb/>Zeiten Rath zu erholen/ Es ſoll aber auch die Gebaͤhrende
<pb n="30"/>
darmit nicht uͤbereilet/ noch die Nach-Geburth mit Gewalt
   <lb/>angezogen werden/ damit die Gebaͤhr-Mutter ſelbſten nicht
   <lb/>mit herauß falle/ oder gezogen werde/ und da die Hebamme
   <lb/>innen wuͤrde/ daß die Gebaͤhr-Mutter dieſer oder andern
   <lb/>Urſachen wegen außtrete/ ſoll ſie ſolche alſobalden wiederum
   <lb/>zu rechte drucken/ und verwahren/ ingleichen wahrnehmen/
   <lb/>ob noch etwa eine Frucht oder Gewaͤchs vorhanden/ oder <choice><orig>ge-<lb break="no"/>lieffert</orig><reg>gelieffert</reg></choice>
geſtockt Gebluͤte ſich verhalten und verhaͤrtet/ dahero
   <lb/>offtermahls gröſſere Ungelegenheit/ als von der Geburth
   <lb/>ſelbſten/ zu entſtehen pfleget/ denſelben allen auch bey zeiten
   <lb/>begegnen/ und es herauß befördern.</p></div>
  <div type="section" n="37"><p><note place="left margin">Der <choice><orig>Woͤch-<lb break="no"/>nerin</orig><reg>Woͤchnerin</reg></choice>
Leib iſt
   <lb/>gebuͤhrlich zu
   <lb/>binden.</note><label>37.</label> Und wenn ſie alles verrichtet/ der Woͤchnerin Leib
   <lb/>gebührlich binden.</p></div>
<div type="section" n="38"><p><note place="left margin">Wenn nach
  <lb/>der Geburth
  <lb/>des Gebluͤths
  <lb/>zu viel/ und
  <lb/>dadurch die
  <lb/>Kraͤffte <choice><orig>ent-<lb break="no"/>gehen</orig><reg>entgehen</reg></choice>.</note><label>38.</label> Wenn auch nach der Geburth das Geblüt gar zu
  <lb/>ſtarck gienge/ dadurch die Kraͤffte weg fallen/ und groſſe <choice><orig>Ge-<lb break="no"/>fahr</orig><reg>Gefahr</reg></choice>
 entſtehen kan/ ſoll ſie die hierzu vorgemeldte ſichere
  <lb/>Mittel anwenden/ (ſo es die Noth erfordert) den <foreign xml:lang="Latin" rend="antiqua">Medicum</foreign>
  <lb/>unverlaͤngt zu <hi rend="antiqua">conſulir</hi>en anregen. Und weil nicht allein
  <lb/>der uͤbrige Blut-Fluß/ ſondern auch viel andere <choice><orig>Ungelegen-<lb break="no"/>heit</orig><reg>Ungelegenheit</reg></choice>
  offtermahls vom Brantewein/ und andern hitzigen <choice><orig>Ge-<lb break="no"/>traͤncken</orig><reg>Getraͤncken</reg></choice>/
  ſo den Woͤchnerin auß Unverſtand zu trincken <choice><orig>ge-<lb break="no"/>rathen</orig><reg>gerathen</reg></choice>
  wird/ entſtehet/ ſollen ſie ſolches zu trincken <choice><orig>wiederra-<lb break="no"/>then</orig><reg>wiederrathen</reg></choice>/
  und ernſtlich unterſagen.</p></div>
 <div type="section" n="39"><p><note place="left margin">Wenn ſich
   <lb/>das Gebluͤth
   <lb/>verſtellte/
   <lb/>auch die <choice><orig>ge-<lb break="no"/>buͤhrende</orig><reg>gebuͤhrende</reg></choice>
   <choice><orig>Rei-<lb break="no"/>nigung</orig><reg>Reinigung</reg></choice>
nicht
   <lb/>folgete.</note><label>39.</label> Solte aber das Geblüt gar zu wenig gehen/ und
   <lb/>die gebuͤhrende Reinigung nicht folgen/ ſoll ſie durch gelinde
   <lb/>Mittel/ als Lorbeer/ Muſcaten-Bluͤt/ Zittber/ Galgant/
   <lb/>Saffran/ Roßmarin/ in warmen Bier oder Wein <choice><orig>einge-<pb break="no" n="31"/>ben</orig><reg>eingeben</reg></choice>/
   den Fluß befoͤrdern/ purgirende und andere ſtaͤrckere
   <lb/>treibende Mittel aber/ ohne Rath und zulaſſen des <foreign xml:lang="Latin" rend="antiqua">Medic</foreign>i,
   <lb/>gar nicht gebrauchen.</p></div>
 <div type="section" n="40"><p><note place="right margin">Wie mit dem
   <lb/>neugebohrnen
   <lb/>Kinde <choice><orig>unzu-<lb break="no"/>gehen</orig><reg>unzugehen</reg></choice>.</note><label>40.</label> Ferner das Kind belangende/ ſoll ſolches in wohl
   <lb/>warmen Tuͤchern behalten werden/ und die Hebamme ihm
   <lb/>mit einem Finger unter das Zuͤnglein greiffen/ und da ſie
   <lb/>wahr nimt/ daß es ihm haffte/ das Aederlein/ weil es noch
   <lb/>weich und muͤrbe iſt/ abdrucken/ darnach das Kind von aller
   <lb/>Unſauberkeit reinigen und abwaſchen/ darbey aber fleißig <choice><orig>zu-<lb break="no"/>ſehen</orig><reg>zuſehen</reg></choice>/
   daß es ja in keinerley Weiſe erkalte/ auch das Bad
   <lb/>weder zu kalt noch zu heiß ſey/ welches darbey abzunehmen/
   <lb/>wann ſie einen Schwam im Badwaſſer genetzet/ geſchwind
   <lb/>auff ihr Auge druͤcket/ und wohl erleiden kan: Unter dem
   <lb/>baden ſoll ſie des Kindes Haͤuptlein mit der einen Hand <choice><orig>auf-<lb break="no"/>heben</orig><reg>aufheben</reg></choice>/
   mit der andern aber das Haͤupt zu rechter Form und
   <lb/>Ruͤnde mit Beſcheidenheit drucken/ die Aermlein/ Haͤnde/
   <lb/>Beine und Fuͤßlein recht/ wie ſie ſeyn ſollen/ richten/ hernach
   <lb/>mit warmen Tuͤchern wohl abtrucken/ und in warmen
   <lb/>Windein/ wie gewoͤhnlich/ einwickeln/ auch das Kind nur
   <lb/>zur Nothduͤrfftigen Reinigung/ nich aber ſo offt und viel/
   <lb/>wie bißhero durch boͤſe Gewohnheit geſchehen/ baden/ <choice><orig>da-<lb break="no"/>durch</orig><reg>dadurch</reg></choice>
   ihnen leichtlich allerley Ungelegenheit zugezogen <choice><orig>wer-<lb break="no"/>den</orig><reg>werden</reg></choice>
kan/ ſondern an ſtatt des Badens mit einem in warmen
   <lb/>Wein oder Waſſer eingenetzten Schwam oder Tuͤchlein
   <lb/>abwiſchen und ſaubern/ auch die Unreinigkeit deſto beſſer <choice><orig>ab-<lb break="no"/>zubringen</orig><reg>abzubringen</reg></choice>/
   und die Rauhigkeit der Haut zu mildern/ mit <choice><orig>fri-<lb break="no"/>ſeher</orig><reg>friſeher</reg></choice>
   ungeſaltzener Butter/ Mandel-Oehl/ oder anderer <choice><orig>be-<lb break="no"/>quemer</orig><reg>bequemer</reg></choice>
Fettigkeit ſchmieren.</p></div>
 <pb n="32"/>
<div type="section" n="41"><p><note place="left margin">Wenn etwa
  <lb/>das Kind ein
  <lb/>Mahl oder
  <lb/>andern <choice><orig>Man-<lb break="no"/>gel</orig><reg>Mangel</reg></choice>
  hat.</note><label>41.</label> Da ſie auch an dem Kinde/ daß das Afftergen <choice><orig>zu-<lb break="no"/>gewachſen</orig><reg>zugewachſen</reg></choice>
  oder verſchloſſen/ oder ſonſt ein heßlich Mahl/ <choice><orig>o-<lb break="no"/>der</orig><reg>oder</reg></choice>
 ander aͤuſſerlich mangelhafftig Glied vermerckte/ ſoll ſie
  <lb/>ſolches ſo balden/ (nicht zwar der Woͤchnerin/ welche <choice><orig>da-<lb break="no"/>durch</orig><reg>dadurch</reg></choice>
 leichtlich erſchrecket werden möchte/) ſondern dem
  <lb/>Kindes-Vater/ oder andern Beyſtehenden anzeigen/ und <choice><orig>be-<lb break="no"/>trachten</orig><reg>betrachten</reg></choice>/
  ob und wie ihm geſchwinde zu helffen/ die Feuer-
 <lb/>Maͤhler zwar und andere geringe Fleck-Maͤhler/ ſoll ſie mit
  <lb/>dem Geblüth auß der Nabel-Schnur bald beſtreichen/ und
  <lb/>ſolches taͤglich mit der Mutter Gebluͤth wiederholen. <choice><orig>We-<lb break="no"/>gen</orig><reg>Wegen</reg></choice>
 der andern Gebrechen aber/ welche ſie zu verbeſſern nicht
  <lb/>getrauet/ alßbald den nechſten <foreign xml:lang="Latin" rend="antiqua">Medicum</foreign> um Rath erſuchen
  <lb/>laſſen/ welches denn auch/ da ſie ſonſten an der Mutter oder
  <lb/>Kinde einige Kranckheit vermercken wuͤrde/ bald und <choice><orig>unver-<lb break="no"/>zuͤglich</orig><reg>unverzuͤglich</reg></choice>
  geſchehen ſolle/ und ſolches deſto mehr in Acht zu <choice><orig>neh-<lb break="no"/>men</orig><reg>nehmen</reg></choice>/
  ſoll ſie die Wöchnerin die ſechs Wochen uͤber/ fleißig/
  <lb/>und die erſten vierzehen Tage zum wenigſten uͤber den <choice><orig>an-<lb break="no"/>dern</orig><reg>andern</reg></choice>
  Tag/ oder öffter/ ſo es die Nothdurfft erfordert/ <choice><orig>beſu-<lb break="no"/>chen</orig><reg>beſuchen</reg></choice>/
  und wie ſich ſich uͤber dem Eſſen/ Trincken/ <choice><orig>Warmhal-<lb break="no"/>ten</orig><reg>Warmhalten</reg></choice>/
  Bewegungen/ und anderm zu verhalten/ fleißig <choice><orig>unter-<lb break="no"/>richten</orig><reg>unterrichten</reg></choice>/
  und anmachen.</p></div>
 <div type="section" n="42"><p><note place="left margin">Wenn die
   <lb/>Frucht in
   <lb/>Mutter Leibe
   <lb/>tod iſt.</note><label>42.</label> So auch etwa bey Schwangern oder <choice><orig>Kreyſen-<lb break="no"/>den</orig><reg>Kreyſenden</reg></choice>
   gewiſſe Zeichen vorhanden/ daß die Frucht tod/ die <choice><orig>Mut-<lb break="no"/>ter</orig><reg>Mutter</reg></choice>
aber zur Arbeit Krafftloß/ ſoll ſie mit Beſcheidenheit
   <lb/>Hand-Huͤlffe thun/ ſo viel ſie kan/ darneben die obgemeldte
   <lb/>ſtaͤrckende und andere zulaͤßige Artzney-Mittel fleißig <choice><orig>brau-<lb break="no"/>chen</orig><reg>brauchen</reg></choice>/
   die Brühe von geſottenen Lein-Saamen wohl warm
   <lb/>in die Geburth gieſſen/ und die warme Lein-Saͤcklein <choice><orig>auff-<pb break="no" n="33"/>legen</orig><reg>aufflegen</reg></choice>/
   auch/ ſo es von noͤthen/ den Rauch von Eſels-Huff zu
   <lb/>ihr gehen laſſen/ und die andern Mittel anwenden/ welche
   <lb/>die Wehen zu befördern/ und die Affter-Bürde fortzutreiben
   <lb/>geordnet worden; Da aber auff ſolche Arth nicht balde
   <lb/>Huͤlffe geſchehen koͤnte/ oder die Mutter gar Krafftloß und
   <lb/>ſchwach waͤre/ ſoll ſie bey dem <foreign xml:lang="Latin" rend="antiqua">Medico</foreign> ſich Rath erholen/ ob
   <lb/>durch ſtaͤrckere artzneyiſche Mittel die todte Frucht von der
   <lb/>Mutter ohne Schaden getrieben werden koͤnte/ oder <choice><orig>nieh-<lb break="no"/>rern</orig><reg>niehrern</reg></choice>
   Gewalt durch Hand-Huͤlffe und inſtrumenta von <choice><orig>noͤ-<lb break="no"/>then</orig><reg>noͤthen</reg></choice>/
   welche er denn auch anzuſtellen wiſſen wird. Wo <choice><orig>a-<lb break="no"/>ber</orig><reg>aber</reg></choice>
wegen des Verzugs Gefahr zu befürchten/ ſoll ſie ſich
   <lb/>alßdenn mit ihren Handgriffen alſo verhanden/ wie ſie von
   <lb/>den <foreign xml:lang="Latin" rend="antiqua">Medicis</foreign> abſonderlich deßwegen unterrichtet worden/ <choice><orig>de-<lb break="no"/>nen</orig><reg>denen</reg></choice>
ſie auch allezeit/ wenn ein ſolcher Fall geſchehen/ darvon
   <lb/>Bericht thun ſolle.</p>
<p><note place="right margin">Die Zeichen
  <lb/>der todten
  <lb/>Frucht.</note>Die Zeichen aber der todten Frucht ſeyn/ <num>(1.)</num> Wenn
  <lb/>eine Hand in warmen Waſſer gewaͤrmet/ und mit ſtarckem
  <lb/>Carfunckel- oder Zimmet-Waſſer/ oder Weiber <foreign xml:lang="Latin" rend="antiqua">Aqua vitæ</foreign>,
  <lb/>oder mit ſtarckem Brantewein wohl befeuchtet/ eine Weile
  <lb/>auff den Bauch gehalten/ etliche mahl wiederholet/ und gar
  <lb/>keine Bewegung empfunden wird. <num>(2.)</num> Wenn das Kind
  <lb/>in Mutter Leibe von einer Seiten zur andern wie ein Stein
  <lb/>faͤllet/ wenn ſich die Frau umkehret. <num>(3.)</num> Wenn die Frau
  <lb/>ſich des Schlaffens auch zwiſchen den Wehen nicht <choice><orig>erweh-<lb break="no"/>ren</orig><reg>erwehren</reg></choice>
 kan/ wie in einer Schlaff-Sucht/ oder wenn ſie gar nicht
  <lb/>ſchlaffen kan. <num>(4.)</num> Augen/ Mund und Naſen werden
  <lb/>kalt/ oder erblaſſen offt/ und werden Todten-Farb. <num>(5.)</num>
  <lb/>Faͤllt in Ohnmacht. <num>(6.)</num> Die Haut ſchauret offt. <num>(7.)</num>
  <lb/>Der Pulß ſchlaͤgt gar geſchwinde/ ob ſchon keine Hitze <choice><orig>aͤuſ-<pb break="no" n="34"/>ſerlich</orig><reg>aͤuſſerlich</reg></choice> 
  empfunden wird. So es aber uͤber einen Tag tod
  <lb/>geweſen/ wird uͤber vorige Zufaͤlle und Zeichen der Frauen
  <lb/>Leib und Nabel kalt/ die Augen fallen ein/ die Ohnmachten
  <lb/>mehren ſich/ hat Hitze/ und ein immerwaͤhrend Fieber/ und ſo
  <lb/>die Frucht anhebt zu faulen/ begint über ſolches der Frauen
  <lb/>Athem zu ſtincken/ und gehet auß der Mutter faule ſtinckende
  <lb/>Materi/ der Bauch laͤufft ſehr hoch auff von faulen <choice><orig>Win-<lb break="no"/>den</orig><reg>Winden</reg></choice>/
  und nehmen alle böſe Zufaͤlle je mehr und mehr uͤber
  <lb/>Hand.</p>
<p>Es kan aber die Hebamme ſich noch beſſer verſichern/
  <lb/>wenn ſie ihre Hand wohl mit Feiſt beſchmieret/ bey die <choice><orig>Mut-<lb break="no"/>ter</orig><reg>Mutter</reg></choice>
zu bringen ſuchet/ und mit ihren Fingern entweder an des
  <lb/>Kindes Haupt/ Hals oder andern Gliederlein/ oder der
  <lb/>Nabel-Schnur erfaͤhret/ ob ſie einige Bewegung des <choice><orig>Pul-<lb break="no"/>ſes</orig><reg>Pulſes</reg></choice>
oder Hertzens empfinden könne. Wenn dieſes auch
  <lb/>mangelt/ ſo kan ſie deſto verſicherter den Umſtehenden (doch
  <lb/>daß es die Gebaͤhrende nicht erfahre/) den Tod der Frucht
  <lb/>und gefaͤhrlichen Zuſtand der Mutter zu verſtehen geben/
  <lb/>und die Hand-Huͤlffe/ wie obgemeldt/ anwenden.</p></div>
 <div type="section" n="43"><p><note place="left margin">Wenn ein
   <lb/>Wunder- oder
   <lb/>Mißgeburth
   <lb/>vorhanden.</note><label>43.</label> Da etwan einer Hebammen eine Wunder- oder
   <lb/>Mißgeburth vorkaͤme/ ſoll ſie ſolches auch alſobalden der
   <lb/>Obrigkeit anmelden.</p></div>
 <div type="section" n="44"><p><note place="left margin">Wenn die
   <lb/>Hebammen
   <lb/>zu ledigen <choice><orig>o-<lb break="no"/>der</orig><reg>oder</reg></choice>
   <choice><orig>uneheli-<lb break="no"/>chen</orig><reg>unehelichen</reg></choice>
   <choice><orig>Perſo-<lb break="no"/>nen</orig><reg>Perſonen</reg></choice>
erfordert
   <lb/>werden.</note><label>44.</label> Wenn auch die Hebamme zu ledigen und <choice><orig>unehe-<lb break="no"/>lichen</orig><reg>unehelichen</reg></choice>
Perſonen beruffen wuͤrde/ ſoll ſie ſich/ dahin zu gehen/
   <lb/>nicht weigern/ ſondern ihres Beruffes Arbeit ebenfals <choice><orig>treu-<lb break="no"/>lich</orig><reg>treulich</reg></choice>
   verrichten/ darneben aber fleißig nachfragen/ und ſich <choice><orig>er-<lb break="no"/>kundigen</orig><reg>erkundigen</reg></choice>/
   wer des Kindes Vater ſey/ und ſolches alſobald
   <lb/>der Obrigkeit anzeigen/ wie ſie denn auch ſonſten auff <choice><orig>der-<pb break="no" n="35"/>gleichen</orig><reg>dergleichen</reg></choice> 
   Perſonen Kundſchafft legen/ und ſie durch <choice><orig>Ver-<lb break="no"/>mahnung</orig><reg>Vermahnung</reg></choice>/
   auch nach Gelegenheit ernſtlichen Bedrohungen/
   <lb/>dahin weiſen ſollen/ daß ſie der Frucht im Leibe verſchonen/
   <lb/>und ſolche nicht etwa bößlicher Weiſe verderben und <choice><orig>ver-<lb break="no"/>tilgen</orig><reg>vertilgen</reg></choice>.</p></div>
  <div type="section" n="45"><p><note place="right margin">Der <choice><orig>Hebam-<lb break="no"/>men</orig><reg>Hebammen</reg></choice>
    <choice><orig>Beloh-<lb break="no"/>nung</orig><reg>Belohnung</reg></choice>
und
    <lb/><choice><orig>Pflichts-Ab-<lb break="no"/>legung</orig><reg>Pflichts-Ablegung</reg></choice>
    <choice><orig>be-<lb break="no"/>treffend</orig><reg>betreffend</reg></choice>.</note><label>45.</label> Und demnach den Hebammen in den Staͤdten/
    <lb/>Flecken und Doͤrffern ihr Unterhalt und Belohnung <choice><orig>ge-<lb break="no"/>macht</orig><reg>gemacht</reg></choice>
worden/ ſollen ſie ſchuldig ſeyn/ den Armen umſonſt
   <lb/>auffzuwarten/ von den Vermoͤgenden aber nichts gewiſſes
   <lb/>zu fordern/ ſondern Ihrem freyen Willen heimzuſtellen/ was
   <lb/>ſie zur Danckbarkeit ihnen geben wollen. Wie auch ihrer
   <lb/>Pflicht uͤber alle und jede erwehnte/ und in die uͤbrigen in
   <lb/>Eingangs gemeldter Ordnung <abbr rend="antiqua">Cap.</abbr> <num>4.</num> enthaltene Puncten/
   <lb/>nach aͤuſſerſtem Vermoͤgen nachzukommen/
   <lb/>abzulegen.</p></div>
<gap n="Section of Bible extracts"/>
</body>
</text>
</TEI>