<?xml version="1.0" encoding="UTF-8"?>
<?xml-model href="http://www.tei-c.org/release/xml/tei/custom/schema/relaxng/tei_lite.rng" type="application/xml" schematypens="http://relaxng.org/ns/structure/1.0"?>
<?xml-model href="http://www.tei-c.org/release/xml/tei/custom/schema/relaxng/tei_lite.rng" type="application/xml"
	schematypens="http://purl.oclc.org/dsdl/schematron"?>
<TEI xmlns="http://www.tei-c.org/ns/1.0">
<teiHeader>
<fileDesc>
 <titleStmt>
<title>Die Chur-Brandenburgiſche
 <lb/>Hoff-Wehe-Mutter/
 <lb/>Das iſt:
 <lb/>Ein hoͤchſt-noͤthiger
 <lb/>Unterricht/
 <lb/>Von ſchweren und unrecht-ſtehenden
 <lb/>Geburten/
 <lb/>In einem Geſpraͤch vorgeſtellet/
 <lb/>Wie nehmlich/ durch Goͤttlichen Beyſtand eine
 <lb/>wohl-unterrichtete und geuͤbte
 <lb/>Wehe-Mutter/
 <lb/>Mit Verſtand und geſchickter Hand/ dergleichen verhuͤten/
 <lb/>oder wanns Noth iſt/ das Kind wenden koͤnne
 <lb/>Durch vieler Jahre Ubung/ ſelbſt erfahren und wahr befunden/
 <lb/>Nun aber/
 <lb/>GOtt zu Ehren und dem Nechſten zu Nutz/
 <lb/>Auch/ auf Gnaͤdigſt- und inſtaͤndiges Verlangen/ <choice><orig>Durch-<lb break="no"/>lauchtigſt</orig><reg>Durchlauchtigſt</reg></choice>-
 und vieler hohen Standes-Perſonen
 <lb/>Nebſt Vorrede/ Kupfer-Bildern/ und noͤthigem Regiſter
 <lb/>auf eigene Unkoſten zum Druck befoͤrdert/
 <lb/>Von
 <lb/>Juſtinen Siegemundin/ gebohrner Dittrichin/
 <lb/>von Ronnſtock aus Schleßien/ im Jauriſchen Fuͤrſtenth. gelegen.
 <lb/>Mit <abbr>Roͤm. Kaͤyſerl. Mayt.</abbr> auch <abbr>Chur-Saͤchſ.</abbr> und Chur-
 <lb/>Brandenburgiſchen/ <hi rend="antiqua">Special PRIFILEGIEN</hi>.
 <lb/><bibl>Coͤlln an der Spree/
<lb/>Gedruckt bey Ulrich Liebperten/ <abbr>Churfl. Brandenb. Hofbuchdr.</abbr> <date>1690.</date></bibl>
</title>
<author>Justina Siegemund</author>
 </titleStmt>
 <editionStmt>
<edition>Digital Facsimile from Herzog August Bibliothek Wolfenbüttel</edition>
<respStmt><resp>transliterator, TXT and XML encoder</resp>
 <name>Whitt, Richard J.</name></respStmt></editionStmt>
 <publicationStmt>
<p>Place of Publication: Neukölln</p>
<p>Year: <date>1690</date></p>
<p>Excerpt: Ch. VI-VII, p. 143 (pp. 110-143)</p>
 </publicationStmt>
 <sourceDesc>
<bibl>URL: http: http://diglib.hab.de/drucke/xb-8483/start.htm</bibl>
  <bibl>URL: http://www.deutschestextarchiv.de/book/show/siegemund_unterricht_1690 (DTA text version used as base, but reformatted and re-encoded for corpus)</bibl>
 </sourceDesc>
</fileDesc>
</teiHeader>
<text>
<body>
<pb n="110"/>
<div type="chapter" n="6"><head>Das <num rend="antiqua">VI.</num> Capitel.
 <lb/>Von der Nachgeburt/ ob dieſe dem Kinde
 <lb/>vorlieget und vorliegen kan? Ob ſie auch <choice><orig>angewach-<lb break="no"/>ſen</orig><reg>angewachſen</reg></choice>/
 oder ob man ſie allemal foͤrdern
 <lb/>koͤnne?</head>
 <sp who="Christina"><speaker rend="antiqua">Chriſt.</speaker> <p>Liebe Schweſter/ berichte mich doch/ was
<lb/>es fuͤr eine Beſchaffenheit mit der Nachgeburt habe/ und
<lb/>ob eine Frau auch davon Gefahr haben koͤnne?</p></sp>
 <sp who="Justina"><speaker rend="antiqua">Juſt.</speaker> <p>Es iſt eine ſchlimme und gefaͤhrliche Geburt/ vor
<lb/>Mutter und Kind noͤthig zu mercken/ nehmlich: wenn die <choice><orig>Nach-<pb break="no" n="111"/>geburt</orig><reg>Nachgeburt</reg></choice> 
mit dem dicken Stuͤck Fleiſch oder Schwamm (wie ich es
<lb/>nennen kan) vor dem Kinde in die Geburt kommt. Auß was
<lb/>Urſachen dieſes geſchiehet/ oder wie es zugehet/ weiß ich nicht/
<lb/>ob es vom Rucken oder Gleiten der Mutter herkommt/ oder ob
<lb/>es moͤglich iſt/ daß es das Kind rucken kan. Ich habe <choice><orig>unter-<lb break="no"/>ſchiedliche</orig><reg>unterſchiedliche</reg></choice>
dergleichen Geburten auch gehabt/ ſie ſind aber ſehr <choice><orig>ge-<lb break="no"/>faͤhrlich</orig><reg>gefaͤhrlich</reg></choice>
vor Mutter und Kind/ weil bey allen große <choice><orig>Bluter-<lb break="no"/>gießungen</orig><reg>Blutergießungen</reg></choice>
ſeyn. Zu etlichen bin ich geholet worden/ daß die <choice><orig>Kin-<lb break="no"/>der</orig><reg>Kinder</reg></choice>
durch dieſe Blutergießung ſchon todt geweſen/ und die <choice><orig>Frau-<lb break="no"/>en</orig><reg>Frauen</reg></choice>
 auch nicht viel uͤbriges mehr gehabt haben. Solcher Zuſtand
<lb/>wird ſelten vor Kreißen gehalten/ weil nicht ſonderliche Wehen
<lb/>bey ſeyn/ denn die Blutſtuͤrtzung ſchwaͤchet Mutter und Kind.
<lb/>So kan auch eine unerfahrne Wehe-Mutter nichts erreichen/ weil
<lb/>ſich die Nachgeburt eben ſo/ wie das ander Fleiſch oder die Schooß/
<lb/>laͤßt angreiffen. Sie meinet/ es ſey noch nicht Geburts-Zeit/
<lb/>weil ſie vom Kinde nichts fuͤhlen kan/ wenn gleich daſſelbe recht
<lb/>dahinter ſtehet. Denn der Schwamm kan nicht weichen/ und
<lb/>das Gebluͤte kan nicht nachlaſſen/ bis die Frau todt iſt. Ihnen
<lb/>iſt auch mit meinem Wiſſen anders nicht zu helffen/ alß daß
<lb/>ich mit einem ſubtielen Haͤklein oder Drath oder Haar-
 <lb/>Nadel das dicke Fleiſch an der Nachgeburt durchſtochen/
<lb/>daß ich mit den Fingern durchgekont. (Es muß aber wol
<lb/>in acht genommen werden/ daß mit dem Haͤklein oder der
<lb/>Nadel nicht das Kind erreichet werde/) So iſt das <choice><orig>Waſ-<lb break="no"/>ſer</orig><reg>Waſſer</reg></choice>
 gelauffen/ wie es pfleget zu lauffen/ wenn es ſpringet.
<lb/>So bald es Lufft bekommet/ folgen die Wehen/ und das
<lb/>Gebluͤte ſtillet ſich: Als dann habe ich mit den Fingern
<lb/>dem Schwamme gantz von ſammen geholffen/ darauf iſt
<lb/>eine gluͤckliche Geburt vor Mutter und Kind erfolget/ wenn
<lb/>ich ſie bey guten Kraͤfften gefunden.</p></sp>
 <sp who="Christina"><speaker rend="antiqua">Chriſt.</speaker> <p>Iſt denn allemahl die Nachgeburt Schuld
<lb/>daran/ wenn ſich das Gebluͤte bey kreiſtenden Frauen <choice><orig>ver-<pb break="no" n="112"/>laͤufft</orig><reg>verlaͤufft</reg></choice>:
Ofters laufet es etliche Tage/ oder etliche Stunden
<lb/>vor der Geburt/ ehe noch einige Wehen ſeyn/ was iſt denn
<lb/>die Schuld? Kan ihm auch durch Artzney Mittel <choice><orig>geholf-<lb break="no"/>fen</orig><reg>geholffen</reg></choice>
werden?</p></sp>
 <sp who="Justina"><speaker rend="antiqua">Juſt.</speaker> <p>Dieſe/ oder dergleichen Blut-Stuͤrtzung nahe vor-
<lb/>und unter der Geburt/ iſt einmahl beßer als das andere durch
<lb/>Artzney-Mittel zu ſtillen. Ich habe allhier bey einer <choice><orig>vorneh-<lb break="no"/>men</orig><reg>vornehmen</reg></choice>
Frauen ſolche Blutſtuͤrtzung gehabt/ da die Nachgeburt
<lb/>nicht vorgefallen war/ es war ihr erſtes Kind/ da ſie mit <choice><orig>ein-<lb break="no"/>kommen</orig><reg>einkommen</reg></choice>
ſollte/ ſo fand ſich das Gebluͤte haͤuffig/ ehe noch einige
<lb/>Wehen waren/ ja ſo hefftig/ daß dieſe Frau in drey oder vier
<lb/>Stunden mit dem Tode rang. Was aber die Urſache war/ daß
<lb/>ſich das Gebluͤte ſo ergoß/ weiß GOtt/ ich aber nicht. Des <choice><orig>Kin-<lb break="no"/>des</orig><reg>Kindes</reg></choice>
 Leben war nicht mehr zu fuͤhlen. Die Frau fieng an zu
<lb/><hi rend="antiqua">phantaſi</hi>ren; Haͤnde/ Fuͤße und der Kopff waren durch kalten
<lb/>Schweiß als ein Eiß/ daß alſo wenig oder keine Hoffnung des
<lb/>Lebens vor Mutter und Kind mehr uͤbrig war. Den Pulß
<lb/>konte man ſchweer und ofters lange nicht fuͤhlen. Es wolte <choice><orig>kei-<lb break="no"/>ne</orig><reg>keine</reg></choice>
Artzney mehr anſchlagen/ ſo daß/ wie vor geſagt/ vor <choice><orig>menſch-<lb break="no"/>lichen</orig><reg>menſchlichen</reg></choice>
Augen keine Hoffnung des Lebens uͤbrig. Dennoch
<lb/>ſchlug ich dieſes Mittel dem <abbr>Hn.</abbr> <hi rend="antiqua">Doctor</hi> vor: Ich wolte eine
<lb/>Haar-Nadel nehmen/ und das Netze/ welches des Kindes
<lb/>Waſſer beſchleußt/ durchſtechen/ in dem bey vorher <choice><orig>gehen-<lb break="no"/>der</orig><reg>gehender</reg></choice>
Geburt das Blut ſich bald pflegte zu ſtillen/ wenn ich
<lb/>die Nachgeburt durchſtochen haͤtte/ daß das Kinderwaſſer
<lb/>weg lieffe/ alsdann draͤngete ſich die Frucht zum Gebaͤhren
<lb/>an- und ein/ das Kind ſey tod oder lebendig. Die <abbr>Hn.</abbr> <foreign xml:lang="Latin" rend="antiqua">Doctores</foreign>
beſchloſſen/ ich ſolte das thun. So bald es geſchehen/ gieng das <choice><orig>ge-<lb break="no"/>woͤhnliche</orig><reg>gewoͤhnliche</reg></choice>
Kinder-Waſſer fort/ und das Kind/ weil es recht zur
<lb/>Geburt ſtand/ drang mit dem Kopffe ein/ und das Gebluͤte ließ
<lb/>nach/ drauf funden ſich etliche Wehen/ daß ich bald eine <choice><orig>gluͤck-<lb break="no"/>liche</orig><reg>gluͤckliche</reg></choice>
Geburt hoffete: Weil aber der Frauen Kraͤffte gantz weg
<pb n="113"/>
waren/ und das Kind/ wie leichte zu gedencken/ todt iſt/ bey <choice><orig>ei-<lb break="no"/>ner</orig><reg>einer</reg></choice>
 ſolchen gewaltſamen Blutſtuͤrtzung/ ſo hatten die Wehen
<lb/>keine Krafft mehr nachzufolgen/ und worden wieder ſtille/ die
<lb/>Frau aber lag etliche Stunden/ nachdem das Gebluͤte auch <choice><orig>ſtil-<lb break="no"/>le</orig><reg>ſtille</reg></choice>
 geblieben/ in einem tieffen/ doch faſt Ohnmaͤchtigen Schlaffe/
<lb/>bis gegen dem Tage/ alsdann erholte ſie ſich in etwas/ daß ſie
<lb/>ſich beſinnen koͤnnen. Es funden ſich auch abermals Wehen/
<lb/>in dem aber die Kraͤffte der Frauen ſchwach/ und das Kind groß
<lb/>und todt war/ die Frau auch zum erſtenmahle gebaͤhren ſolte/
<lb/>ſo war es unmoͤglich zu gebaͤhren/ wiewohl aller Fleiß und Huͤlffe
<lb/>von den <abbr>Hn.</abbr> <foreign xml:lang="Latin" rend="antiqua">Medicis</foreign> und mir angewendet worden/ durch <choice><orig>trei-<lb break="no"/>bend</orig><reg>treibend</reg></choice>-
und ſtaͤrckende Sachen. Dannenhero die <abbr>Hn.</abbr> <foreign xml:lang="Latin" rend="antiqua">Doctores</foreign>
<lb/>gut befunden/ ich ſolte dem todten Kinde einen Haaken in den
<lb/>Kopff anſetzen/ und auf alle Weiſe helffen und ziehen/ ſo gut ich
<lb/>koͤnte/ daß doch die Frau/ wo moͤglich/ gerettet wuͤrde. <choice><orig>Wel-<lb break="no"/>ches</orig><reg>Welches</reg></choice>
denn auch ohne Verletzung ihrer Geſundheit gluͤcklich <choice><orig>abge-<lb break="no"/>gangen</orig><reg>abgegangen</reg></choice>/
 wiewol ſie faſt ein halbes Jahr gelegen/ ehe ſie ſich <choice><orig>er-<lb break="no"/>holen</orig><reg>erholen</reg></choice>
koͤnnen/ iſt aber bis <foreign xml:lang="Latin" rend="antiqua">dato</foreign> (GOtt ſey Danck) friſch und <choice><orig>ge-<lb break="no"/>ſund</orig><reg>geſund</reg></choice>.
Iſt demnach nicht rathſam/ ſolche Huͤlffs-Mittel durch
<lb/><hi rend="antiqua">Inſtrument</hi>en allezeit und ſchlechter Dinge zu verwerffen/ wenn
<lb/>ſie nur zu gebuͤhrender Zeit/ beſcheidentlich/ behutſam/ wol und
<lb/>vorſichtig gebrauchet werden/ alsdann ſeegnet der liebe GOtt
<lb/>auch ſolche Arbeit und Huͤlffe. Darum iſt Wiſſenſchafft nicht
<lb/>zu verwerffen. Mir ſind viel ſchwere Geburten und Faͤlle/ <choice><orig>un-<lb break="no"/>ter</orig><reg>unter</reg></choice>
 Handen kommen/ bey denen armen Bauers-Leuten/ die
<lb/>mich um Gottes willen gebeten/ ihnen zu helffen/ worbey ich die
<lb/>erwehnte Angriffe verſuchet/ und weil ſie GOtt/ mit ſeiner <choice><orig>Gna-<lb break="no"/>de</orig><reg>Gnade</reg></choice>
 und Huͤlffe geſegnet/ habe ich ſie auch bey andern Frauen
<lb/>und gebaͤhrenden Faͤllen/ wie ſie angefuͤhret worden/ verſuchet/
<lb/>und gut befunden/ dafuͤr ich Goͤttlichem Segen und Beyſtand
<lb/>hertzlich dancke. Ich habe mit Fleiß keiner rechten natuͤrlichen
<lb/>Geburt gedencken wollen/ welche ohne dis bekant/ und hat man
 <pb n="114"/>
Urſache GOtt zu dancken/ daß ſolche ſchwere Faͤlle nicht gemein
<lb/>ſeyn. Ich habe wol dreyßig und mehr rechte Geburten gehabt/
<lb/>ehe dergleichen eine darunter geweſen iſt. So trifft es auch
<lb/>wol unter hunderten kaum einmahl/ daß es ſo zugehet. Daß
<lb/>ich aber ſo offte darzu kommen und geholet worden/ kommt <choice><orig>da-<lb break="no"/>her</orig><reg>daher</reg></choice>/
daß ich im Ruff geweſen/ ich koͤnte bey ſolchen Geburten
<lb/>helffen/ bin alſo offters auf etliche Meilweges dazu geholet <choice><orig>wor-<lb break="no"/>den</orig><reg>worden</reg></choice>/
wenn ich nur moͤglich zu bekommen geweſen/ dahero ich
<lb/>auch immer mehr/ bis ietzo/ bekant worden bin.</p></sp>
 <sp who="Christina"><speaker rend="antiqua">Chriſt.</speaker> <p>Wie kommt es aber/ daß bey manchen <choice><orig>Frau-<lb break="no"/>en</orig><reg>Frauen</reg></choice>/
die Nachgeburt nach dem Gebaͤhren/ ſo langſam fort
<lb/>wil/ bey mancher Frau auch gar nicht fort koͤmmt/ bis ſie
<lb/>todt daruͤber bleiben muß. Was iſt wol die Urſache?</p></sp>
 <sp who="Justina"><speaker rend="antiqua">Juſt.</speaker> <p>Hiervon wil ich dir gar gerne meine Wiſſenſchafft <lb/>zeigen/ weil ich gar vielmahl in
Lebens-Gefahr dazu geruffen <lb/>und geholet worden bin/ da ſie nach der Geburt zu ruͤck <choice>
<orig>geblie-<lb break="no"/>ben</orig>
<reg>geblieben</reg>
</choice> iſt. Ich habe viel Jahre keine andere Urſache als den <choice>
<orig>Vor-<lb break="no"/>fall</orig>
<reg>Vorfall</reg>
</choice> des Mutter-Mundes gefunden/ welchem mit zwey Fingern <lb/>bald zu helffen
geweſen. Es muß nur vorſichtig und <choice>
<orig>gelin-<lb break="no"/>de</orig>
<reg>gelinde</reg>
</choice> geſchehen/ nehmlich: Wenn die Nachgeburt/ nicht wie <lb/>gewoͤhnlich fort wil/
ſo laſſe ich den hangenden Bauch <lb/>wol in die Hoͤhe heben/ und gleiche halten/ und
faſſe die <lb/>Nabel-Schnure mit der lincken Hand/ daß ich mit zwey <lb/>Fingern an der
rechten Hand der Nabel-Schnure <choice>
<orig>nach-<lb break="no"/>folgen</orig>
<reg>nachfolgen</reg>
</choice> kan bis an den Mutter-Mund, Dann hebe ich ihn/ <lb/>wie zuvor bey der Geburt/
in die Hoͤhe auff/ ſo bekommt <lb/>die Nachgeburt Lufft/ und ſencket ſich. Es iſt
noͤthig die <lb/>Frau zu etwas Huſten zu vermahnen. Doch bey einer iſt <lb/>es
noͤthiger/ als bey der andern. Man fuͤhlet es bald an <lb/>der Nabelſchnure und
Nachgeburt/ wo es noͤthig oder <choice>
<orig>un-<lb break="no"/>noͤthig</orig>
<reg>unnoͤthig</reg>
</choice> iſt. Iſt es noͤthig und gut/ ſo ſencket ſich die <choice>
<orig>Nach-<lb break="no"/>geburt</orig>
<reg>Nachgeburt</reg>
</choice> und Nabelſchnure; Ziehet ſie ſich aber von ſolchem <pb n="115"/> Huſten
zuruͤcke/ ſo laß nicht Huſten/ ſonſten reißet die <choice>
<orig>Na-<lb break="no"/>belſchnure</orig>
<reg>Nabelſchnure</reg>
</choice> durch ſolch Erſchuͤttern ab/ und wird große <choice>
<orig>Ge-<lb break="no"/>fahr</orig>
<reg>Gefahr</reg>
</choice> dabey. Es iſt mit meinem Wiſſen kein beſſer Rath/ <lb/>als den Mutter-Mund
nicht ſincken laßen/ und die <choice>
<orig>Na-<lb break="no"/>belſchnure</orig>
<reg>Nabelſchnure</reg>
</choice> anhalten/ doch nicht zu ſcharff/ damit ſie nicht <lb/>abreiße. So iſt auch
gut/ etwas warmes auf den Leib zu <lb/>legen/ warmen Wein/ oder warm Bier fett gemacht; <choice>
<orig>A-<lb break="no"/>ber</orig>
<reg>Aber</reg>
</choice> es muß mit Fleiß ſo warm <hi rend="antiqua">continui</hi>ret werden/ denn
<lb/>die Waͤrme hilfft hier ſehr viel. Ich habe ſolches allemahl <lb/>bey meinem erſten
Anfange verſuchet/ und gut befunden. Jetzo <lb/>aber habe ichs lange nicht noͤthig
gehabt/ weil ich die Nachgeburt <lb/>ſelbſt ſuchen kan/ wenn es die Noth erfordert.
Dieſes aber weiß <lb/>ich dich nicht zu lehren/ wo es die Vernunfft dir nicht ſelber <choice>
<orig>ge-<lb break="no"/>ben</orig>
<reg>geben</reg>
</choice> wird/ weil es ſchwer iſt/ in dem weichen Leibe die <choice>
<orig>Nach-<lb break="no"/>geburt</orig>
<reg>Nachgeburt</reg>
</choice> zu erkennen. Jedoch fuͤhret dich die Nabelſchnure dazu/ <lb/>daß du es mit
gutem Bedacht wol finden koͤnteſt. Aber du <lb/>mußt ſehr vorſichtig damit verfahren/
daß du nicht Stuͤcke <lb/>macheſt. Es iſt bald geſchehen/ und folget große Gefahr. Denn
<lb/>eileſt du zu ſehr/ ſo iſt es nicht gut/ biſt du zu langſam/ ſo iſt es <lb/>eben
nicht gut. Darum mußt du dich des Mittels bey gutem <lb/>Nachdencken gebrauchen. Nach
vieler Ubung wirſt du viel <choice>
<orig>er-<lb break="no"/>fahren</orig>
<reg>erfahren</reg>
</choice>/ wie mir geſchehen/ daß ich dabey dem hoͤchſten GOtt zu <lb/>dancken Urſach
habe. Ich geſtehe gar gerne/ daß ich vor die <lb/>Nachgeburt/ um ſelbe zu foͤrdern/
groͤßern Kummer habe/ als <lb/>bey allen Wendungen der Kinder. Das Kind liege auch wie
<lb/>es wolle/ ſo iſt zu helffen geweſen/ ſo viel mir auch unter <choice>
<orig>Haͤn-<lb break="no"/>den</orig>
<reg>Haͤnden</reg>
</choice> kommen/ GOtt helffe weiter! Aber mit der Nachgeburt iſt <lb/>es mir zweymahl
ungluͤcklich ergangen/ wie folget: Ich hatte <lb/>bereits uͤber Sechs hundert Kinder
ausgebadet/ ehe mir ein <choice>
<orig>Exem-<lb break="no"/>pel</orig>
<reg>Exempel</reg>
</choice> unter die Haͤnde kom̃en war/ daß ich die Nachgeburt <choice>
<orig>angewach-<lb break="no"/>ſen</orig>
<reg>angewachſen</reg>
</choice> gefunden; So bin ich auch uͤber hundert mal/ uͤber meine <choice>
<orig>aus-<lb break="no"/>gebadete</orig>
<reg>ausgebadete</reg>
</choice> Kinder-Zahl/ zu ſolcher Gefahr zu Huͤlffe geholet worden/ <pb n="116"/> und
iſt mir keinmahl ungluͤcklich ergangen/ daß ich die Frau <lb/>nicht haͤtte retten
koͤnnen. Dabey ich auch ſo behertzt und <choice>
<orig>dreu-<lb break="no"/>ſte</orig>
<reg>dreuſte</reg>
</choice> worden/ daß ich nicht glauben koͤnnen/ daß eine Nachgeburt <lb/>zu finden/ die
ungewoͤhnlich angewachſen waͤre/ weil ich alle/ <lb/>zu dem ich geholet worden/ und
unter meine Haͤnde <choice>
<orig>be-<lb break="no"/>kommen</orig>
<reg>bekommen</reg>
</choice>/ nur mit dem Mutter-Munde verfallen gefunden; <choice>
<orig>ha-<lb break="no"/>be</orig>
<reg>habe</reg>
</choice> alſo trefflich darwider geſtritten/ wenn ich von angewachſenen
<lb/>Nachgeburten reden hoͤrete/ bis mich GOtt damit heimſuchte. <lb/>Es hat ſich
begeben in Liegnitz/ bey einer Brauerin/ mit ihrem <lb/>zwoͤlfften Kinde/ mit welchen
ſie gar eine leichte Geburt hatte/ <lb/>alſo/ daß ich kaum eine halbe Stunde bey ihr
war. Wie ich <choice>
<orig>a-<lb break="no"/>ber</orig>
<reg>aber</reg>
</choice> das Kind loͤſen ſolte/ ſo war die Nabelſchnur ſo kurtz/ daß <lb/>ich faſt
nicht wuſte zu loͤſen/ mußte doch endlich loͤſen/ ſo gut ich <lb/>konte. Wolte ich die
Nabelſchnure nicht laſſen in den Leib <choice>
<orig>fah-<lb break="no"/>ren</orig>
<reg>fahren</reg>
</choice>/ ſo mußte ich ein Band anbinden/ damit ich ſie nicht <choice>
<orig>ver-<lb break="no"/>loͤhre</orig>
<reg>verloͤhre</reg>
</choice>. Als ich nun das Kind weggegeben hatte/ wolte ich/ wie <lb/>gebraͤuchlich die
Nachgeburtfoͤrdern/ ließ der Frauen den Leib <choice>
<orig>he-<lb break="no"/>ben</orig>
<reg>heben</reg>
</choice>/ wie bereits gemeldet/ faſte die Nabelſchnure/ und ſuchte <lb/>den
Mutter-Mund/ vermahnete auch die Frau zu Huſten. Wie <lb/>ſich aber der Leib
erſchuͤtterte/ ſo zog ſich die Nabelſchnure mit <lb/>ſolcher Gewalt in den Leib/ daß ich
daruͤber hertzlich erſchrocken <lb/>bin/ und wuſte nicht/ was es zu bedeuten haͤtte.
Weil ich <lb/>aber gleichwol wegen des angebundenen Fadens/ die <choice>
<orig>Nabel-<lb break="no"/>ſchnure</orig>
<reg>Nabelſchnure</reg>
</choice> noch erhielte/ und mir bekant war/ die Nachgeburt ohne <lb/>allen Schaden zu
ſuchen/ ſo folgete ich auf der Nabelſchnure <lb/>der Nachgeburt nach/ und fand ſie oben
im Mutter-Grunde auf <lb/>eine ſolche Art angewachſen/ wie wenn ſich ein Stuͤck Gebluͤte
<lb/>an was hart angelieffert hat. Wann denn bey keiner <choice>
<orig>Nachge-<lb break="no"/>burt</orig>
<reg>Nachgeburt</reg>
</choice> ich niemahls ſolch einen Angriff gefunden/ bin ich noch <lb/>mehr als zu vor
erſchrocken/ ließ die Hand wieder ſincken/ mich <lb/>zu bedencken/ was hierbey zu thun
waͤre/ konte aber vor mich <lb/>alleine keinen Schluß faſſen/ in dem ich mich/ wenn ich
die <choice>
<orig>Nach-<pb break="no" n="117"/>geburt</orig>
<reg>Nachgeburt</reg>
</choice> foͤrdern ſolte/ es geſchaͤhe durch den Angriff oder durch <choice>
<orig>ſtar-<lb break="no"/>ckes</orig>
<reg>ſtarckes</reg>
</choice> Eingeben/ großer Blutſtuͤrtzung befuͤrchtete/ welches ich auff <lb/>meine
Verantwortung nicht thun wolte. Alſo ward der Herr <lb/>Stadt-<foreign xml:lang="Latin"
rend="antiqua">Phyſicus</foreign> zu Huͤlffe geruffen/ welcher vor rathſam befand/
<lb/>man ſolte nicht eilen/ geſchaͤhe es doch offters/ daß die <choice>
<orig>Nachge-<lb break="no"/>burt</orig>
<reg>Nachgeburt</reg>
</choice> etliche Tage zuruͤcke bliebe/ vielleicht loͤſete ſie ſich nach und <lb/>nach.
Wie wir aber in ſolcher Unterredung in der andern Stube <lb/>noch bey ſammen waren/
kommet ein Geſchrey/ die Frau <choice>
<orig>ſtuͤr-<lb break="no"/>be</orig>
<reg>ſtuͤrbe</reg>
</choice>. Wir eileten in der Sechswoͤchnerin ihre Stube/ und <lb/>fanden die Frau in
der ſchweren Noth liegen. Als ich ſie aber <lb/>zu reiben und zu kuͤhlen anfing/ ſo
erholte ſie ſich wieder/ und <lb/>wuſte nicht/ wie ihr geſchehen waͤre/ außer daß ſie
einen Wehen <lb/>gehabt/ darauf waͤre ihr gar wol worden. Wie ich aber zu ihr <lb/>ſehen
wolte/ ob der Wehen mit dieſer gewaltſamen Kranckheit <lb/>vielleicht die Nachgeburt
geloͤſet haͤtte/ fand ich ſie im Blute <choice>
<orig>lie-<lb break="no"/>gen</orig>
<reg>liegen</reg>
</choice> uͤbernatuͤrlich/ die Nabelſchnure aber war ſo kurtz/ und <lb/>unmoͤglich zu
gewinnen/ wie vorhin. Es waͤhrete nicht lange/ <lb/>ſo fand ſich wieder ein Wehen ſammt
einem ſtarcken <choice>
<orig>Bluter-<lb break="no"/>gießen</orig>
<reg>Blutergießen</reg>
</choice> und der ſchweren Noth. Der <abbr>Hr.</abbr>
<hi rend="antiqua">Doctor</hi> ſahe mit zu/ <lb/>und verſchrieb bald wider die
Blutſtuͤrtzung/ ſo viel ihm <choice>
<orig>moͤ-<lb break="no"/>glich</orig>
<reg>moͤglich</reg>
</choice> war. Es ließ ſich aber nicht halten/ bis ſie in der fuͤnfften <lb/>Stunde
verſchied. Dieſes war das erſte Ungluͤck/ welches ich <lb/>die gantze Zeit uͤber gehabt.
Hernach habe ich wieder mehr denn <lb/>Zweyhundert Kinder ausgebadet/ und dergleichen
Zufall nicht <lb/>erfahren. Dennoch war ich nicht hienuͤber/ ſo fuͤhrte mich GOtt
<lb/>zum andernmahl/ auch in Liegnitz/ eben mit der Nachgeburt bey <lb/>der Frau
Lorentzin/ gleichſam in die Schule. Aber auf eine ſolche <lb/>Weiſe: Die Nachgeburt
wolte nicht fort/ als ſuchte ich/ wie ich <lb/>gewohnet war/ fand aber nichts in der
Mutter/ als die bloße <lb/>Nabelſchnure ſammt dem Netze/ welches das Waſſer beſchleußt/
<lb/>beyderſeits gantz trocken in der Mutter angewachſen. Von dem <lb/>Leberkuchen/
welches das groͤßte an der Nachgeburt pfleget zu ſeyn/ <pb n="118"/> war nichts zu
fuͤhlen/ wobey ich mir denn keinen Rath auch keinen <lb/>Ausgang erdencken konte. Ließ
alſo den <abbr>Hn.</abbr>
<foreign xml:lang="Latin" rend="antiqua">Phyſicum</foreign> wieder zu <lb/>mir bitten/
welcher auch nicht wußte/ wie zu helffen. Es funden ſich <lb/>aber in der ſechſten
Stunde nach der Geneſung/ abwechßlungs weiſe <lb/>Mattigkeiten und Ubel ſeyn/ ſolches
hielt ſo lange an/ bis die <choice>
<orig>ſchwe-<lb break="no"/>re</orig>
<reg>ſchwere</reg>
</choice> Noth dazu kam. Auf das letzte ſtieß ihr das Blut in <choice>
<orig>waͤh-<lb break="no"/>render</orig>
<reg>waͤhrender</reg>
</choice> ſchwerer Kranckheit zum Halſe herauß/ bis ſie verſchied. <lb/>Bin alſo bis
dieſe Stunde dabey in Furcht gerathen/ wiewol <lb/>mich GOtt ſeit der Zeit vor
dergleichen Begebenheiten in <choice>
<orig>Gna-<lb break="no"/>den</orig>
<reg>Gnaden</reg>
</choice> behuͤtet hat/ und habe alſo ich/ und eine jede Wehe-Mutter <lb/>neben mir/
Urſache den lieben GOtt um Seegen und Goͤttlichen <lb/>Beyſtand zu bitten. Sonſten kan
ich wol mit gutem Gewiſſen <choice>
<orig>ſa-<lb break="no"/>gen</orig>
<reg>ſagen</reg>
</choice>/ daß mir kein Kind im Mutter-Leibe vorgekommen/ dem nicht <lb/>mit Wenden
haͤtte koͤnnen geholffen werden/ ſo daß zum <choice>
<orig>wenig-<lb break="no"/>ſten</orig>
<reg>wenigſten</reg>
</choice> die Mutter iſt vom Kinde entlediget und gerettet worden/ <lb/>dafuͤr ich auch
GOtt hertzlich dancke/ und ferner um Beyſtand/ <lb/>Schutz und Seegen bitte; Aber dieſer
Zuſtand wegen <choice>
<orig>Anwach-<lb break="no"/>ſung</orig>
<reg>Anwachſung</reg>
</choice> der Nachgeburt/ iſt mir ſchwerer und gefaͤhrlicher unter <lb/>Haͤnden kommen/
und unmoͤglich zu retten geweſen/ als bey <lb/>allen Geburten und Wendungen der Kinder.
GOtt behuͤte <lb/>mich und alle Menſchen vor dergleichen Gefahr. Ich muß doch <lb/>noch
einmahl der angewachſenen Nachgeburt gedencken/ indem <lb/>mir erſt neulich dergleichen
Zuſtand begegnet. Weil dann die <lb/>vorher erwehnte Frauen alle das Leben laſſen
muͤſſen/ bey <lb/>denen die Nachgeburt angewachſen geweſen/ ſo <hi rend="antiqua"
>reſolvir</hi>te <lb/>ich mich bey dieſer Gelegenheit die Abſchaͤlung zu verſuchen/
<lb/>ob es angehen koͤnte/ maſſen allem Anſehen nach/ dieſe Frau <lb/>doch ſterben
mußte. Faßete alſo die Nabelſchnure mit der <lb/>lincken Hand etwas ſcharff an/ doch ſo
ſcharff nicht/ daß <lb/>ich ſie abreißen konte/ ſondern ſo ſcharff daß ſich die <choice>
<orig>Nach-<lb break="no"/>geburt</orig>
<reg>Nachgeburt</reg>
</choice> bey der Nabelſchnur/ da ſie angewachſen iſt/ etwas <lb/>weniges in die Hoͤhe
ziehen ließ. Hierauff drang ich mit <pb n="119"/> dem gewoͤhnlichen Fingern in der
rechten Hand bey <lb/>der Nabelſchnure durch/ und ſchaͤlete ſo lang/ als der <lb/>Finger
langen konte/ zwiſchen der Nach-Geburt und <lb/>der Mutter rund umb/ ſachte loß. Hernach
nahm ich <lb/>den andern Finger zu Huͤlffe/ machte das Loch groͤßer/ <lb/>und ſchaͤlete
es durch und durch ab. Alſo ward dieſe Frau <lb/>gerettet. Sie lag aber lange kranck/
ehe ſie ſich wieder erholen <choice>
<orig>kon-<lb break="no"/>te</orig>
<reg>konte</reg>
</choice>. Was aber die Urſache war/ daß ſie ſo lange liegen mußte/ <lb/>weiß ich nicht.
Jedoch halte ich dafuͤr/ weil dieſe Abſchaͤlung <lb/>ſehr empfuͤndlich war/ und ſich
auch ſo gantz glatt nicht <choice>
<orig>loßſchaͤ-<lb break="no"/>len</orig>
<reg>loßſchaͤlen</reg>
</choice> ließ/ in dem viel Stuͤrtzel als Borſten ſtehen blieben/ welche <lb/>ſich aus
dem dicken Leber-Kuchen/ bey der Abſchaͤlung <choice>
<orig>auszo-<lb break="no"/>gen</orig>
<reg>auszogen</reg>
</choice>/ daß ſie alſo in der Mutter ſtecken blieben/ zwar nicht groß <lb/>oder lang/
ſondern kurtz und ſcharff/ wie ein zart Reib Eiſen <lb/>anzufuͤhlen. Als glaube ich wol/
daß dieſe zuruͤck-bleibende <lb/>Faͤſerlein/ eine Faͤulung machten/ daß dieſe Frau es
langſam <lb/>verwinden konte. Doch brachte ſie ihr Leben davon/ und war <lb/>hernach
friſch und geſund. Ob es ſich nun mehr ſo <hi rend="antiqua">practicir</hi>en
<lb/>moͤchte laßen/ ſtehet bey GOtt. Darum vermeine ich/ daß bey <lb/>dieſem Zuſtande
oder dergleichen Huͤlffe allezeit große Gefahr <lb/>iſt/ wenn es auch auf das beſte
gehet. Es ſchlaͤget auch leichtlich <lb/>keine Artzney an/ ſie kan auch nicht/ aus der
Urſache/ weil es <choice>
<orig>an-<lb break="no"/>gewachſen</orig>
<reg>angewachſen</reg>
</choice> iſt. Treibende Dinge loͤſen es nicht/ es folget eher <lb/>Blutſtuͤrtzung/ und
gehet doch nicht weg. Es kommt gar leichte <lb/>ohne alles Treiben/ Blutſtuͤrtzung/ und
laͤſſet ſich nicht ſtillen/ <lb/>bis die Frauen todt ſeyn/ welches ich mit meinen Augen
geſehen. <lb/>Derohalben iſt es auf alle Weiſe gefaͤhrlich/ bey dergleichen <choice>
<orig>Zu-<lb break="no"/>ſtande</orig>
<reg>Zuſtande</reg>
</choice>/ ſo viel mir davon iſt bekant worden.</p></sp>
<sp who="Christina"><speaker rend="antiqua">Chriſt.</speaker> <p>Sage mir doch/ wie es ſich mit den <choice><orig>Zwillin-<lb break="no"/>gen</orig><reg>Zwillingen</reg></choice>
 verhaͤlt/ ob ſie allezeit in einer Nachgeburt liegen/ oder/
<lb/>ob ein jedes Kind ſeine eigene Nachgeburt habe/ und wenn ſie
<lb/>in einer liegen/ ob auch das Waſſer zweymal ſpringet; wie
 <pb n="120"/>
verhaͤlt es ſich denn/ wenn ein jedes Kind in ſeiner eigenen
<lb/>Nachgeburt lieget/ gehet denn die erſte Nachgeburt des <choice><orig>er-<lb break="no"/>ſten</orig><reg>erſten</reg></choice>
Kindes bald dem Kinde nach/ oder bleibet ſie zu <choice><orig>ruͤ-<lb break="no"/>cke</orig><reg>ruͤcke</reg></choice>/
bis die Kinder beyde gebohren ſind/ iſt auch was dabey
<lb/>zu verſehen?</p></sp>
<sp who="Justina"><speaker rend="antiqua">Juſt.</speaker> <p>Es liegen zwar Zwillinge in einer Nachgeburt/
 <lb/>und haben nur ein Netze oder Haͤutchen zum Unterſcheid/ aber doch
 <lb/>ein jedes hat ſein eigen Waſſer/ weiln das Mittel-Haͤutchen des
 <lb/>andern Kindes Waſſer beſchließen hilfft. Wenn alſo das erſte
 <lb/>Kind gebohren iſt/ ſo folget die voͤllige Waſſerblaſe des andern
 <lb/>Kindes/ wie bey angehender Geburt des erſten Kindes/ und
<lb/> muß eben ſo ſpringen/ es ſey viel oder wenig Waſſer bey den <choice><orig>Kin-<lb break="no"/>dern</orig><reg>Kindern</reg></choice>.
Es geſchiehet zwar/ daß zwey Kinder in einem Waſſer
<lb/>und einer Nachgeburt beyſammen liegen/ und kein Netze <choice><orig>dar-<lb break="no"/>zwiſchen</orig><reg>darzwiſchen</reg></choice>
iſt/ aber ſehr ſelten/ da ich doch viel Zwillingen <choice><orig>geholf-<lb break="no"/>fen</orig><reg>geholffen</reg></choice>
habe/ alsdenn ſpringet das Waſſer nur einmahl/ und <choice><orig>fol-<lb break="no"/>gen</orig><reg>folgen</reg></choice>
 die Kinder bald eines dem andern nach. So liegen auch viel
<lb/>Zwillinge ein jedes in einer eigenen Nachgeburt/ dabey <choice><orig>ſprin-<lb break="no"/>get</orig><reg>ſpringet</reg></choice>
 das Waſſer auch zweymahl/ als wenn das erſte gebohren
 <lb/>worden/ ſo ſpaͤnnet ſich das andere Waſſer an/ wie das erſte/
<lb/>bis es ſpringet/ wenn es wol in acht genommen und recht <choice><orig>tra-<lb break="no"/>ctiret</orig><reg>tractiret</reg></choice>
 wird;</p></sp>
 <sp who="Christina"><speaker rend="antiqua">Chriſt.</speaker> <p>Du ſprichſt/ daß die andere Waſſerblaſe bald
<lb/>dem erſten Kinde nachfolget/ wenn das Kind gebohren
<lb/>worden/ und recht <hi rend="antiqua">tractir</hi>et und in acht genommen wird?
 <lb/>Wie ſol ich denn das rechte <hi rend="antiqua">tractir</hi>en und wol in acht <choice><orig>neh-<lb break="no"/>men</orig><reg>nehmen</reg></choice>
 verſtehen? Erklaͤre mir es doch/ worinnen es <choice><orig>be-<lb break="no"/>ſtehet</orig><reg>beſtehet</reg></choice>?</p></sp>
<sp who="Justina"><speaker rend="antiqua">Juſt.</speaker> <p>Das rechte <hi rend="antiqua">tractir</hi>en beſtehet in einem vernuͤnfftigen
 <lb/>und gruͤndlichen Angriffe/ der wird dir zeigen/ ob noch ein Kind
<lb/>verhanden iſt oder nicht/ und wie es lieget. Der aͤußerliche <choice><orig>An-<lb break="no"/>griff</orig><reg>Angriff</reg></choice>
zeiget dir zwar auch/ ob noch ein Kind vorhanden iſt/ aber
<pb n="121"/>
 nicht/ wie es lieget/ welches doch das noͤthigſte zuwiſſen iſt/ ſoll
<lb/>es recht <hi rend="antiqua">tractir</hi>et werden. Denn ehe du die Nachgeburt des <choice><orig>er-<lb break="no"/>ſten</orig><reg>erſten</reg></choice>
 Kindes foͤrderſt/ mußt du wiſſen/ wie das andere lieget/
 <lb/>denn durch die Foͤrderung der Nachgeburt kanſt du das andere
<lb/>Kind verwenden/ wenn es gleich recht und gut zur Geburt <choice><orig>ge-<lb break="no"/>wendet</orig><reg>gewendet</reg></choice>
 ſtuͤnde. Offters iſt die Nabelſchnure ſehr lang an der
<lb/>Nachgeburt/ als bleibet die Nachgeburt zu ruͤcke/ weil die <choice><orig>lan-<lb break="no"/>ge</orig><reg>lange</reg></choice>
Nabelſchnure bey dem Gebaͤhren/ die Nachgeburt nicht <choice><orig>zie-<lb break="no"/>hen</orig><reg>ziehen</reg></choice>
 kan/ daß ſie dem Kinde bald nachfolgen muß/ wie es offters
 <lb/>geſchiehet; Bleibet alſo die Nachgeburt zu ruͤcke/ aus Urſachen
 <lb/>der langen Nabelſchnure. Alsdenn dringet das andere Kind
 <lb/>ſich bald dem erſt-gebohrnen nach/ und folget bald eine gluͤckliche
<lb/>Geburt/ ſo es recht zur Geburt ſtehet. Wenn aber die <choice><orig>Nabel-<lb break="no"/>ſchnure</orig><reg>Nabelſchnure</reg></choice>
 kurtz iſt/ wie ſchon gemeldet/ ſo zeucht ſich die Nachgeburt
 <lb/>bald dem erſt-gebohrnen Kinde nach/ bey den Kindes-Wehen/
<lb/>als muß ſolche nahe liegende/ und dem andern Kinde <choice><orig>vorliegen-<lb break="no"/>de</orig><reg>vorliegende</reg></choice>
Nachgeburt bald zuvor gefoͤrdert werden/ ſonſten kan das <choice><orig>an-<lb break="no"/>dere</orig><reg>andere</reg></choice>
Kind nicht gebohren werden/ ehe die Nachgeburt weg <choice><orig>kom-<lb break="no"/>met</orig><reg>kommet</reg></choice>.
Dieſes weiſet dir ein vernuͤnfftiger Angriff/ ob die <choice><orig>Nach-<lb break="no"/>geburt</orig><reg>Nachgeburt</reg></choice>
 dem andern Kinde zuvor lieget/ oder ob das Kind der
<lb/>Nachgeburt zuvor lieget. Doch kan dich der Angriff bey <choice><orig>ſol-<lb break="no"/>chem</orig><reg>ſolchem</reg></choice>
Zuſtande irrig machen. Denn wenn die Kinder in <choice><orig>ei-<lb break="no"/>ner</orig><reg>einer</reg></choice>
 Nachgeburt liegen/ ſo iſt der Leber-Kuchen gerne ſehr
 <lb/>groß/ und reichet bis an den innern Mutter-Mund/ daß
 <lb/>du ihn bald beym Angriffe erreichen kanſt/ wenn das erſte Kind
 <lb/>gebobren iſt. Dabey kanſt du dich betriegen/ wenn du meineſt/
 <lb/>daß ſie eine abſonderliche Nachgeburt ſey/ weil ſie dem andern
 <lb/>Kinde ſcheinet vorzuliegen. Faſſe aber die Frau mit gutem
 <lb/>Bedacht an/ ſo wirſt du befinden/ daß ſie ſeit werts gegen
 <lb/>dem Maſtdarm lieget/ und oben gegen der Frauen Blaſe/
<lb/>das andere Kind gar leichte zu erreichen iſt. Bey <choice><orig>derglei-<lb break="no"/>chen</orig><reg>dergleichen</reg></choice>
 Zuſtande mußt du dich wol in acht nehmen. Denn
 <pb n="122"/>
wenn du die Nachgeburt mit der Nabelſchnur/ wie <choice><orig>gebraͤuch-<lb break="no"/>lich</orig><reg>gebraͤuchlich</reg></choice>/
etwas anzeuchſt/ ſo verruͤckeſt du das andere Kind/ wenn
 <lb/>es gleich recht ſtuͤnde/ und ſackt ſich die Nachgeburt vor/ daß ſich
 <lb/>die Geburt zwey bis mehr Tage verziehen kan; Denn das
<lb/>Kind kan nicht eher zur Geburt kommen/ weder recht noch <choice><orig>un-<lb break="no"/>recht</orig><reg>unrecht</reg></choice>/
bis es durch ſtarcke Bewegung die Nachgeburt wieder
 <lb/>nach ſich zeucht/ oder gegen der Seiten/ alsdann giebet es ſich in
<lb/>die Geburt/ und folget die Geburt/ wie das Kind lieget. <choice><orig>Die-<lb break="no"/>ſes</orig><reg>Dieſes</reg></choice>
langwierige und gefaͤhrliche Kreiſten kanſt du die <choice><orig>er-<lb break="no"/>ſte</orig><reg>erſte</reg></choice>
Stunde verhuͤten/ wenn du/ wie zuvor geſagt/ mit
 <lb/>dem Angriffe/ das Kind uͤber der Frauen Blaſe findeſt/
 <lb/>und demſelben anhilffſt/ ſo folget die Geburt balde/ ſo gut
 <lb/>als das Kind ſtehet. Stehet es aber nicht recht ſo mußt
 <lb/>du ihm zu rechte helffen/ ſo gut es ſeynkan. Dergleichen
 <lb/>Gefahr wuͤrdeſt du machen/ wenn zwey Nachgeburten
 <lb/>waͤren/ wie ſchon gemeldet/ da die Nabelſchnur ſehr lang
 <lb/>waͤre/ daß ſich beym Gebaͤhren dieſe erſte Nachgeburt nicht
<lb/>bald dem Kinde nachgiebet oder folget/ ſo folget das <choice><orig>an-<lb break="no"/>dere</orig><reg>andere</reg></choice>
Kind dem erſten ſtracks nach/ und muß alſo die erſte
 <lb/>Nachgeburt ſo lange zu ruͤck bleiben/ bis das andere Kind
<lb/>auch gebohren iſt. So nun einer Wehe-Mutter <choice><orig>die-<lb break="no"/>ſes</orig><reg>dieſes</reg></choice>
nicht bewuſt/ und wil die erſte Nachgeburt haben/
 <lb/>oder wie gebraͤuchlich foͤrdern/ ſo reißet ſie entweder die
<lb/>Nabelſchnure von der Nachgeburt ab/ oder iſt die <choice><orig>Nabel-<lb break="no"/>ſchnure</orig><reg>Nabelſchnure</reg></choice>
ſo ſtarck/ daß die Nachgeburt folgen muß/ ſo kan ſie
<lb/>gar leichte das recht-ſtehende Kind verruͤcken/ daß <choice><orig>her-<lb break="no"/>nach</orig><reg>hernach</reg></choice>
unrechte Geburt folget. Derohalben mußt du bald/
<lb/>nach dem erſt-gebohrnen Kinde/ dich des andern auch <choice><orig>er-<lb break="no"/>kundigen</orig><reg>erkundigen</reg></choice>/
ehe du die Nachgeburt foͤrdern wilſt/ ſo wirſt
 <lb/>du nicht irren. Und alſo mußt du thun/ wenn auch noch
<lb/>mehr Kinder verhanden waͤren. Ich habe bey drey <choice><orig>Kin-<lb break="no"/>dern</orig><reg>Kindern</reg></choice>/
zwey auch drey Nachgeburten gefunden/ ſo/ daß zwey <choice><orig>Kin-<pb break="no" n="123"/>der</orig><reg>Kinder</reg></choice> 
in einer Nachgeburt gelegen/ und nur ein Netze/ wie <choice><orig>gebraͤuch-<lb break="no"/>lich</orig><reg>gebraͤuchlich</reg></choice>/
darzwiſchen geweſen/ und das dritte Kind in einer <choice><orig>abſon-<lb break="no"/>derlichen</orig><reg>abſonderlichen</reg></choice>
 Nachgeburt alleine. Es geſchiehet auch/ daß ein jedes
 <lb/>Kind ſeine eigene Nachgeburt hat/ als mußt du dich/ wie ſchon
 <lb/>gemeldet/ die Nachgeburt zu foͤrdern wol in acht nehmen/ weil
<lb/>viel Gefahr dabey folgen kan. Wo du des Angriffes nicht <choice><orig>ge-<lb break="no"/>wiß</orig><reg>gewiß</reg></choice>
 biſt/ ſo mußt du es gehen laſſen/ wie es gehet; Aber wenn
 <lb/>du Grund und rechten Verſtand des Angriffes haſt/ ſo kanſt du
 <lb/>alle vorerwehnre Gefahr verhuͤten.</p></sp>
<sp who="Christina"><speaker rend="antiqua">Chriſt.</speaker> <p>Es iſt zu verwundern/ wie ſo viel <choice><orig>unwiſſen-<lb break="no"/>de</orig><reg>unwiſſende</reg></choice>
Wehe-Muͤtter/ unter ſo vielen Gefahren koͤnnen zu <choice><orig>rech-<lb break="no"/>te</orig><reg>rechte</reg></choice>
kommen/ daß nicht mehr ungluͤckliche Geburten zu <choice><orig>hoͤ-<lb break="no"/>ren</orig><reg>hoͤren</reg></choice>
ſeyn/ wenn ich alle dieſe deine erklaͤrete und <choice><orig>beſchriebe-<lb break="no"/>ne</orig><reg>beſchriebene</reg></choice>
 Zufaͤlle und uͤbele Geburten recht betrachte/ ſo ſolte ich
<lb/>dencken/ daß keine Geburt ohne einen oder den andern <choice><orig>Zu-<lb break="no"/>fall</orig><reg>Zufall</reg></choice>
 unter ſo mancherley Gefahr geſchehen koͤnte. Ich
<lb/>duͤrffte bald in die Gedancken derer gerathen/ die uͤber dich
<lb/>ſagen: Die <hi rend="antiqua">Juſtina</hi> hat ein gutes Maul/ die kan den <choice><orig>Leu-<lb break="no"/>ten</orig><reg>Leuten</reg></choice>
wol was weiß machen. Ich ſage es dir nur zur <choice><orig>Nach-<lb break="no"/>richt</orig><reg>Nachricht</reg></choice>/
und hoffe nicht/ daß du es uͤbel aufnehmen werdeſt.
<lb/>Ja ſie ſagen wol noch mehr/ und wil dich nur damit nicht
<lb/>kraͤncken. Weil du (GOtt lob) in deinem Beruff <choice><orig>mehren-<lb break="no"/>theils</orig><reg>mehrentheils</reg></choice>
 gluͤcklich biſt; ſo kan ich leichte glauben/ daß es aus
<lb/>Neid geſchicht von mißguͤnſtigen Leuten/ die dir nicht wol
<lb/>wollen. Aber es heißet: Fuͤrchte GOtt/ thue Recht und
<lb/>ſcheue memand,</p></sp>
 <sp who="Justina"><speaker rend="antiqua">Juſt.</speaker> <p>Mein Vorſatz iſt nicht/ dir die guten und rechten
<lb/>Geburten zu zeigen/ denn dieſe zeigen ſich (GOtt ſey ewig Danck)
<lb/>taͤglich von ſich ſelber ohne alle Huͤlffe oder Wiſſenſchafft der
 <lb/>Wehe-Muͤtter. Wenn das auch nicht waͤre/ ſo wuͤrden <choice><orig>frey-<lb break="no"/>lich</orig><reg>freylich</reg></choice>
 ſo viel unwiſſende Wehe-Muͤtter nicht koͤnnen zu rechte <choice><orig>kom-<lb break="no"/>men</orig><reg>kommen</reg></choice>/
 und wuͤrden wenig Frauen ihr Leben und Geſundheit <choice><orig>be-<pb break="no" n="124"/>halten</orig><reg>behalten</reg></choice>.
 Es iſt GOtt hoͤchlich zu dancken/ daß faſt taͤglich und
<lb/>allgemein die Geburten gluͤcklich gehen. Hierbey koͤnnen wir
<lb/>GOttes Gnade recht erkennen/ und ihm nicht gnungſam dafuͤr
<lb/>dancken. Weil es aber auch geſchiehet/ daß GOtt offters auch
<lb/>ungluͤckliche Geburten uͤber die Frauen kommen laͤßt/ und doch
<lb/>Huͤlffe dazu geben kan; So hat er natuͤrliche oder ordentliche
<lb/>Mittel dazu geordnet. Demnach habe ich dir mit Fleiße ſolche
<lb/>unrechte Geburten zur Lehre zeigen wollen/ in dem dieſelben
<lb/>ſonderlich der Lehre und Huͤlffe hoͤchſt benoͤthigt ſind/ dafuͤr wir
<lb/>auch dem lieben GOtt Urſache zu dancken haben. Und heiſſet
<lb/>es recht bey der Geburt der Menſchen: Groß ſind die Wercke
<lb/>des HErrn/ wer ihr achtet/ hat eitel Luſt daran. Ja der liebe
<lb/>GOtt iſt ſo guͤtig und gnaͤdig/ und zeiget und giebet uns noch
<lb/>Mittel und Wege zu helffen/ wenn er uns eine Zuͤchtigung und
 <lb/>Laſt aufleget. Denn wenn die Geburten allezeit gleiche gut <choice><orig>gien-<lb break="no"/>gen</orig><reg>giengen</reg></choice>/
 wuͤrden die Menſchen dencken/ ſie haͤtten es von ſich ſelber/
<lb/>und wuͤrden dergleichen groſſe Allmacht und Gnade GOttes nicht
<lb/>erkennen. Wie es denn auch offters geſchiehet/ welche Frauen
<lb/>gluͤckliche Geburten haben/ daß ſie es ihrer Vorſorge und Huͤlffe
<lb/>zuſchreiben/ und ſagen wol gar: Ich halte mich ſo und ſo/ ja ich
<lb/>helffe mir gut/ wenn es zur Geburt kommet/ habe ich keine Noth
 <lb/>zu gebaͤhren/ es ſind nur ſolche Zaͤrtlinge/ die ſich fuͤr der <choice><orig>Ar-<lb break="no"/>beit</orig><reg>Arbeit</reg></choice>
fuͤrchten. Ich habe eine Frau gekennet/ die acht Kinder
 <lb/>gantz gluͤcklich gebohren/ welcher Sprichwort war: Wie <choice><orig>wun-<lb break="no"/>derlichen</orig><reg>wunderlichen</reg></choice>
ſtellen ſich denn die Weiber bey der Geburt an/ ich wolte
 <lb/>eine Heller- oder Pfennig Semmel nehmen/ und ein Kind <choice><orig>gebaͤh-<lb break="no"/>ren</orig><reg>gebaͤhren</reg></choice>.
 Aber der liebe GOtt ließ ſie mit dem neunten Kinde fuͤnff
<lb/>Tage in Noͤthen liegen/ und weil damahln keine Huͤlffe/ um das
<lb/>Kind zu wenden/ zu bekommen/ ſintemahl ich verreiſet
<lb/>war/ hat ſie endlich ſammt dem Kinde ſterben muͤſſen. Dieſes
<lb/>moͤgen alle freche Welt-Kinder bedencken/ und ſich an Gottes
 <lb/>Gnade nicht vergreiffen; denn es heißet nicht ohn Urſache: <choice><orig>Ir-<pb break="no" n="125"/>ret</orig><reg>Irret</reg></choice> 
 euch nicht/ GOtt laͤßt ſich nicht ſpotten. Eben ſo gedencke ich <choice><orig>uͤ-<lb break="no"/>ber</orig><reg>uͤber</reg></choice>
 dieſe Leute/ welche ſo uͤbel und unwiſſend von mir reden/ ſie
<lb/>werden es ſchwer verantworten muͤſſen. Ich hoffe/ es werde
<lb/>niemand was unbilliches in meiner gegebenen Lehre finden/ die
 <lb/>ich aus gutem Gemuͤthe allen Menſchen zum Beſten/ aus <choice><orig>taͤg-<lb break="no"/>licher</orig><reg>taͤglicher</reg></choice>
 Ubung und moͤglichſtem Fleiße angemercket/ und auf <choice><orig>Ver-<lb break="no"/>langen</orig><reg>Verlangen</reg></choice>
 vieler gottſeligen Kreiſterinnen/ endlich in den Druck <choice><orig>ge-<lb break="no"/>hen</orig><reg>gehen</reg></choice>
 laſſen. Der hoͤchſte GOtt ſegne das Werck/ und laße es
<lb/>zu ſeinen Ehren und dem Nechſten zum Beſten ausſchlagen/ ſo
<lb/>werden ſie mich wieder alle Verlaͤumder vertheidigen/ die
<lb/>unchriſtliche und unverantwortliche Meinungen von mir haben/
 <lb/>als waͤre meine Huͤlffe unnatuͤrlich/ und alſo teufeliſch. Ich <choice><orig>hof-<lb break="no"/>fe</orig><reg>hoffe</reg></choice>
 aber nicht/ daß was unnatuͤrliches oder unchriſtliches in meiner
<lb/>vielen und ſchweren Arbeit wird zu finden und daraus zu ſchließen
<lb/>ſeyn Jedoch muß ich gedencken andas Sprichwort: Beſſer Neider/
<lb/>als Mitleider GOtt bekehre alle Suͤnder/ foͤrdere die Gerechten/
 <lb/>und ſey uns allen gnaͤdig! Daß aber alle Wehe-Muͤtter <choice><orig>meh-<lb break="no"/>rentheils</orig><reg>mehrentheils</reg></choice>
 zu rechte kommen und kommen koͤnnen/ folget nicht aus
<lb/>ihrer Wiſſenſchafft/ ſondern aus GOttes Gnade. Weil Er der
 <lb/>Schoͤpffer und Erhalter des menſchlichen Geſchlechts iſt; ſo <choice><orig>re-<lb break="no"/>gieret</orig><reg>regieret</reg></choice>
 Er die Geburt ohne alle Vernunfft der Menſchen. <choice><orig>Die-<lb break="no"/>weil</orig><reg>Dieweil</reg></choice>
 aber der liebe GOtt auch den Menſchen die Vernunfft <choice><orig>ge-<lb break="no"/>geben</orig><reg>gegeben</reg></choice>/
 und einem jeden ſein Ambt und Beruff aufgeleget/ <choice><orig>ei-<lb break="no"/>nem</orig><reg>einem</reg></choice>
 dis/ dem andern ein anders; So ſoll der Menſch auch
<lb/>ſeinen Beruff wol in acht nehmen/ wil er Chriſtlich leben und
 <lb/>ſelig ſterben/ und ſonderlich die Wehe-Muͤtter/ in dem dieſe <choice><orig>Ar-<lb break="no"/>beit</orig><reg>Arbeit</reg></choice>
 der Frauen und der Kinder Leib und Leben/ ſo wol auch
<lb/>der Frauen Geſundheit anlanget. Darum iſt zu beklagen/ daß
<lb/>wenig Wehe-Muͤtter ſeyn/ die es bedencken/ und mehr nicht
<lb/>wiſſen/ auch mehr nicht wiſſen wollen/ als ein Kind zu nehmen/
 <lb/>wenn es ihnen in die Haͤnde faͤllet/ und zu loͤſen. Um weiter <choice><orig>be-<lb break="no"/>kuͤmmern</orig><reg>bekuͤmmern</reg></choice>
 ſie ſich auch nicht/ ſtreiten auch wol auf das hefftigſte/
 <pb n="126"/>
daß keine Wehe-Mutter mehr dabey thun koͤnne/ weil es ihnen
 <lb/>verborgen iſt. Eben dieſer unbilliche Streit und die viele <choice><orig>Ge-<lb break="no"/>fahr</orig><reg>Gefahr</reg></choice>/
 welcher eine kreiſtende Frau mit ihrem Kinde unter der
<lb/>Geburts-Stunde unterworffen iſt/ hat mich bewogen/ meine/
<lb/>durch viele Muͤh und Ubung zuſammen gebrachte/ und durch
<lb/>Gottes Gnade verliehene Anmerckungen/ allen Menſchen zur
<lb/>Nachricht und zu ihrem Beſten zu zeigen. Es iſt wol war/ daß der
 <lb/>liebe GOtt taͤglich ohne aller Menſchen Vernunfft hilffet und <choice><orig>helf-<lb break="no"/>fen</orig><reg>helffen</reg></choice>
kan/ und alſo der natuͤrlichen Mittel nicht noͤthig hat/ wenn
<lb/>er helffen wil; Jedoch hat er in allen Dingen den Menſchen
 <lb/>ordentliche Mittel und Wege geordnet/ die ſie auch nicht <choice><orig>verwerf-<lb break="no"/>fen</orig><reg>verwerffen</reg></choice>
ſollen/ in dem offters der liebe GOtt/ manche fromme Frau
 <lb/>in ſchwere Kindes-Noͤthen kommen laͤßt/ vielleicht um ihrer <choice><orig>Se-<lb break="no"/>ligkeit</orig><reg>Seligkeit</reg></choice>
 wegen; ſo giebet er dieſe natuͤrliche Mittel ihnen <choice><orig>ſichtbar-<lb break="no"/>lich</orig><reg>ſichtbarlich</reg></choice>
zu helffen/ ſintemahl unſere Vernunfft die unſichtbaren
<lb/>Mittel ſelten erkennet/ und GOtt wenig dafuͤr gedancket wird;
<lb/>Laͤßt uns derohalben die Gefahr offters ſehen/ damit wir die
<lb/>natuͤrliche Huͤlffe mit Danck erkennen und annehmen ſollen/ und
 <lb/>nicht verwerffen/ wie offters geſchiehet/ ob wol auch die <choice><orig>natuͤr-<lb break="no"/>liche</orig><reg>natuͤrliche</reg></choice>
Mittel ohne GOttes Segen nichts ſind. Darum heißet
<lb/>es: Bete und Arbeite/ ſo wird dich der HErr ſegnen; denn an
<lb/>Gottes Segen iſt alles gelegen.</p></sp>
<sp who="Christina"><speaker rend="antiqua">Chriſt.</speaker> <p>Sage mir doch deine Meinung/ wegen der
 <lb/>Abloͤſung der Kinder von der Nabelſchnure? Welches iſt
 <lb/>denn am beſten/ die Nabelſchnure lang oder kurtz zu loͤſen?
 <lb/>Etliche Wehe-Muͤtter loͤſen die Kinder nicht eher ab/ bis
 <lb/>ſie die Nachgeburt von der Frauen haben. Iſt denn das
 <lb/>recht oder unrecht/ und warum geſchiehet es denn?</p></sp>
<sp who="Justina"><speaker rend="antiqua">Juſt.</speaker> <p>Wegen des Abloͤſens der Kinder von der <choice><orig>Nabelſchnu-<lb break="no"/>re</orig><reg>Nabelſchnure</reg></choice>/
ſind unterſchiedene Meinungen. Einige ſagen/ wenn die
<lb/>Nabelſchnure zu kurtz abgeloͤſet wuͤrde/ ſo bekaͤmen die Kinder
<lb/>kurtzen Athem. Andere ſagen/ wenn die Nabelſchnure zu lang
<pb n="127"/>
 geloͤſet wuͤrde/ und waͤre viel Blut darinnen/ und wenn die
<lb/>Wehe-Mutter nicht dieſes Gebluͤte beym Loͤſen vom Kinde weg
<lb/>und zuruͤck ſtriche/ oder rein auslauffen machte/ wenn ſie <choice><orig>ge-<lb break="no"/>loͤſet</orig><reg>geloͤſet</reg></choice>
 haͤtte/ ſo waͤre es dem Kinde hoͤchſt-ſchaͤdlich/ und waͤren
<lb/>ſolche Kinder vielen Geſchwaͤren/ wie auch Pocken und Maſern/
<lb/>und dergleichen vielem Ausſchlagen unterworffen/ wegen des <choice><orig>Ge-<lb break="no"/>bluͤts</orig><reg>Gebluͤts</reg></choice>/
ſo in der Nabelſchnure faul und ſtuͤnckend werden muß/
<lb/>wie denn die dicken und fetten Nabelſchnuren offters viel Tage
<lb/>ſehr uͤbel riechen/ ehe ſie abfallen/ welches aber nicht verhuͤtet
<lb/>werden kan. Etliche ſagen auch: je laͤnger die Nabelſchnure
<lb/>geloͤſet wird/ je hellere Stimmen bekommen dieſelben Kinder.
<lb/>Sind alſo vielerley Meinungen auf der Welt/ und iſt am beſten
<lb/>uͤber ſolche Dinge/ welche nicht viel ſchaden/ daß man einem <choice><orig>je-<lb break="no"/>den</orig><reg>jeden</reg></choice>
ſeinen Willen und Gedancken laſſe. Wer lernet die <choice><orig>Bau-<lb break="no"/>er</orig><reg>Bauer</reg></choice>.
Wehe-Muͤtter Kinder loͤſen/ die offters nicht ein Wort leſen/
<lb/>und alſo Nachricht davon haben koͤnnen? Ich bin ſelbſt dazu <choice><orig>ge-<lb break="no"/>kommen</orig><reg>gekommen</reg></choice>/
daß ſie ſo kurtz geloͤſet/ daß ſie kaum die Nabelſchnure
<lb/>haben binden koͤnnen/ wenn ſie in Angſt geweſen/ und des <choice><orig>Bin-<lb break="no"/>dens</orig><reg>Bindens</reg></choice>
 vergeſſen/ ehe ſie abgeſchnitten haben. So habe ich auch
<lb/>binden geſehen/ da doch der Nabel unter dem Bande aus <choice><orig>Ver-<lb break="no"/>ſehung</orig><reg>Verſehung</reg></choice>
 iſt abgeſchnitten worden/ und alſo wenig zum binden vom
<lb/>Nabel iſt uͤbrig geblieben/ ſonderlich bey dieſen Wehe-Muͤttern/
<lb/>welche ohne dis kurtz zu loͤſen pflegen/ denn ſie ſagen: Der <choice><orig>Na-<lb break="no"/>bel</orig><reg>Nabel</reg></choice>
 ſtincket zu ſehr/ es iſt den Kindern nicht gut/ wenn er ſo lang
<lb/>geloͤſet wird. Es iſt mir ſelber wiederfahren/ daß ich in großer
<lb/>Noth ſo geſchnitten habe/ aus Verſehen. Weil ich aber etwas lang
<lb/>zu loͤſen pflege/ ſo habe ich wegen des Bindens nicht Noth gehabt.
<lb/>Dieſes zeige ich dir nur zur Nachricht an/ daß du dich wol
<lb/>damit in acht nehmeſt/ und lieber was zu lang als zu kurtz
<lb/>bindeſt/ denn man kan eher etwas davon ſchneiden/ als
<lb/>dranſetzen/ wenn ſie ja zu lang abgeſchnitten wuͤrde.</p>
 <p>Es iſt mir auch unterſchiedliche mahl wiederfahren/ daß die <pb n="128"/> Kinder eher gekommen/
als ich zu erlangen geweſen/ oder <choice>
<orig>da-<lb break="no"/>zu</orig>
<reg>dazu</reg>
</choice> kommen koͤnnen/ und iſt doch gluͤcklich dabey abgegangen. <lb/>Aber zweymahl
iſt mir wiederfahren/ daß die Kinder den <choice>
<orig>Frau-<lb break="no"/>en</orig>
<reg>Frauen</reg>
</choice> ſtehende gekommen und entfallen ſind/ und ſich auf die Erde <lb/>geſtuͤrtzet
haben. Weil keine Frau und kein Menſch bey ihnen <choice>
<orig>ge-<lb break="no"/>weſen</orig>
<reg>geweſen</reg>
</choice>; Als haben ſie ſich von der Nabelſchnure durch den Fall <choice>
<orig>ab-<lb break="no"/>geriſſen</orig>
<reg>abgeriſſen</reg>
</choice>/ und ſo kurtz/ daß ich zu großer Noth kaum binden <choice>
<orig>koͤn-<lb break="no"/>nen</orig>
<reg>koͤnnen</reg>
</choice>. Dieſes Loͤſen iſt nicht viel nuͤtze; doch ſind dieſelben Kinder <lb/>lebendig
geblieben/ und erwachſene Leute geworden/ haben auch <lb/>keinẽ Mangel/ weder an dem
Nabel/ noch an dem Athem/ oder an der <lb/>Luft und Stim̃e gehabt. Ich habe mit Fleiß
Achtung drauf gegeben. <lb/>Hier muß ich ſolchen Frauen noch eine Erinnerung geben/
<lb/>es moͤchte nicht allezeit ſo gerathen/ wenn ſie im Gehen <choice>
<orig>o-<lb break="no"/>der</orig>
<reg>oder</reg>
</choice> der im Stehen von der Geburt ſo uͤbereilet wuͤrden/ und <lb/>allein waͤren/
nemlich: daß ſie ſich/ ſo bald ſie es fuͤhlen/ <lb/>niederlegen ſollen. Ja wenn ſie ſich
auch auff derſelben <lb/>Stelle/ da ſie ſtehen/ auff die Erde niederlegen ſolten/
<lb/>wenn ſie nicht weiter kommen koͤnten/ ſo waͤre es doch <choice>
<orig>beſ-<lb break="no"/>ſer</orig>
<reg>beſſer</reg>
</choice>/ als wenn ſie ſtehen blieben. Es ſolte ſich ein ſolches <lb/>Kind wol todt
ſtuͤrtzen/ wenn Gottes Guͤte nicht ſo groß <lb/>waͤre/ und koͤnte leicht geſchehen/ daß
durch das Abreiſſen <lb/>der Nabelſchnure/ welche ſo tieff in den Leib reißen moͤchte/
<lb/>ſich das Kind todt bluten muͤßte. Derowegen kan ſich <choice>
<orig>ei-<lb break="no"/>ne</orig>
<reg>eine</reg>
</choice> ſolche Frau/ mit dem Niderlegen/ vor dergleichen <choice>
<orig>Ge-<lb break="no"/>fahr</orig>
<reg>Gefahr</reg>
</choice> gar wol bewahren/ wenn ſie folgen wil. Iſt es doch <lb/>ſchlimm genug/ wenn
unvernuͤnfftige oder unvorſichtige Wehe- <lb/>Muͤtter dabey ſeyn/ daß dergleichen Faͤlle
geſchehen/ und <choice>
<orig>geſche-<lb break="no"/>hen</orig>
<reg>geſchehen</reg>
</choice> koͤnnen. Ich wil dir hier zur Warnung/ zwey Exempel <lb/>dergleichen
ungluͤcklichen Geburten/ bey zweyen mir wol <choice>
<orig>bekan-<lb break="no"/>ten</orig>
<reg>bekanten</reg>
</choice> Frauen melden: Alß die eine/ ſo mit dem erſten Kinde kranck <lb/>war/ und auf
keiner Stelle/ weder im Bette/ noch auf dem <lb/>Kreiß-Stuhl bleiben wolte/ und die
Wehe-Mutter ihr auch den <pb n="129"/> Willen ließ/ weil ſie nicht gemeinet/ daß das
Kind ſo kommen <lb/>ſolte/ ſintemahl ſie noch wenig davon mercken koͤnnen/ nach ihrer
<lb/>Wiſſenſchafft; ſo waren ſie alle ſicher dabey/ und ließen die Frau <lb/>gehen. Ehe
ſie ſich aber verſehen/ kommet ein Wehen/ und <lb/>ſtuͤrtzet das Kind auf die Erde/
welches zwar nicht bald todt blieb/ <lb/>doch ſtarb es in etlichen Stunden darauf/ und
erlangte alſo noch <lb/>die Tauffe. Der andern Frauen aber gieng es faſt ungluͤcklicher.
<lb/>Dieſe war allezeit leichte zum Gebaͤhren/ und hatte eine <choice>
<orig>beruͤhm-<lb break="no"/>te</orig>
<reg>beruͤhmte</reg>
</choice> gute Wehe-Mutter bey ſich/ welche ſie ſchon zuvor bey ſechs <lb/>Kindern
bedienet. Weil ſie denn allezeit gewohnet geweſen <choice>
<orig>ge-<lb break="no"/>kochte</orig>
<reg>gekochte</reg>
</choice> heiße Kraͤuter unter ſich zu ſetzen/ zum Baͤhen; Als hat <lb/>ſie es
dieſesmahl eben ſo gethan. Wie ſie aber die Kraͤuter kaum <lb/>unterſetzen kan/ oder
gleich unterſetzen wil/ ſo kommet ein Wehe. <lb/>Die Frau ſchreyet auf die Wehe-Mutter/
greiffet zu/ das Kind <lb/>kommet! Als ſie darnach greiffet oder greiffen wil/ lieget
das Kind <lb/>ſchon in dem heiſſen Kraͤuter Bade/ welches ſich ſo verbrennet/ <lb/>daß
es in etlichen Tagen ſterben muͤßen. Dieſes melde ich dir <lb/>zur Nachricht/ daß auch
bey geſchwinden und leichten Geburten <lb/>gute Vorſichtigkeit vonnoͤthen ſey. Und kan
wohl die beſte <lb/>Wehe-Mutter ungluͤcklich ſeyn/ wenn ſie ihr zu viel <choice>
<orig>zutrau-<lb break="no"/>et</orig>
<reg>zutrauet</reg>
</choice>/ oder der liebe GOtt Hand abzeucht. Darum iſt an <lb/>Gottes Segen alles
gelegen.</p></sp>
<sp who="Christina"><speaker rend="antiqua">Chriſt.</speaker> <p>Ich wil dieſe deine Erinnerung zu Danck <choice><orig>an-<lb break="no"/>nehmen</orig><reg>annehmen</reg></choice>.
Erklaͤre mir doch auch vollends deine Meinung
<lb/>recht/ wegen Abloͤſung der Kinder/ von der Nabelſchnure/
<lb/>wie ich es von dir verlanget habe?</p></sp>
 <sp who="Justina"><speaker rend="antiqua">Juſt.</speaker> <p>Meine Meinung iſt uͤber das Loͤſen der Kinder/ <lb/>am beſten/ wenn ſie im Mittel geloͤſet
werden/ nicht gar <lb/>zu lang/ auch nicht zu kurtz. Doch kan dem langen <choice>
<orig>Loͤ-<lb break="no"/>ſen</orig>
<reg>Loͤſen</reg>
</choice> beſſer geholffen werden/ als dem zu kurtzen. Die <choice>
<orig>Na-<lb break="no"/>bel</orig>
<reg>Nabel</reg>
</choice> ſtincken zwar ſehr/ welche fett ſeyn/ ihnen iſt aber nicht <lb/>zu helffen/ es
ſey denn/ daß viel Blut darinnen waͤre/ ſo <pb n="130"/> muß man es zuruͤcke ſtreichen/
ehe man ihn bindet. Wil<lb/>es ſich aber nicht ſtreichen laßen/ ſo binde die <choice>
<orig>Nabelſchnu-<lb break="no"/>re</orig>
<reg>Nabelſchnure</reg>
</choice> mit einer Schlinge zu/ auf daß du ſie wieder aufziehen <lb/>kanſt/ wenn du
beſſere Zeit bekommeſt/ zumahl ohne dis die <lb/>dicken Nabelſchnuren wol muͤſſen in
acht genommen <choice>
<orig>wer-<lb break="no"/>den</orig>
<reg>werden</reg>
</choice>/ weil ſie leichtlich bluten/ und die Kinder gar leichte <lb/>den Todt davon
haben koͤnnen/ wenn ſie nicht gut <choice>
<orig>gebun-<lb break="no"/>den</orig>
<reg>gebunden</reg>
</choice> werden. Dann kan man die Schlinge/ ſo offte man <lb/>wil/ und es noͤthig iſt/
wieder aufziehen/ und beßer <choice>
<orig>zuſam-<lb break="no"/>men</orig>
<reg>zuſammen</reg>
</choice> ziehen; denn die dicken Nabelſchnuren ſetzen ſich wol <lb/>zwey bis dreymahl/
daß ſie Lufft bekommen/ und wieder <lb/>anfangen zu bluthen/ wenn man gleich gedencket/
ſie ſeyn <lb/>feſte gebunden. Es iſt mir mit großem Schrecken <choice>
<orig>wiederfah-<lb break="no"/>ren</orig>
<reg>wiederfahren</reg>
</choice>/ daß der Nabel erſt in einer guten Stunde nach der Geburt <lb/>wieder blutend
geworden/ da das Kind ſchon eingewunden <choice>
<orig>ge-<lb break="no"/>weſt</orig>
<reg>geweſt</reg>
</choice>/ und ſich bald todt geblutet haͤtte/ ehe ich es gewahr <choice>
<orig>wor-<lb break="no"/>den</orig>
<reg>worden</reg>
</choice>/ wenn es nicht haͤtte angefangen zu ſtehnen. Da ich <choice>
<orig>dar-<lb break="no"/>nach</orig>
<reg>darnach</reg>
</choice> ſahe/ ſo war es gantz blaß; Als ich es aufgewickelt/ ſo <lb/>ſchwam es im
Blute/ und haͤtte es noch ein kleines gewaͤhret/ daß <lb/>ich es nicht gewahr worden/ ſo
waͤre es todt geweſen. Seit <choice>
<orig>die-<lb break="no"/>ſer</orig>
<reg>dieſer</reg>
</choice> Zeit ſehe ich die erſte Stunde fleißig nach den Kindern/ und <choice>
<orig>e-<lb break="no"/>ben</orig>
<reg>eben</reg>
</choice> ben deswegen warne ich dich dafuͤr.</p>
<p>Ich muß dich noch eines erinnern/ nehmlich: Daß du
 <lb/>dich vor zu ſcharff zuſammen gedreheten ſubtilen Baͤndern
<lb/>oder Flachs/ wenn er ſo ſcharff und ſubtiel zuſammen <choice><orig>ge-<lb break="no"/>drehet</orig><reg>gedrehet</reg></choice>
wird/ bey dem Nabelbinden in acht nehmeſt/ weil
<lb/>es gerne bey den aufgeblaſenen dicken Nabelſchnuren <choice><orig>durch-<lb break="no"/>ſchneidet</orig><reg>durchſchneidet</reg></choice>/
und wenn man meinet/ man habe es gantz feſte
 <lb/>gebunden/ ſo blutet es beym Gebinde. Als mußt du noch
 <lb/>einmahl dahinter binden/ und es beſſer verwahren/ wenn
 <lb/>du ſieheſt/ daß das Band durchſchneiden wil/ oder durch
<lb/>geſchnitten hat. Es iſt gar leichte bey den fetten <choice><orig>Nabelſchnu-<pb break="no" n="131"/>ren</orig><reg>Nabelſchnuren</reg></choice> 
geſchehen. Dazu iſt das lange Loͤſen auch gut/ daß man es
 <lb/>wieder tieffer und beſſer binden kan. Sonſten glaube ich nicht/
 <lb/>daß es wegen des Loͤſens was zu ſagen hat/ es ſey kurtz oder lang
 <lb/>geloͤſet/ denn die Nabel faulen ohne dis ab/ bey allen Kindern.</p></sp> 
 <sp who="Christina"><speaker rend="antiqua">Chriſt.</speaker> <p>Du haſt mir noch keine Antwort gegeben/
<lb/>warum etliche Wehe-Muͤtter die Kinder nicht eher loͤſen/
<lb/>bis die Nachgeburt von der Frauen weg iſt? Welches
<lb/>haͤltſt du denn vor das beſte/ und warum thun ſie das?</p></sp>
 <sp who="Justina"><speaker rend="antiqua">Juſt.</speaker> <p>Ich halte es vor das Beſte/ wenn man das
 <lb/>Kind bald loͤſet/ ſo bald es gebohren iſt/ und von ſich <choice><orig>weg-<lb break="no"/>giebet</orig><reg>weggiebet</reg></choice>
in die warme Windeln/ auf daß es nicht erkalte/
<lb/>wenn es aus der Waͤrme kommt. So iſt es auch vor die
<lb/>Wehe-Mutter und die kreißende Frau beßer/ denn man kan
<lb/>die Frau beßer zudecken/ und vor der Lufft bewahren/ als wenn
<lb/>das Kind unter ihr lieget/ oder die Wehe-Muttter es auf der Schoß
<lb/>unter der Frauen hat. Vor die Kinder iſt es gleichfalls beſſer/
<lb/>ſonderlich wenn ſie ſchwach ſeyn. Ein ſolches ſchwaches und
<lb/>halb todtes Kind wuͤrde eher todt und zum Tode kommen/ ehe
 <lb/>offters die Nachgeburt folget und folgen kan/ aus <choice><orig>unterſchiede-<lb break="no"/>nen</orig><reg>unterſchiedenen</reg></choice>
 Urſachen; denn man kan ein ſchwaches Kind auf einer <choice><orig>kal-<lb break="no"/>ten</orig><reg>kalten</reg></choice>
Schooß nicht ſo gut erqvicken und erwaͤrmen/ als in einer
<lb/>Mulde und kraͤfftigem Bade. Ja wenn ein ſchwaches Kind nur
<lb/>in warm Waſſer geleget wird/ ſo erholet es ſich eher/ als auf
 <lb/>der Schooß/ ob es gleich mit was ſtarckem Waſſer oder <choice><orig>Bran-<lb break="no"/>dewein</orig><reg>Brandewein</reg></choice>
gerieben wird. Dieſes kan ſo wol im Bade geſchehen/
 <lb/>als haußen/ und viel beſſer bey dergleichen halb-todten <choice><orig>Kin-<lb break="no"/>dern</orig><reg>Kindern</reg></choice>.
 Ich habe etliche mahl darnach gefraget/ warum ſie denn
 <lb/>das Kind auf die Nachgeburt ließen warten? ſo haben ſie <choice><orig>geant-<lb break="no"/>wortet</orig><reg>geantwortet</reg></choice>:
 Die Nachgeburt pflege eher zu kommen/ wegen der <choice><orig>Be-<lb break="no"/>wegung</orig><reg>Bewegung</reg></choice>
 des Kindes. Ich laſſe zwar einem jedem ſeine <choice><orig>Mei-<lb break="no"/>nung</orig><reg>Meinung</reg></choice>;
 Aber wenn ich meine Gedancken ſagen darff/ ſo ſehe ich
<lb/>nicht/ wie ich bey einem ſchwachen Kinde kan auf die Nachgeburt/
<pb n="132"/>
 mit dem loͤſen warten/ oder gewartet werden. Denn ein <choice><orig>ſchwa-<lb break="no"/>ches</orig><reg>ſchwaches</reg></choice>
 Kind beweget ſich wenig und nichts/ wie kan es denn die <choice><orig>Nach-<lb break="no"/>geburt</orig><reg>Nachgeburt</reg></choice>
foͤrdern helffen/ in dem es die Bewegung des Kindes thun
<lb/>ſol. So iſt auch offters die Nabelſchnure ſo lang/ daß das Kind auf
 <lb/>der Schooß oder unter der Frauen wol ſpringen und tantzen <choice><orig>koͤn-<lb break="no"/>te</orig><reg>koͤnte</reg></choice>/
 ehe ſich die Nabelſchnure bis in den Leib der Mutter <choice><orig>bewe-<lb break="no"/>gen</orig><reg>bewegen</reg></choice>
ſolte/ die Nachgeburt dadurch zu fordern. Solte aber das
<lb/>natuͤrliche Gebluͤte in der Nabelſchnure durch dieſe Bewegung
<lb/>es vielleicht thun/ ſo fuͤrchte ich/ daß es zu ſchwach dazu iſt/ wenn
<lb/>einiger Zufall oder Hemmung bey der Nachgeburt verhanden
 <lb/>iſt. Wenn gleich das Kind bey vollen Kraͤfften friſch und <choice><orig>ge-<lb break="no"/>ſund</orig><reg>geſund</reg></choice>
gebohren wird/ und alſo die Nabelſchnure bey vollem Blute
 <lb/>iſt; So habe ich doch etliche mahl große Muͤhe wegen der <choice><orig>Nach-<lb break="no"/>geburt</orig><reg>Nachgeburt</reg></choice>
zu holen/ und mit meiner Hand/ die doch des noͤthigen
 <lb/>Fuͤhlens und Zugreiffens (GOtt ſey Danck) noch ziemlich <choice><orig>ge-<lb break="no"/>wiß</orig><reg>gewiß</reg></choice>
iſt/ damit zu thun gnug gehabt/ daß ich die Nachgeburt
<lb/>ohne Schaden und auch gantz von der Frauen bringen koͤnnen/
 <lb/>wie ich dir dergleichen unterſchiedene Zufaͤlle allbereit <choice><orig>beſchrie-<lb break="no"/>ben</orig><reg>beſchrieben</reg></choice>
habe. Ich wil nun geſchweigen/ wie es das Blut in der
<lb/>Nabelſchnure bey ſchwachen und halb todten Kindern thun ſolte
<lb/>und koͤnte/ da offt bey dergleichen halb-todten Kindern nicht ein
 <lb/>Tropffen Bluts mehr bey dem Loͤſen in der Nabelſchnure zu <choice><orig>fin-<lb break="no"/>den</orig><reg>finden</reg></choice>
iſt. Es iſt mir ſelber wiederfahren/ bey ſolchen ſchwachen
 <lb/>Kindern/ daß ich nicht einen Tropffen Blut in der <choice><orig>Nabelſchnu-<lb break="no"/>re</orig><reg>Nabelſchnure</reg></choice>
gefunden/ bis ſich das Kind wieder erholet hat/ eines eher/
<lb/>das andere ſpaͤter/ wie ſie ſich haben erholen koͤnnen. Denn
<lb/>wenn ſich das Kind erholet/ ſo kommet das Blut erſt wieder in die
<lb/>Nabelſchnure. Es geſchiehet zwar auch/ daß das Blut wieder
<lb/>in die Nabelſchnure kommet/ wenn das Kind todt iſt; Aber ſo
<lb/>lange kommet keines wieder/ weil das Kind zwiſchen Tod und
<lb/>Leben iſt. Alſo kan das Gebluͤte nach ſolcher Wehe-Muͤtter
 <lb/>Meinung unmoͤglich die Nachgeburt foͤrdern. Derowegen <choice><orig>ra-<pb break="no" n="133"/>the</orig><reg>rathe</reg></choice> 
 ich es dir und keiner nicht/ auf dieſe Meinung/ daß du die
<lb/>Kinder ſo lange ungeloͤſet und auf die Nachgeburt zu warten/
 <lb/>liegen laſſeſt/ es ſey denn/ das ſie ſtracks dem Kinde <choice><orig>nachfol-<lb break="no"/>get</orig><reg>nachfolget</reg></choice>/
 welches gar offters geſchiehet; Denn wenn es ſich ſchon ein
<lb/>wenig hemmet/ ſo verweilet es ſich bald damit/ ob gleich das
<lb/>Kind friſch und geſund iſt/ ich geſchweige denn/ wenn es ſchwach
<lb/>und halb todt iſt/ ſo erkaltet es bald/ weil es aus dem warmen
<lb/>Leibe kommt/ und iſt den Kindern hoͤchſt-ſchaͤdlich. Denn je
<lb/>eher das Kind wieder in die Waͤrme kommet und kom̃en kan/
<lb/>wenn es auch nur in warmen Windeln waͤre/ ſo iſt es dem
 <lb/>Kinde ſchon beſſer. Und eben deswegen halten viel <choice><orig>Leu-<lb break="no"/>te</orig><reg>Leute</reg></choice>/
 viel auf das Baden/ damit die Kinder bey gleicher <choice><orig>Waͤr-<lb break="no"/>me</orig><reg>Waͤrme</reg></choice>
 moͤgen erhalten bleiben/ bis ſie ſich wieder erholen. <choice><orig>Wel-<lb break="no"/>ches</orig><reg>Welches</reg></choice>
denn auch nicht bey ſchwachen Kindern zu verwerffen iſt/
 <lb/>wie ich denn große Huͤlffe dabey befunden habe/ und es vor <choice><orig>hoͤchſt-<lb break="no"/>noͤthig</orig><reg>hoͤchſtnoͤthig</reg></choice>
halte. Bleibe alſo bey dieſen Gedancken/ daß es beßer
<lb/>ſey/ das Kind bald zu loͤſen/ wenn es gebohren iſt. Man kan
<lb/>ja nach der Nachgeburt fuͤhlen und mercken/ ob ſie bald folget
<lb/>oder nicht. Es iſt mir wiederfahren/ und ſind Leiber/ wiewol
<lb/>nicht viel/ (es waͤre auch nicht gut/) daß/ wenn man nicht den
<lb/>Augenblick nach der Nachgeburt eingreiffet/ wenn das Kind nur
 <lb/>aus dem Leibe iſt/ ſo kommet der Krampff in den innern <choice><orig>Mut-<lb break="no"/>ter-Mund</orig><reg>Mutter-Mund</reg></choice>/
 und zeucht denſelben ſo zuſammen/ daß man die
<lb/>Nachgeburt in etlichen Stunden/ auch wol in etlichen Tagen/
<lb/>nicht bekommen kan; Und wenn man nur bald nach dem
 <lb/>Mutter-Munde greiffet/ und die Nabelſchnure ſtracks <choice><orig>et-<lb break="no"/>was</orig><reg>etwas</reg></choice>
 feſte/ ſo viel es ſich thun laͤßt/ anhaͤlt/ ſo iſt es <choice><orig>ver-<lb break="no"/>huͤtet</orig><reg>verhuͤtet</reg></choice>/
 und folget die Nachgeburt alſobald dem Angriffe
<lb/>nach/ wenn man den Mutter-Mund nur nicht zuziehen
 <lb/>laͤßt. Denn dieſer Krampff iſt nur ein ungewoͤhnliches <choice><orig>Nach-<lb break="no"/>druͤcken</orig><reg>Nachdruͤcken</reg></choice>
von der Nachgeburt/ ſo bald man nur denſelben Luft
<lb/>machet/ durch den Mutter-Mund/ ſo dringet ſie gleich nach/ und
<pb n="134"/>
folget ſtracks. Dieſe Verhutung kan nun das Kind auch nicht
 <lb/>durch ſeine Bewegung thun. Alſo iſt der Wehe-Mutter <choice><orig>fuͤr-<lb break="no"/>ſichtige</orig><reg>fuͤrſichtige</reg></choice>
und vernuͤnfftige Huͤlffe wol die beſte/ und bevoraus
<lb/>Gottes Gnade und deſſen Seegen/ ohne dem wir nichts haben
<lb/>und haben koͤnnen. Ich habe wegen dieſer noͤthigen Huͤlffe und
 <lb/>dergleichen Gefahr das letzte und zehende Zeugnis von Frau <choice><orig>Ma-<lb break="no"/>ria</orig><reg>Maria</reg></choice>
 Muͤllerin/ gebohrner Ritterin/ mit Fleiß/ mit drucken <choice><orig>laſ-<lb break="no"/>ſen</orig><reg>laſſen</reg></choice>/
 um dir die Warheit zu zeigen/ weil eben ſolcher Zuſtand
<lb/>wegen des Krampffs in dem innern Mutter-Munde dieſe Gefahr
<lb/>gemachet oder verurſachet hatte. Darum laſſe dir dieſes zur
<lb/>Nachricht dienen/ daß du/ ſo bald nur das Kind gebohren
<lb/>iſt/ wol achtung auf die Nachgeburt giebeſt. Ob ſie ſich
<lb/>gleich nicht allemahl bald foͤrdern laͤßet/ wegen vieler vorher
 <lb/>erzehlten Urſachen halben; ſo kanſt du doch den Krampff-
 <lb/>Zug in dem innern Mutter-Munde bald fuͤhlen und <choice><orig>ver-<lb break="no"/>huͤten</orig><reg>verhuͤten</reg></choice>.
 Iſt das Kind ſchwach/ ſo laß es einen andern bald
 <lb/>loͤſen/ denn du kanſt nicht davon laſſen/ bis die <choice><orig>Nachge-<lb break="no"/>burt</orig><reg>Nachgeburt</reg></choice>
verhanden iſt. Wenn aber das Kind ſtarck iſt/ ſo
 <lb/>laß es ſo lange liegen und warten/ bis du loͤſen kanſt/ <choice><orig>wo-<lb break="no"/>fern</orig><reg>wofern</reg></choice>
es ſich nicht zu lange verzeucht. Verzeucht es ſich aber
<lb/>etwas/ ſo laß doch das Kind loͤſen/ und wegnehmen/
<lb/>weil es dir nur im Wege iſt/ wiewol dergleichen Zuſtand
 <lb/>was ungewoͤhnliches iſt; Doch bin ich furchtſam dafuͤr <choice><orig>wor-<lb break="no"/>den</orig><reg>worden</reg></choice>/
 in dem es gefaͤhrlich und doch zu verhuͤten moͤglich iſt/ wie
<lb/>du aus dem vor angezogenen Zeugnis ſieheſt/ weil es dergleichen
<lb/>Zuſtand war/ und hernach andermahls doch verhuͤtet worden/
<lb/>auf meine derſelben gegebene Nachricht/ an die Wehe-Mutter/
 <lb/>wofuͤr mir die Frau ſo hertzlich gedancket. Als hoffe <choice><orig>derglei-<lb break="no"/>chen</orig><reg>dergleichen</reg></choice>
Danck von dir und denen in Gefahr liegenden Frauen auch
<lb/>zu erlangen/ wo du ſammt ihnen meine Lehre und Anfuͤhrung
<lb/>in acht nehmen wirſt.</p></sp>
<sp who="Christina"><speaker rend="antiqua">Chriſt.</speaker> <p>Lieber/ ſage mir doch/ wie es zugehet/ daß <choice><orig>man-<pb break="no" n="135"/>che</orig><reg>manche</reg></choice> 
Frau allezeit die Schwere-Noth oder das Ungluͤcke/
<lb/>wie es genennet wird/ bey der Geburt hat/ auch wol ſo
<lb/>lange behaͤlt/ als die Geburts-Schmertzen waͤhren/ bis
<lb/>ſie geneſen? Und manche Frau kan auch gar nicht geneſen/
<lb/>und muß Mutter und Kind beyſammen bleiben/ und mit
<lb/>einander ſterben/ nach dem Tode aber kommet das Kind
<lb/>doch noch von ihr/ wie man dergleichen Exempel hat. Wie
<lb/>gehet denn das zu? Iſt denn da kein Mittel oder Huͤlffe/
<lb/>es zu verhuͤten/ und iſt dir denn dergleichen nichts bewußt?
<lb/>Laß mich doch wiſſen/ was deine Gedancken ſeyn/ uͤber
<lb/>dergleichen Zuſtand?</p></sp>
<sp who="Justina"><speaker rend="antiqua">Juſt.</speaker> <p>Ich glaube/ daß es gemeiniglich ſolche Frauen <choice>
<orig>be-<lb break="no"/>trifft</orig>
<reg>betrifft</reg>
</choice>/ die von Natur zur Schweren-Noth geneigt ſeyn/ wiewol <lb/>es auch andere
betreffen kan/ wenn unrechte Geburten oder <choice>
<orig>an-<lb break="no"/>geſetzte</orig>
<reg>angeſetzte</reg>
</choice> Kinder verhanden ſeyn/ aus großen ungewoͤhnlichen <lb/>Schmertzen/ die
allgemein bey dergleichen Zufaͤllen ſeyn. Denn <lb/>wenn die Kinder ſich durch das
Anſetzen oder unrecht <choice>
<orig>Lie-<lb break="no"/>gen</orig>
<reg>Liegen</reg>
</choice>/ hemmen/ und nicht unter ſich zum Ausgange <choice>
<orig>drin-<lb break="no"/>gen</orig>
<reg>dringen</reg>
</choice> und eindringen koͤnnen; ſo gehen die Wehen uͤber ſich/ <lb/>und beklemmen die
Frau/ daß ſie weder Lufft noch Athem <lb/>ſchoͤpffen kan; Alsdenn kan gar leichte bey
ſchwachen <choice>
<orig>Na-<lb break="no"/>turen</orig>
<reg>Naturen</reg>
</choice> die Schwere-Noth dazu ſchlagen. Es ſiehet zwar <lb/>manche Frau groß und
ſtarck von Leibe aus/ und iſt doch ſchwach <lb/>genug dabey. Iſt nun eine Frau von Natur
zur Schweren- <lb/>Noth geneigt/ und kommen dergleichen Zufaͤlle dazu/ ſo iſt es
<lb/>deſto ſchlim̃er. Und wenn auch gleich nicht dergleichen Zufaͤlle <choice>
<orig>da-<lb break="no"/>zu</orig>
<reg>dazu</reg>
</choice> kommen/ ſondern nur die natuͤrlichen Geburts-Schmertzen/ <lb/>ſo iſt
gemeiniglich Furcht und Schrecken und Schmertzen <choice>
<orig>bey-<lb break="no"/>ſammen</orig>
<reg>beyſammen</reg>
</choice>. Alſo greiffen dieſe drey Dinge zugleich an. Wenn <lb/>nun die Frau den Wehen
anfaͤngt zu fuͤhlen/ ſo faͤngt ſie gleich <lb/>an zu zittern und zu beben/ alsdann
kommet die Schwere-Noth <lb/>leicht dazu. Weil ich dieſes wahrgenommen/ ſo hab ich <choice>
<orig>ſol-<pb break="no" n="136"/>chen</orig>
<reg>ſolchen</reg>
</choice> Frauen mehr zugeredet/ und mehr Hertze <choice>
<orig>eingeſpro-<lb break="no"/>chen</orig>
<reg>eingeſprochen</reg>
</choice>/ als andern/ und habe ſie auch mehr mit dem <choice>
<orig>Angrif-<lb break="no"/>fe</orig>
<reg>Angriffe</reg>
</choice> in acht genommen/ als andere; Weil auch eine Wehe- <lb/>Mutter die Wehen der
Frauen/ wenn ſie anfangen und <choice>
<orig>kom-<lb break="no"/>men</orig>
<reg>kommen</reg>
</choice> wollen/ bey dem gewoͤhnlichem Angriffe eher fuͤhlen kan/ <lb/>als die
kreißende Frau ſelber; Als habe ich ihr/ ſo bald ich <choice>
<orig>gefuͤh-<lb break="no"/>let</orig>
<reg>gefuͤhlet</reg>
</choice>/ daß ſich die Wehen anfangen wollen/ auf ſolche Weiſe <choice>
<orig>zu-<lb break="no"/>geſprochen</orig>
<reg>zugeſprochen</reg>
</choice>: Mein liebes Kind/ fuͤrchtet euch nur nicht vor <lb/>den Wehen/ und
erſchrecket nicht/ haltet euch ſo harte und <lb/>getroſt als ihr immer koͤnnet/ und
laßet den Muth und <lb/>die gute Hoffnung nur nicht fallen/ ich verſichere euch/ es
<lb/>wird mit Gottes Huͤlffe beſſer gehen/ als ihr gedencket! <lb/>haltet euch mit den
Haͤnden nur feſte an/ daß ihr nicht ſo <lb/>zittern duͤrfft/ es gehet gleich wieder
uͤber. Ihr werdet <lb/>ſehen/ daß euch der liebe GOtt bald helffen wird. Wie <lb/>bald
iſt ein Wehe vorbey? Wer wolte ſeinen Muth ſo bald <lb/>ſincken laßen/ denn hier iſt
Gottes Huͤlffe gleich da. <choice>
<orig>Die-<lb break="no"/>ſe</orig>
<reg>Dieſe</reg>
</choice> Aufmunterung/ nebſt guter Anhuͤlffe/ hat mir allezeit ſehr <choice>
<orig>ge-<lb break="no"/>holffen</orig>
<reg>geholffen</reg>
</choice>/ bis zu dem letzten durchdringenden Wehen/ wenn das <lb/>Kind durchbricht/ da
iſt es denn nicht moͤglich zu verhuͤten/ wo <lb/>dieſes Ungluͤck ſchon in der Natur
ſtecket. Aber da iſt denn das <lb/>Kind ſchon in ſolchem Zuſtande/ daß ihm die Wehe
Mutter <lb/>durch geſchickte Huͤlffe zugreiffen und durchhelffen kan. Ich <choice>
<orig>ha-<lb break="no"/>be</orig>
<reg>habe</reg>
</choice> (GOtt lob und Danck) kein Ungluͤck weder vor die <choice>
<orig>Mut-<lb break="no"/>ter</orig>
<reg>Mutter</reg>
</choice> noch Kinder bey dergleichen Zufall gehabt/ die ich von <choice>
<orig>An-<lb break="no"/>fang</orig>
<reg>Anfang</reg>
</choice> bedienet/ und die Kinder nur recht zur Geburt geſtanden <lb/>haben. Wenn aber
die Kinder unrecht zur Geburt geſtanden/ <lb/>ſo hab ich/ ſo bald das Waſſer von Natur
geſprungen/ zur <choice>
<orig>Wen-<lb break="no"/>dung</orig>
<reg>Wendung</reg>
</choice> gegriffen/ und ihnen zur Geburt geholffen/ ſo gut es hat <lb/>ſeyn koͤnnen/
und der Frauen hab ich zugeſprochen und ſie <choice>
<orig>auf-<lb break="no"/>gemuntert</orig>
<reg>aufgemuntert</reg>
</choice>/ wie ſchon gemeldet. Auf ſolche Weiſe habe ich ſie <lb/>gluͤcklich
durchgebracht. Jedoch ſind nicht alle Kinder mit dem <pb n="137"/> Leben davon gekommen/
weil ſie unrecht gelegen; Aber den <lb/>Frauen iſt nichts wiederfahren/ GOtt helffe
weiter. Wo <choice>
<orig>a-<lb break="no"/>ber</orig>
<reg>aber</reg>
</choice> dergleichen Frauen/ da die Schwere-Noth zu fuͤrchten iſt/ <lb/>von den
Wehe-Muͤttern unrecht angefuͤhret werden/ oder die <lb/>Kinder ſich anſetzen und ſcheeff
liegen/ nach vorher beſchriebener <lb/>vielerley Weiſe/ und die Wehe-Mutter nicht
abzuhelffen weiß/ ſo iſt <lb/>es ſchlimm vor die kreißende Frau. Alsdann hat die <choice>
<orig>Schwe-<lb break="no"/>re-Noth</orig>
<reg>Schwere-Noth</reg>
</choice> große Macht/ das Kind noch uͤbeler zu verruͤcken. <lb/>Die Wehen druͤcken es
zwar unter ſich; aber die <choice>
<orig>Schwe-<lb break="no"/>re-Noth</orig>
<reg>Schwere-Noth</reg>
</choice> haͤlt den Wehen entgegen/ durch die <choice>
<orig>Zuſammen-<lb break="no"/>ziehung</orig>
<reg>Zuſammenziehung</reg>
</choice>/ und ungewoͤhnliche Verziehung aller Glieder. Ich <lb/>bin unterſchiedliche
mahl dazu geholet worden/ daß die Frauen bis <lb/>an den dritten und vierdten Tag/
grauſam und ohne Verſtand <lb/>gelegen/ und doch hat der liebe GOtt geholffen/ daß ſie
noch <choice>
<orig>al-<lb break="no"/>le</orig>
<reg>alle</reg>
</choice> von den Kindern geneſen ſind/ durch An- und Einhelffen/ ſo <lb/>gut es hat
ſeyn koͤnnen. Es haben ſich auch die meiſten Frauen <lb/>erhalten/ und keinen Anſtoß
mehr davon gehabt. Etliche aber/ <lb/>die ſich nicht wieder erholen koͤnnen/ find auch
einige Tage nach <lb/>der Geburt geſtorben. Dieſes iſt ein ſchwerer Zuſtand/ wenn
<lb/>die Kinder unrecht ſtehen/ in dem die Frau keine Vernunfft hat. <lb/>Ja wenn die
Kinder gleich nur ſcheeff ſtehen/ ſo iſt mit <choice>
<orig>unvernuͤnff-<lb break="no"/>tigen</orig>
<reg>unvernuͤnfftigen</reg>
</choice> Menſchen uͤbel zu rechte zu kommen. Weil denn die <choice>
<orig>Schwe-<lb break="no"/>re-Noth</orig>
<reg>Schwere-Noth</reg>
</choice>/ ſo lange ſie wehret/ den Frauen die Vernunfft <choice>
<orig>be-<lb break="no"/>nimmet</orig>
<reg>benimmet</reg>
</choice>/ ſo waͤhren ſie ſich alſo zu ihren eigenen Schaden. Da <lb/>kan es gar leichte
geſchehen/ daß nur ein ſcheeff-angeſetztes Kind <lb/>bey dergleichen Zuſtande das Leben
ſammt der Mutter verlieren <lb/>kan/ ſonderlich/ wenn keine Wehe-Mutter dabey iſt/ die <choice>
<orig>abzu-<lb break="no"/>helffen</orig>
<reg>abzuhelffen</reg>
</choice> weiß. Wenn ſie denn beyde todt ſeyn/ ſo luͤfften ſich die <lb/>verſtopfften
Wehen ſammt der ſchlipperichten Faͤulung/ da iſt <lb/>es wol moͤglich/ daß ſich durch
die Schlipffrigkeit das Kind offters <lb/>abgiebet/ und in die Geburt gleitet/ und alſo
von der uͤbrigen <choice>
<orig>Feuch-<lb break="no"/>tigkeit</orig>
<reg>Feuchtigkeit</reg>
</choice>
<pb n="138"/>Wehen/ eines das andere treibet/ daß ein todtes Kind nach der <lb/>Mutter
Tode auch todt von der Mutter kom̃en kan/ wiewol es was <lb/>ungewoͤhnliches iſt. Ich
halte dafuͤr/ daß ein ſolches Kind/ <choice>
<orig>wel-<lb break="no"/>ches</orig>
<reg>welches</reg>
</choice> nach der Mutter Tode gebohren wird/ nur was weniges <lb/>ſcheeff ſtehen muß/
daß es/ wie gemeldet/ gar leichte abgleiten kan. <lb/>Denn wenn es recht ſcheeff lieget/
oder over uͤber die Geburt/ <choice>
<orig>o-<lb break="no"/>der</orig>
<reg>oder</reg>
</choice> auf eine recht-feſte hemmende Art angeſtemmet iſt/ ſo iſt es <lb/>vor
menſchlicher Vernunfft unmoͤglich/ daß es nach der Frauen <lb/>Tode kan gebohren werden.
Scheinet alſo/ wenn dieſes <choice>
<orig>geſchie-<lb break="no"/>het</orig>
<reg>geſchiehet</reg>
</choice>/ daß derſelben Frau gar leichte haͤtte durch die <choice>
<orig>Wehe-Mut-<lb break="no"/>ter</orig>
<reg>Wehe-Mutter</reg>
</choice> koͤnnen geholffen werden. Dieſes nimm dir zur Warnung <lb/>und zu deiner
Nachricht/ du wirſt ſehen/ daß du durch Gottes <lb/>Huͤlffe auf ſolche Weiſe viel Frauen
werdeſt retten koͤnnen/ es ſey <lb/>denn/ daß es GOtt nicht haben wolte/ denn da iſt
aller <choice>
<orig>Men-<lb break="no"/>ſchen</orig>
<reg>Menſchen</reg>
</choice> Huͤlffe und Wiſſenſchafft umſonſt und auß. Es iſt mir <lb/>(GOtt ſey ewig
Danck) niemahls wiederfahren. GOtt behuͤte <lb/>mich weiter dafuͤr/ und helffe dir/ mir
und allen Menſchen/ <lb/>wie es uns gut und ſelig iſt/ an Leib und Seel!</p></sp><div>
<div type="chapter" n="7"><head>Das <num rend="antiqua">VII.</num> Capitel.
<lb/>Von dem Waſſerſprengen/ wie es bey <choice><orig>gefaͤhrli-<lb break="no"/>chen</orig><reg>gefaͤhrlichen</reg></choice>
Geburten verantwortlich ſey/ ſolches zu
 <lb/>ſprengen.</head>
<sp who="Christina"><speaker rend="antiqua">Chriſt.</speaker> <p>Ich habe oben von dir gehoͤret/ daß etlichen
 <lb/>Geburten/ wenn das Waſſer-Netz zu ſtarck iſt/ kan und
 <lb/>muß durch das Waſſerſprengen geholffen werden/ ſollen
 <lb/>gluͤckliche und nicht todte Geburten folgen. Ich moͤchte
 <lb/>gerne hiervon was mehrers vernehmen?</p></sp>
<pb n="139"/>
<sp who="Justina"><speaker rend="antiqua">Iuſt.</speaker> <p>Ich weiß mich gar wohl zu entſinnen <choice><orig>unterſchied-<lb break="no"/>licher</orig><reg>unterſchiedlicher</reg></choice>
nachdencklicher Geburten/ denen durch das <choice><orig>Waſſerſpren-<lb break="no"/>gen</orig><reg>Waſſerſprengen</reg></choice>
hat koͤnnen geholffen werden/ daß gluͤckliche Geburten <choice><orig>er-<lb break="no"/>folget</orig><reg>erfolget</reg></choice>
ſeyn. Wo aber auch/ in gewiſſen Faͤllen/ das <choice><orig>Waſſerſpren-<lb break="no"/>gen</orig><reg>Waſſerſprengen</reg></choice>
 unterlaſſen worden/ ſind nichts/ als ungluͤckliche Geburten
<lb/>und todte Kinder geweſen. Weil aber ein groſſer Unterſcheid bey
<lb/>dem Waſſerſprengen iſt/ ſo muß damit gar vorſichtig gehandelt
<lb/>werden/ denn unzeitiges Waſſerſprengen/ (ich heiße es <choice><orig>unzei-<lb break="no"/>tiges</orig><reg>unzeitiges</reg></choice>/
meine aber/ welches ohne Noth und fruͤhzeitig <choice><orig>ge-<lb break="no"/>ſchiehet</orig><reg>geſchiehet</reg></choice>/
weil darauf ſchweres Kreiſſen zu folgen pfleget/)
<lb/>wuͤrde ein boͤſes Gewiſſen verurſachen/ und zeitliche und <choice><orig>e-<lb break="no"/>wige</orig><reg>ewige</reg></choice>
Verantwortung bringen. Ingleichen iſt das <choice><orig>Waſſer-<lb break="no"/>ſprengen</orig><reg>Waſſerſprengen</reg></choice>
 bey recht-zeitiger Geburts-Stunde/ wenn ein Kind
<lb/>unrecht zur Geburt lieget/ auch nicht zu verantworten. Denn
<lb/>ſo lange das Waſſer ſtehet/ hat das Kind Platz und Raum ſich
<lb/>noch zu rechte zu wenden/ wie es wil/ und geſchiehet ſolches <choice><orig>manch-<lb break="no"/>mal</orig><reg>manchmal</reg></choice>
 im letzten Wehen/ vor dem Waſſerſpringen/ daß es ſich zu
<lb/>rechter Geburt wendet/ wie ich geſehen und erfahren habe. So
<lb/>bald aber das Waſſer bricht/ von Natur oder Sprengung/ ſo
<lb/>druͤcken die Wehen das Kind/ wie ſie es finden/ in die Geburt/
<lb/>und muß hernach ſo bleiben/ es ſey ſo uͤbel/ als es vorher <choice><orig>beſchrie-<lb break="no"/>ben</orig><reg>beſchrieben</reg></choice>
worden. Dieſe Art iſt der Urſprung der meiſten uͤbeln <choice><orig>Ge-<lb break="no"/>burten</orig><reg>Geburten</reg></choice>/
und kan hernach nicht geaͤndert werden/ als durch die
<lb/>Wendung/ wie ich dieſes ausfuͤhrlich gnug vorher berichtet habe.
<lb/>Solches verurſachet nicht allein ſchmertzhaffte und ſchwere <choice><orig>Ge-<lb break="no"/>burten</orig><reg>Geburten</reg></choice>/
ſondern auch den Kindern und Muͤttern den Tod/ wenn
<lb/>niemand zu bekommen iſt/ der mit dem Wenden umzugehen
<lb/>weiß. Derowegen mußt du dich bey dem Waſſerſprengen gar
<lb/>wol bedencken/ was du thuſt. Haſt du nicht rechten Verſtand
<lb/>davon/ ſo laß es gar bleiben. Denn wenn das Waßer von dir
<lb/>nicht zu rechter Zeit geſprenget wuͤrde/ wie wolteſt du es <choice><orig>verant-<lb break="no"/>worten</orig><reg>verantworten</reg></choice>?
Springet aber das Waſſer von ſich ſelbſt/ und trifft
 <pb n="140"/>
 nun ſolche uͤbele Geburt/ wie es denn offt geſchiehet/ ſo biſt du
<lb/>entſchuldiget. Dieſes iſt nur geſaget vom zeitigen <choice><orig>Waſſerſpren-<lb break="no"/>gen</orig><reg>Waſſerſprengen</reg></choice>/
welches bey unrecht-ſtehenden Kindern geſchiehet/ wie <choice><orig>un-<lb break="no"/>verantwortlich</orig><reg>unverantwortlich</reg></choice>
es waͤre/ wil geſchweigen/ wenn unzeitiges <choice><orig>Waſ-<lb break="no"/>ſer</orig><reg>Waſſer</reg></choice>
 ſolte geſprenget werden/ welches aber auch unmoͤglich iſt;
<lb/>Denn das Waſſer kan nicht eher geſprenget werden/ bis
<lb/>ſich die Mutter geoͤffnet/ und das Waſſer da iſt/ alsdenn
<lb/>iſt auch die Geburt verhanden. So kan es auch nicht <choice><orig><hi rend="antiqua">practi-</hi><lb break="no"/><hi rend="antiqua">ci</hi>ret</orig><reg><hi rend="antiqua">practici</hi>ret</reg></choice>
werden/ ohne Wiſſenſchafft der ſchwangern Frau/ und <choice><orig>oh-<lb break="no"/>ne</orig><reg>ohne</reg></choice>
 ein Haͤcklein oder andern darzu gehoͤrigem <hi rend="antiqua">Inſtrument</hi>. Iſt
<lb/>alſo unnoͤthig dich dafuͤr zu warnen/ und haſt dich auch deſſen
<lb/>nicht anzunehmen. So unverantwortlich aber ſolch <choice><orig>gemelde-<lb break="no"/>tes</orig><reg>gemeldetes</reg></choice>
 Waſſerſprengen iſt: So hoch-noͤthig iſt es auch in gewiſſen
<lb/>Faͤllen zu ſprengen. Wie ich es aber kundig worden/ wil ich dir
<lb/>etlicher Frauen ſelbſt-eigene Zeugniſſe unten nachgeſetzt zeigen/
<lb/>die ich um gewiſſer Urſachen und uͤbelen Beſchuldigung wegen
<lb/>einsmahl habe loͤſen und erbitten muͤſſen.</p></sp>
<sp who="Christina"><speaker rend="antiqua">Chriſt.</speaker> <p>Wie ſoll ich denn dieſes verſtehen/ daß du
<lb/>auch des zu fruͤhe und unzeitigen Waſſerſprengens biſt <choice><orig>be-<lb break="no"/>ſchuldiget</orig><reg>beſchuldiget</reg></choice>
worden?</p></sp>
<sp who="Justina"><speaker rend="antiqua">Juſt.</speaker> <p>Es kommt daher/ weil den wenigſten bekant/ daß
<lb/>es moͤglich ſey/ aber nicht leicht ohne ein dazu gehoͤriges <choice rend="antiqua"><orig>Inſtru-<lb break="no"/>ment</orig><reg>Inſtrument</reg></choice>.
Denn ehe das Waſſer durch den innern Mutter-Mund
 <lb/>in dem foͤrdern Halſe ſich anſpannet/ ſo iſt es ſchwer und gantz
 <lb/>nicht moͤglich/ mit den Fingern zu ſprengen; Denn vom bloßen
<lb/>in die Hoͤhe heben und hinauffſtoſſen/ ſonderlich wenn das <choice><orig>Ne-<lb break="no"/>tze</orig><reg>Netze</reg></choice>
 zaͤhe iſt/ laͤßt ſichs nicht ſprengen/ weil es eher weichet
<lb/>als ſpringet Welches ich gewahr worden bey denen <choice><orig>Gebur-<lb break="no"/>ten</orig><reg>Geburten</reg></choice>/
wo es die Noth erfordert/ das Waſſer zu ſprengen/ haben
<lb/>ſollen lebendige Kinder gebohren werden/ wie du aus den <choice><orig>er-<lb break="no"/>haltenen</orig><reg>erhaltenen</reg></choice>
und beygefuͤgten Zeugniſſen/ als der Fr. Thymin und
 <lb/>der andern Frauen/ zu erſehen haben wirſt. So kan es
<pb n="141"/>
auch nicht ohne Wiſſen und Willen der Kreyßenden geſchehen.</p>
<p>Weil es aber offt bey gewiſſen Zufaͤllen/ wie mir begegnet/
<lb/>die Noth erfordert/ das Waſſer zu ſprengen/ da es nicht vor <choice><orig>un-<lb break="no"/>zeitige</orig><reg>unzeitige</reg></choice>
Geburten ſoll oder kan gehalten werden/ wie mir <choice><orig>beyge-<lb break="no"/>meſſen</orig><reg>beygemeſſen</reg></choice>
worden/ und in Ewigkeit nicht dargethan oder erwieſen
<lb/>werden kan/ ſondern zu rechter und fruͤher Geburt/ da die <choice><orig>Ge-<lb break="no"/>burts-Stunden</orig><reg>Geburts-Stunden</reg></choice>
gegenwaͤrtig und verhanden/ die angehende
 <lb/>Wehen auch anhalten und beſtaͤndig bleiben; So geſchiehet ſolch
 <lb/>beruͤhrtes Waſſerſprengen um dieſe Zufaͤlle zu verhuͤten/ als:
<lb/>wenn die Nabelſchnure/ bey bald-angehender Geburt <choice><orig>pfle-<lb break="no"/>get</orig><reg>pfleget</reg></choice>
mit uͤber des Kindes Haupt zu kommen/ welches <choice><orig>ge-<lb break="no"/>faͤhrlich</orig><reg>gefaͤhrlich</reg></choice>
vor des Kindes Leben iſt. Denn ſo offte die <choice><orig>We-<lb break="no"/>hen</orig><reg>Wehen</reg></choice>
kommen/ muß das Kind ſehr leiden/ weil ſich die <choice><orig>Nabel-<lb break="no"/>ſchnure</orig><reg>Nabelſchnure</reg></choice>
zwiſchen der Geburt und des Kindes Haupt <choice><orig>einqvet-<lb break="no"/>ſchet</orig><reg>einqvetſchet</reg></choice>/
wie ich denn geſehen/ wenn die Geburt geſchwinde und
 <lb/>leicht erfolget/ daß ſolche Kinder/ zwar mit dem Leben/ aber
 <lb/>gar ſchwach gebohren worden; Welche Geburt aber ſchwer und
 <lb/>langſam erfolget iſt/ da ſind ſolche Kinder todt gebohren worden.
 <lb/>Welches mich denn verurſachet/ ſo bald es moͤglich geweſen/ in
 <lb/>den innern Mutter-Mund mit der halben Hand zu kommen/
 <lb/>in dem der foͤrdere Halß die uͤbrige Hand ſchon austraͤget/ und
 <lb/>das Waſſer zu ſprengen/ damit ich zur bloßen Nabelſchnure/
 <lb/>wie auch zum bloßen Haupte des Kindes kommen koͤnnen/ und
 <lb/>habe mich aufs beſte bemuͤhet/ die Nabelſchnure wieder zuruͤck
 <lb/>hinter des Kindes Haupt in die Mutter zu fuͤhren. Ingleichen
 <lb/>wenn auch die Nabelſchnure nur ein weniges vorgeſchoben/ und
 <lb/>ich es bald gewahr worden/ und nur im Anfange des Kreißens
 <lb/>dabey geweſen/ wiewol es keinmahl gar zum Beſten geſchehen
<lb/>kan/ wegen der Duͤnne/ der Laͤnge und Geſchwindigkeit der <choice><orig>Na-<lb break="no"/>belſchnure</orig><reg>Nabelſchnure</reg></choice>
als auch des ſchlipfrigen Waſſers/ wodurch es <choice><orig>behen-<lb break="no"/>de</orig><reg>behende</reg></choice>
gefuͤhret wird; doch iſt es je eher je beſſer zu erhalten/ als wenn
 <lb/>die Nabelſchnure noch nicht gar zu lang vorgeſchoben iſt; Wenn
 <lb/><pb n="142"/>
 <lb/>es nun/ ſage ich/ bald zu ruͤcke zu bringen mir angegangen/ ſo
 <lb/>ſind die Kinder lebendig und geſund gebohren worden/ ob ſchon
 <lb/>die Geburt etwas hart und ſchwer erfolget. Hingegen/ wenn
 <lb/>ſolche Nabelſchnure langſam und ſchwer zu erhalten geweſen/
 <lb/>ſind die Kinder auch ſehr ſchwach und theils todt kommen/ ob
<lb/>gleich die Geburt nicht all zu ſchwer geweſen. Als ich nun <choice><orig>ſol-<lb break="no"/>ches</orig><reg>ſolches</reg></choice>
gewahr worden; ſo habe ich/ ſo bald es immer moͤglich/ das
 <lb/>Waſſer geſprenget/ und dieſes Mittel zur Hand genommen/
 <lb/>nehmlich: Ein zart weiches Tuͤchlein mit Oele beſchmieret/
 <lb/>und ſolches mit einem Spadel in den Leib mit der lincken
 <lb/>Hand/ zwiſchen des Kindes Haupt auf der Seiten/ wo
 <lb/>die Nabelſchnure vorgeſchoben/ vorgeſtecket/ dadurch ſich
<lb/>denn die Nabelſchnure halten laßen. Habe ich denn die <choice><orig>Zu-<lb break="no"/>ruͤckbleibung</orig><reg>Zuruͤckbleibung</reg></choice>
des Tuͤchleins gefuͤrchtet/ (welches doch kein
<lb/>mahl geſchehen/) ſo babe ich einen ſtarcken Faden durch <choice><orig>ge-<lb break="no"/>zogen</orig><reg>gezogen</reg></choice>/
welcher mit dem einen Ende vor dem Leibe <choice><orig>geblie-<lb break="no"/>ben</orig><reg>geblieben</reg></choice>/
um ſolches zuruͤck zu bringen. Es iſt mir aber nicht
 <lb/>noͤthig geweſen.</p>
<p>So verhuͤtet auch ſolch fruͤhes/ aber zeitiges <choice><orig>Waſſerſpren-<lb break="no"/>gen</orig><reg>Waſſerſprengen</reg></choice>/
die Vorſchiebung des Haͤndleins uͤber des Kindes Haupt/
<lb/>welches eben wie mit der Nabelſchnure zu geſchehen pfleget/
<lb/>wenn es die Wehe-Mutter gewahr wird/ ehe es die gantze Hand
<lb/>gewinnet. Denn wenn ſie das Waßer ſprenget/ ſo findet ſie
<lb/>das Haͤndlein bloß/ und laͤßt ſich gar leicht zuruͤck bringen. So
<lb/>bald nun das Haͤndlein weg iſt/ ſo draͤnget ſich der Kopff ein/
<lb/>und laͤſſet das Haͤndlein nicht mehr herfuͤr kommen; weil dem
<lb/>Kinde das Waſſer entgehet/ und die Natur es zur Geburt mit
<lb/>dem Haupte foͤrdert/ welches ich vielmahl bey dergleichen <choice><orig>Bege-<lb break="no"/>benheiten</orig><reg>Begebenheiten</reg></choice>
verſuchet/ darauf auch gluͤckliche Geburten erfolget
<lb/>ſeyn. Ich hoffe/ du wirſt dieſer ſo genanten fruͤhen/ aber doch <choice><orig>noͤ-<lb break="no"/>thigen</orig><reg>noͤthigen</reg></choice>
Waſſerſprengung bey nachdencklichem Angriffe kundig <choice><orig>wer-<lb break="no"/>den</orig><reg>werden</reg></choice>.
Ich rathe dir nicht/ daß du es unbedachtſam thun ſollſt/ dich <choice><orig>da-<pb break="no" n="143"/>mit</orig><reg>damit</reg></choice> 
zu uͤbereylen/ oder zu einer Gewonheit nehmen/ auf daß
<lb/>du dich nicht betriegeſt. Denn ſo viel es mit Bedacht gethan <choice><orig>nuͤ-<lb break="no"/>tzet</orig><reg>nuͤtzet</reg></choice>/
ſo viel kan es auch unbedachtſamer Weiſe Schaden bringen.
<lb/>Ohne Noth und dergleichen bevorſtehende Gefahr/ iſt es <choice><orig>unver-<lb break="no"/>antwortlich</orig><reg>unverantwortlich</reg></choice>/
ob es gleich keinen Schaden mehr thun koͤnte/ als
<lb/>langwaͤhrendes Kreyßen. Es waͤre zu wuͤndſchen/ daß keiner
<lb/>Frauen das Waßer duͤrffte geſprenget werden; ſondern daß das
<lb/>Waſſer und Kind allezeit zugleich kaͤmen und kommen koͤnten/
<lb/>weil es die leichteſte und beſte Geburt iſt/ ſo duͤrffte niemand <choice><orig>ei-<lb break="no"/>nigem</orig><reg>einigem</reg></choice>
uͤbeln Urtheil/ wie mir geſchehen/ unterworffen ſeyn.</p></sp></div></div></div>
</body>
</text>
</TEI>