<?xml version="1.0" encoding="UTF-8"?>
<?xml-model href="http://www.tei-c.org/release/xml/tei/custom/schema/relaxng/tei_lite.rng" type="application/xml" schematypens="http://relaxng.org/ns/structure/1.0"?>
<?xml-model href="http://www.tei-c.org/release/xml/tei/custom/schema/relaxng/tei_lite.rng" type="application/xml"
	schematypens="http://purl.oclc.org/dsdl/schematron"?>
<TEI xmlns="http://www.tei-c.org/ns/1.0">
<teiHeader>
<fileDesc>
 <titleStmt>
<title>Der Swangernẽ
 <lb/>frawen vnd <choice><orig>Heb<lb break="no"/>ammẽ</orig><reg>Hebammẽ</reg></choice>
 roſzgartẽ
</title>
<author>Eucharius Rösslin</author>
 </titleStmt>
   <editionStmt>
      <edition>1910 edition, ed. Gustav Klein, Munich: Verlag Carl Kuhn</edition>
      <respStmt><resp>transliterator, TXT and XML encoder</resp>
         <name>Whitt, Richard J.</name></respStmt></editionStmt>
 <publicationStmt>
<p>Place of Publication: Straßburg</p>
<p>Year: <date>1513</date></p>
<p>Excerpt: Front Matter (pp. 3-13)</p>
 </publicationStmt>
   <sourceDesc>
      <bibl>1910 edition, ed. Gustav Klein, Munich: Verlag Carl Kuhn</bibl>
   </sourceDesc>
</fileDesc>
</teiHeader>
<text>
<body>
 <pb n="3"/>
<div type="privilegium"><head>Priuilegium</head>
<p>Wir Maximilian von gottes <lb/>gnaden Erwoͤlter Roͤmiſcher keiſer/ zuͦ allen zeytẽ <choice>
                  <orig>me-<lb break="no"/>rer</orig>
                  <reg>merer</reg>
               </choice> des reichs in Germanien/ zuͦ Hungern/ Dalmaciẽ <lb/>Croaciẽ <abbr>rc̃.</abbr> Künig/
               Ertzhertzog zuͦ Oſtericht/ Hertzog zuͦ <lb/>Burgunde/ zuͦ Braband/ vnd Pfaltzgraff
               <abbr>rc̃.</abbr> Bekennẽt <lb/>Als der Erſam vnſer vñ des Richs lieber getrüwer <choice>
                  <orig>Eu<lb break="no"/>charius</orig>
                  <reg>Eucharius</reg>
               </choice> Roͤßlin doctor der Ertzney/ Etlich tractat vnd <lb/>buͦcher/ dem gemeinen
               nutz/ Vñ ſunderlich den <choice>
                  <orig>ſchwan-<lb break="no"/>gern</orig>
                  <reg>ſchwangern</reg>
               </choice> frawen vnd iren neugeboren kinden zuͦ fürdrung vñ <lb/>guͦttem gemacht/
               vnd trucken vnd vßgoͤn zuͦ laſſen <choice>
                  <orig>wil-<lb break="no"/>lens</orig>
                  <reg>willens</reg>
               </choice> iſt/ Das wir im demnach diſe beſunder gnad vnd <lb/>fryheit gethon vnd
               gegeben haben/ thuͦn vnd gebẽ ime die <lb/>auch hie mit wiſſentlich in krafft diß
               brieffs/ Alſo das <choice>
                  <orig>nie<lb break="no"/>mands</orig>
                  <reg>niemands</reg>
               </choice> in was wurdẽ/ ſtands oder weſens der ſey/ die <choice>
                  <orig>ſel<lb break="no"/>ben</orig>
                  <reg>ſelben</reg>
               </choice> bücher In ſechs iaren den nechſten nach datũ diß <choice>
                  <orig>vn<lb break="no"/>ſers</orig>
                  <reg>vnſers</reg>
               </choice> keyſerlichẽ brieffs volgend/ die nit nachtruckẽ. Vnd <lb/>ob die vſſerthalb
               des heiligẽ Reichs vñ in frembdẽ <choice>
                  <orig>Na<lb break="no"/>tionen</orig>
                  <reg>Nationen</reg>
               </choice>/ teutſchen oder andren zungen getruckt würdent/ <lb/>Die ſelben in dem
               heiligen reich nit feyl haben/ <choice>
                  <orig>verkauf<lb break="no"/>fen</orig>
                  <reg>verkauffen</reg>
               </choice> oder vertreibẽ ſollẽ. Vnd gebieten daruff allen vnd <lb/>yeglichen
               Churfürſten/ Fürſten/ geiſtlichen vnd <choice>
                  <orig>weltli-<lb break="no"/>chen</orig>
                  <reg>weltlichen</reg>
               </choice> Prelaten/ Grauen/ Freyen/ Herrẽ/ Rittern/ <choice>
                  <orig>Kne-<lb break="no"/>chten</orig>
                  <reg>Knechten</reg>
               </choice>/ Hauptlüten/ Vitzumben/ Voͤgten/ Pflegern/ <lb/>Verweſern/ Amptlütẽ/
               Schultheiſſẽ/ Burgermeiſtern <lb/>Richtern/ Reten/ Burgern/ Gemeindẽ/ Vñ ſunſt allẽ
               <lb/>andren Vnſern vnd des Reichs vnderthonẽ vnd <choice>
                  <orig>getrü-<lb break="no"/>wen</orig>
                  <reg>getrüwen</reg>
               </choice>/ in was würde/ ſtadts/ od’ weſens die ſeyen/ ernſtlich <lb/>mit diſem
               brieff/ Vñ woͤllend das ſie den genātẽ doctor: <lb/>Eucharius/ by ſolcher vnſer
               fryheit handthabẽ/ ſchützen <lb/>vnd ſchirmẽd/ Vnd die berürten bücher dar vber nit <choice>
                  <orig>tru-<lb break="no"/>cken</orig>
                  <reg>trucken</reg>
               </choice>/ feylhaben/ oder verkauffen laſſen/ Solichs auch <pb n="4"/> allenthalben
               in yren fürſtentumben/ Landen/ ſtettẽ <choice>
                  <orig>her<lb break="no"/>ſchafften</orig>
                  <reg>herſchafften</reg>
               </choice>/ vnd gebieten zuͦ thuͦn beſtellẽ/ Als lieb als einẽ <lb/>yeglichen ſey
               vnſer vnd des Rychs ſchwer vngnad vnd <lb/>ſtraff/ vnnd darzuͦ ein peen/ Nemlich
               zehen marck loͤtigs <lb/>gold zuͦ vermyden/ die ein yeder ſo wider diß vnſer <choice>
                  <orig>frey<lb break="no"/>heit</orig>
                  <reg>freyheit</reg>
               </choice> die bücher trucken/ feylhabẽ oder verkauffen würde <lb/>ſo offt das
               beſchehe vns halb in vnſer kam̃er/ vnd den <choice>
                  <orig>an<lb break="no"/>dren</orig>
                  <reg>andren</reg>
               </choice> halb theil dem gemeltẽ doctor Eucharius <choice>
                  <orig>vnabloͤß-<lb break="no"/>lich</orig>
                  <reg>vnabloͤßlich</reg>
               </choice> zuͦ bezalẽ verfallen ſein ſolle/ mit vrkund diß brieffs <lb/>Geben in vnſer
               vnd des heiligen Reichs ſtatt Coͤln am <lb/>vier vnd zweintzigſten tag des monats
               Septẽber/ nach <lb/>Chriſti geburt fünffzehenhundert vñ im zwoͤlfften/ vnſer
               <lb/>Reiche des Roͤmiſchen im ſyben vnd zweintzigſten vnd <lb/>des hungeriſchen im
               drey vnd zweintzigſten Jaren.</p>
 <signed><seg>Per regem<lb break="no"/>per ſe.</seg>
<seg>Ad mandatũ domini <choice><orig>Im-<lb break="no"/>peratoris</orig><reg>Imperatoris</reg></choice> proprium.
<lb/>Serñteiner.</seg></signed></div>
<gap/>
<pb n="6"/>
 <div type="dedication"><p>Der durlüchtigen vnd <choice>
                  <orig>hochge<lb break="no"/>bornẽ</orig>
                  <reg>hochgebornẽ</reg>
               </choice> fürſtin vñ frawẽ/ fraw Katherina geborn võ <choice>
                  <orig>Sa<lb break="no"/>chſen</orig>
                  <reg>Sachſen</reg>
               </choice>/ Hertzogin zuͦ brunſtzwigk vñ Lunenburg/ meiner <lb/>gnedigſten frawẽ/
               Eubeut ich Eucharius Roͤßlin in <choice>
                  <orig>ar<lb break="no"/>tzney</orig>
                  <reg>artzney</reg>
               </choice> doctor/ Mein vnderthenig gehorſam willigſt diẽſt <lb/>zuͦ vor/ Gnedigſte
               fürſtin/ Ich fynde imbuͦch d’ gſchoͤpffe <lb/>am tritten capitel/ Das der almechtig
               ewig gott vnſer <lb/>aller erſtẽ muͦter Eue/ vmb vbertrettũg des gebottes/ dẽ
               <lb/>fluͦch gegebẽ/ das ſie in ſchmertzen ire kinder geberẽ ſolt/ <lb/>Welchẽ fluͦch
               all frawẽ võ ir ererbt/ Vñ wie wol ſolcher <lb/>ſchmertz mit keiner vernunfft/
               weißheit od’ kunſt gentzlich <lb/>hingeleit vñ gehindert mag werden/ ye doch wañ ſich
               die <lb/>ſchwāgern frawẽ vor vñ in der geburt ordẽlich dar zuͦ <choice>
                  <orig>ſch<lb break="no"/>ickẽ</orig>
                  <reg>ſchickẽ</reg>
               </choice> vñ haltẽ/ auch mit vernünfftigẽ gelertẽ frawẽ vñ <choice>
                  <orig>heb<lb break="no"/>ammẽ</orig>
                  <reg>hebammẽ</reg>
               </choice> verſehẽ/ mag ſolicher ſchmertz gmiltert vñ <choice>
                  <orig>gemin<lb break="no"/>dert</orig>
                  <reg>gemindert</reg>
               </choice> werdẽ. Darũb gneidigſt fürſtin/ die weil. <abbr>V. F. G.</abbr> <lb/>Mich vor etlichẽ
               iarẽ/ ſolich ler vñ vnderweißung zuͦ guͦt <lb/>den ſchwāgern frawen vñ der hebam̃en
               zuͦ offnẽ gebettẽ <lb/>hat/ Als dā bin ich <abbr>V. F. G.</abbr> vuß gehorſamer vnd’theniger
               <lb/>pflicht/ alles dz ſo den bemerltẽ ſchwāgern geberendẽ <choice>
                  <orig>fra-<lb break="no"/>wen</orig>
                  <reg>frawen</reg>
               </choice> vñ hebam̃en zuͦ wiſſen not iſt/ vnd von dẽ <choice>
                  <orig>hochgeloͤr<lb break="no"/>ten</orig>
                  <reg>hochgeloͤrten</reg>
               </choice> doctoribus/ ſo vor mir geſchribẽ vnd erfarn/ ſoliches <lb/>zuͦ offnen
               fleiſſig vñ willig. Wie wol. <abbr>v. f. g.</abbr> mit hoher <choice>
                  <orig>ver<lb break="no"/>nunfft</orig>
                  <reg>vernunfft</reg>
               </choice> vñ wiſſen begabt/ das. <abbr>v. f. g.</abbr> in diſen vnd merern <lb/>zuͦ lernẽ on not
               wer. Seind doch vyl erſamer iũger frawẽ <lb/>vñ hebam̃en die kleinẽ bericht habẽ/ vñ
               ynen ſolichs ſo in <lb/>diſẽ buͦch begriffen verborgẽ/ denẽ diſes zuͦ wiſſen not will
               <lb/>ſein. Iſt deßhalb an. <abbr>v. f. g.</abbr> mein vndertenigſt bit. V. f. g. <lb/>woͤlle diſes
               buͦch (d’ ſchwangern frawẽ Roßgartẽ genāt) <lb/>võ mir/ gnediglichẽ empfahẽ/ vñ in.
               <abbr>v. g.</abbr> fürſtenthũb/ vñ <lb/>andren teutſchen landen/ den Erſamẽ züchtigen <choice>
                  <orig>ſchwan<lb break="no"/>gern</orig>
                  <reg>ſchwangern</reg>
               </choice> frawẽ vñ hebām̃en vßtheilẽ/ Bin ich vngezweifleter <lb/>hoffnũg ſie
               werdent dariñ gnuͦgſamẽ bericht finden wie <pb n="7"/> ſie ſich in allẽ dingẽ haltẽ
               ſollẽ. Vñ ob. <abbr>v. f. g.</abbr> merets <choice>
                  <orig>ber<lb break="no"/>richts</orig>
                  <reg>berrichts</reg>
               </choice>/ der in diſem buͦch nit begriffẽ zuͦ wiſſen begerte. <choice>
                  <orig>die<lb break="no"/>wyl</orig>
                  <reg>diewyl</reg>
               </choice> ſich nit alle ding zuͦ ſchreiben gebürt. Will ich vß <choice>
                  <orig>ge-<lb break="no"/>horſamer</orig>
                  <reg>gehorſamer</reg>
               </choice> vndertheniger pflicht. <abbr>v. f. g.</abbr> muntlichẽ bericht <lb/>zuͦgebẽ gar zwillig
    ſein/ vñ hie mit wil ich mich <abbr>n. v. f. g.</abbr> <lb/>ſchutz vnd ſchirm wider die klaffer
               vndertheiniglichen <choice>
                  <orig>be-<lb break="no"/>ſolhẽ</orig>
                  <reg>beſolhẽ</reg>
               </choice> habẽ. Datũ zuͦ Wurms vff dẽ. <num>vv.</num> tag des monats <lb/>Hornung. Im
               iar als man zalt von der geburt Chriſti/ <lb/>Funffzehen hundert vnd dreyzehen.</p></div>
<div type="admonishment"><head>Ermanung zuͦ den ſchwāgern frawẽ vñ hebam̃en.</head>
<lg><lg><l>Wie vyl got ſey am menſchen gelegen</l>
 <l>Kan yeder wol dabey erwegen</l></lg>
<lg><l>Das er kam ab von hymels thron</l>
<l>In diſem ellend vmb zuͦgen</l></lg>
<lg><l>Zuͦ troſt menſchlicher creatur</l>
<l>Die er erarnet hat ſo ſur</l></lg>
<lg><l>Das er ſie mit ſeim eigen bluͦt</l>
<l>Loͤßt/ als ein vatter billich tuͦt</l></lg>
<lg><l>Der im anleib vnd guͦt abbricht</l>
<l>Wo er ſein kind in noͤten ſicht</l></lg>
<lg><l>Es iſt auch leichtlich zuͦ verſton</l>
<l>Warumb er hat die arbeit gthon</l></lg>
<lg><l>Das er der ſelen neme acht</l>
<l>Die im zuͦ gleichnüß waß gemacht</l></lg>
<lg><l>Nuͦn iſt das yetz ein kleglich ding</l>
<l>Das wir ein ſele ſo gering</l></lg>
<lg><l>Schetzen/ vnd nit nemen war</l>
<l>Wie doch ſie iſt ſo edel gar</l></lg>
<lg><l>Vnd iſt ein ſollich groſſe that</l>
<l>Wer hie ein ſel bewaret hat</l></lg>
<lg><l>Das got im gibt darnnib ein kron</l>
<l>Vnd im hymel beſundren lon</l></lg>
<lg><l>Mein ſynn vnd meinung ſtat daran</l>
<l>Das groſſer fleiß werd koͤret an</l></lg>
<pb n="8"/>
 <lg><l>So ein menſch würd alhie geboren</l>
<l>Vff das die ſel nit werd verloren</l></lg>
<lg><l>Weñ die matery geſchickt iſt</l>
 <l>Vnd ir zuͦm leben nicht gebriſt</l></lg>
<lg><l>So gündt ir got das edel leben</l>
<l>Vnd thuͦt ir bald eur ſele geben</l></lg>
<lg><l>Das ich dañ ſchetz ein groſſe gob</l>
<l>Darumb ſey im alzeit eer vnd lob</l></lg>
<lg><l>Nuͦn ſeind wir offt nit wol bereit</l>
 <l>Was vns got gibt vß gütikeit</l></lg>
<lg><l>Das wirs verwarrlaßen alles gar</l>
<l>Solchs groſſen dings nit nemen war</l></lg>
<lg><l>Ich meyn die hebammen alle ſampt</l>
<l>Die alſo gar kein wiſſen handt</l></lg>
<lg><l>Darzuͦ durch ir hynleſſigkeit</l>
 <l>Kind verderben weit vnd breit</l></lg>
 <lg><l>Vnd handt ſo ſchlechtẽ fleiß gethon</l>
<l>Das ſie mit ampt ein mort begon</l>
<l>Vnd gibt man yn darzuͦ der lon</l></lg>
<lg><l>Weñ es die muͦter ſelber dett</l>
<l>Gar bald man ſie vergraben hett</l></lg>
<lg><l>Lebendig/ vnd ein ſolichen ſchad</l>
<l>Strafft der keyſer mit dem rad</l></lg>
<lg><l>So laßt man die vngeſtrafft hyngon</l>
<l>Doch wart ſie dort von got den lon</l></lg>
<lg><l>Weñ nuͦn ſolches kind verdirbt
</l><l>Vnd on den heiligen tauff erſtirbt</l></lg>
<lg><l>Die hebam̃ ſchuldig iſt daran</l>
<l>On gots geſicht muͦß ewig ſton</l></lg>
<lg><l>Thuͦt ir den hymel ſelbs beſchlieſſen</l>
<l>So die das kind mag nym̃er buſſen</l></lg>
<lg><l>An dieſem tod ſie ſchuldig was</l>
<l>Vnd kan nit mer widerbringen das</l></lg>
<pb n="9"/>
<lg><l>Dem kind gots angeſicht erwerben</l>
<l>Das durch ir dum̃heit müſt verderben</l></lg>
<lg><l>Mit kurtzen worten/ wir ſeind die</l>
<l>Vff erden ſeind erboren hie</l></lg>
<lg><l>Den got nach dieſer betruͦbten zeit</l>
<l>Vns gern das ewig leben gibt</l></lg>
<lg><l>Vnd hymelſch burger ſeind erboren</l>
<l>Nach dieſer zeit dar zuͦ erkoren</l></lg>
<lg><l>Dar zuͦ ein yedes ſoll fürdrung geben</l>
<l>Das es ein menſchen bring zum leben</l></lg>
<lg><l>Hebam̃en myn ich in ſunderheit</l>
<l>Die zuͦ dem ampt ſoͤln ſein bereit</l></lg>
<lg><l>Vnd darumb nemen iren ſoldt</l>
<l>Das ſie die ding recht handlen wolt</l></lg>
<lg><l>Nun geſchehen ſo vyl negligentz</l>
<l>Das ich darumb nym conſcientz</l></lg>
<lg><l>Vnd iſt mir in meinem hertzen leid</l>
<l>Das ſie ſo gar ein kleinen beſcheid</l></lg>
<lg><l>Wiſſen vnd gantz niht verſtan
</l><l>Was ſolichs ampt will vff im hand</l></lg>
<lg><l>Da mit ſie in den groſſen dingen</l>
<l>Manch menſch vmb ewigs leben bringen</l></lg>
<lg><l>Vom leben will ich hie nit ſagen</l>
<l>Wie es vaſt billich wer zuͦ klagen</l></lg>
<lg><l>Hab ich mir das zuͦ hertzen genõmen</l>
<l>Got zu lob/ vnd vns zuͦ frommen</l></lg>
<lg><l>Den armen ſelen auch zuͦ troſt</l>
<l>Die damit werden hie erloßt</l></lg>
<lg><l>Vnd nit ſo vil mort wurd geſchehen</l>
<l>Als offt vnd dick ichs hab geſehen</l></lg>
<lg><l>Solich farleſſigkeit bleip furt</l>
<l>Vermitten in menſchlicher geburt</l></lg>
<pb n="10"/>
<lg><l>Vnd kem die frawen leichtlich an</l>
<l>Wie man dem kindlin helffen kan</l></lg>
<lg><l>Die hebam̃ ir kunſt hie thuͦt finden</l>
<l>Was man handlen ſoll mit kinden</l></lg>
<lg><l>Hab ich yn geben ein verſtandt</l>
<l>Den ſie in diſem büchlin handt</l></lg>
<lg><l>Dariñ ſie finden guͦten bericht</l>
<l>Was in menſchen geburt geſchicht</l></lg>
<lg><l>Sie ſeyen natürlich oder nit</l>
<l>Sorgſam/ boͤß/ oder guͦt/ damit</l></lg>
<lg><l>Was inſtrument ſie ſoͤllen han</l>
<l>Damit dem kind man helffen kan</l></lg>
<lg><l>Dar von kein hebam̃ mir yetzund</l>
<l>Gantz vnd gar nichts ſagen kund</l></lg>
<lg><l>Das laßt mir zuͦ mein facultet
</l><l>Die ſoͤlich ding in übung het</l></lg>
<lg><l>Ich hab all ding beglimpfet ſchon</l>
<l>Doch das die frawen wol verſton</l>
<l>Weiplicher zucht zuͦ eren gthon</l></lg>
<lg><l>Darumb kein fraw ſich ſchāmen gthar</l>
<l>Ob ſie es leſen alles gar</l></lg>
<lg><l>Vnd halten ſich ordlich vor der geburt</l>
<l>Dariñ/ vnd weiters dar nach furt</l></lg>
<lg><l>Dan ſie diß büchlin wol bericht
</l><l>Wie ſie ſich halten mit geſchicht</l>
 <l>Das yn mißlinge nit villicht</l></lg>
<lg><l>Sie finden ſo vil hilff dar zuͦ</l>
<l>Was yede fraw für mißling thuͦ</l></lg>
<lg><l>Auch wie ſie fleiß vnd ernſt an keren</l>
<l>Ire frucht im leib erneren</l></lg>
<lg><l>Die das weib entpfangen hat</l>
<l>Das ire frucht natürlich hat</l></lg>
<pb n="11"/>
<lg><l>Man findt vyl boͤße weib dar neben</l>
<l>Die zuͦ dem tod ein vrſach geben</l>
<l>Das die frucht nit kum̃ zuͦm leben</l></lg>
<lg><l>Iſt got ein got in hymels thron</l>
<l>So würt den ſelben auch ir lon
</l><l>Die ſelben boͤſen laß ich ſton</l></lg>
<lg><l>Diß buͦch iſt den frõmen gemacht</l>
<l>Das ſie der ſtuck all nemen acht</l></lg>
<lg><l>Vnd ſolichs faſſen auch zuͦ hertzen</l>
<l>Vff das ſie deſter minder ſchmertzen</l></lg>
<lg><l>Muſſen in den noͤten lyden</l>
<l>Vnd vyl ſorg vnd angſt vermyden</l></lg>
<lg><l>Dañ diß büchlin lernet wol
</l><l>Wie geſchicklich man das üben ſol</l></lg>
<lg><l>Mit ſorgen warten/ vnd vffbringen</l>
<l>Füglichen handlen in den dingen</l></lg>
<lg><l>¶Ich hab eüch frawen gnuͦg ermant</l>
<l>Wie eüch geberen würt erkant</l></lg>
<lg><l>Leichtlich vnd mit minder ſchmertzen</l>
<l>Darumb ſo faßt mein ler zuͦ hertzen</l></lg>
<lg><l>Wie wol onſchmertzen das nit iſt</l>
<l>Noch werdt ir deſter baß geryſt</l></lg>
<lg><l>Das eüch in geburt nit mißeling
</l><l>Die arbeit würt eüch deſter gering</l></lg>
<lg><l>Darumb diß büchlin iſt genant
</l><l>Der frawen Roßgarten wol erkant</l></lg>
<lg><l>Dariñ ir kreüter/ brechen/ graben</l>
<l>Die leib. ſel/ vnd leben haben</l></lg>
<lg><l>Solich roſen die ir handt genõmen</l>
<l>Für gottes angeſicht werden kõmen</l></lg>
<lg><l>Darumb ir ſoͤllen haben acht</l>
<l>Große ſorg vnd vil betracht</l></lg>
<pb n="12"/>
<lg><l>Das ir die roſen brechent ab</l>
<l>Das got gefallen hab dar ab</l></lg>
<lg><l>Als ir nach diſem betrübten leben</l>
<l>Fürs üwer kind woͤbnt antwurt gebe
</l></lg><lg><l>Findt ir nutz vnd guͦte lere</l>
<l>Beger ich von eüch hie nit mere</l></lg>
<lg><l>Dañ das mein werd in eren gedacht</l>
<l>Das ich den garten hab gemacht</l></lg>
<lg><l>Zuͦ troſt vnd freud weiplichẽ geſchlecht</l>
<l>Noch weitrem lon ich doch nit vecht</l></lg>
<lg><l>Vnd ob den ſolichs nit wurdt gthon</l>
<l>So hoff ich doch von got den lon.</l></lg></lg></div>
<div type="preface"><head><abbr>Vorred.</abbr></head>
<p>Nach dem vnd got der almechtig/ mit ſeiner hohẽ vn <lb/>entlichen weißheit/ den menſchen vßnicht
               geſchaffen/ yn <lb/>zuͦ beſitzen ewige freud vnd ſeligkeit gnediglichen <choice>
                  <orig>ange-<lb break="no"/>ſehẽ</orig>
                  <reg>angeſehẽ</reg>
               </choice>/ Iſt er im mit ſo groſſer liebe geneigt/ das er vß dem <lb/>vberfluß ſeiner
               goͤtlichen barmhertzigkeit/ ſo vil gnaden <lb/>vnd gaben an yn geleit/ So vyl
               vernunfft vnd ſinn im <lb/>verbuhen/ Den ſchatz ſeiner vnzalichen weißheit/ ſo <choice>
                  <orig>ma<lb break="no"/>nifaltiglich</orig>
                  <reg>manifaltiglich</reg>
               </choice> mitthalt/ das der menſch mit rylicher hilff <lb/>der ewigen weißheit/ die
               groſſe weite vnd breite der erden <lb/>des moͤres vnd des lufftes erfunden/ die hoͤhe
               vnd groͤſſe <lb/>der hymeln ermeſſen/ vmbgangk des firmamentz/ des <choice>
                  <orig>ge<lb break="no"/>ſtirne</orig>
                  <reg>geſtirne</reg>
               </choice>/ vnd der ſyben planeten vermerckt/ der ſonnẽ vnd <lb/>auch des mons lauff/
               eygentlich gantz vnd gewyß <choice>
                  <orig>vernõ-<lb break="no"/>men</orig>
                  <reg>vernõmen</reg>
               </choice> hat Als dann ſeind diſe hochgelert kunſtrich <choice>
                  <orig>natür-<lb break="no"/>lich</orig>
                  <reg>natürlich</reg>
               </choice> meiſter/ Galienus/ Raſis/ Auicenna/ Auerrois vnd <lb/>ander nit not alle
               zuͦ melden/ ſo mit ſcharpffer vernunfft <pb n="13"/> hoher verſtentnüß vnd mit
               bluͦgen ſinnẽ/ von dem liecht <lb/>der ewigen wyßheit/ ſo gantz begabet vnd erlucht
               vñ <choice>
                  <orig>vn<lb break="no"/>derwyſen</orig>
                  <reg>vnderwyſen</reg>
               </choice>/ das ſie durch yngieſſung goͤtlicher gnad/ auch <lb/>mit groſſem ernſt/
               fleiß vnd arbeit/ ſo die dann daruff <choice>
                  <orig>ge<lb break="no"/>leit</orig>
                  <reg>geleit</reg>
               </choice> vnnd begriffen haben/ den menſchen ſo vyl dañ <choice>
                  <orig>mug<lb break="no"/>lich</orig>
                  <reg>muglich</reg>
               </choice> iſt/ by geſundtheit ſeines leibs zuͦ behaltẽ/ Vnd ob er <lb/>in kranckheit
               viel/ in da von zuͦ entledigẽ. Vañ nuͦn den <lb/>Erſamen züchtigen frawen/ nach dem
               vnd ſie <choice>
                  <orig>ſchwan-<lb break="no"/>ger</orig>
                  <reg>ſchwanger</reg>
               </choice> werden vor/ in/ vnd nach der geburt/ auch irer frucht <lb/>vyl kuͦmers vnd
               lydens zuͦ handẽ gadt/ vnd mancherley <lb/>ſiechtagẽ vnd kranckheit ynẽ zuͦ ſtat/ Als
               das ſie in kinds <lb/>noͤten/ mit ſchweren breſten/ ſchadẽ vnd zuͦfallẽ/ offt vber
               <lb/>laden werden/ Da durch zuͦzeitẽ die armen ellendẽ kind <lb/>lin verſaumpt vnd
               verkürtzt werdẽ/ alſo das ſie des <choice>
                  <orig>hei-<lb break="no"/>ligẽ</orig>
                  <reg>heiligẽ</reg>
               </choice> tauffs vnd ewiger freud beraupt werdẽ/ Darumb <lb/>got dem almechtigen zuͦ
               lob vnd ere/ den ellenden armen <lb/>kinder zuͦ hilff vnd zuͦ troſt/ auch den erſamen
               züchtigen <lb/>ſchwangern frawẽ/ zuͦ lieb vnd zuͦ dienſt iſt das klein <choice>
                  <orig>bü-<lb break="no"/>chlin</orig>
                  <reg>büchlin</reg>
               </choice> vßgezogen/ vß den obgemelten hochgeloͤrten vnnd <lb/>kunſtreichen
               natürlichen meiſtern/ Vnd ſagt/ wie mait <lb/>wenden/ heilen vnd fürkõmen ſoll die
               kranckheitẽ/ <choice>
                  <orig>ſiech-<lb break="no"/>tagen</orig>
                  <reg>tagen</reg>
               </choice>/ vnd zuͦfall/ ſo den ſchwangern/ geberenden frawẽ <lb/>vnd den nuwgebornen
               kinden zuͦſtend vnnd zuͦ handen <lb/>foͤnd/ Vnd iſt das büchlin vßgetheilt in zwoͤlff
               capitel.</p></div>
</body>
</text>
</TEI>
