<?xml version="1.0" encoding="UTF-8"?>
<?xml-model href="http://www.tei-c.org/release/xml/tei/custom/schema/relaxng/tei_lite.rng" type="application/xml" schematypens="http://relaxng.org/ns/structure/1.0"?>
<?xml-model href="http://www.tei-c.org/release/xml/tei/custom/schema/relaxng/tei_lite.rng" type="application/xml"
	schematypens="http://purl.oclc.org/dsdl/schematron"?>
<TEI xmlns="http://www.tei-c.org/ns/1.0">
<teiHeader>
<fileDesc>
 <titleStmt>
<title>Ein ſchoͤn luſtig <choice>
                  <orig>Troſt-<lb break="no"/>buͤchle</orig>
                  <reg>Troſtbuͤchle</reg>
               </choice> von den empfengknuſſen vnd <choice>
                  <orig>ge-<lb break="no"/>burten</orig>
                  <reg>geburten</reg>
               </choice> der menſchen/ vnnd jren vilfaltigen zuͦfaͤlen <lb/>vnd verhindernuſſen/ mit
               vil vnnd mancherley <choice>
                  <orig>be-<lb break="no"/>waͤrter</orig>
                  <reg>bewaͤrter</reg>
               </choice> ſtucken vnnd artznyen/ ouch ſchoͤnen <choice>
                  <orig>figu-<lb break="no"/>ren</orig>
                  <reg>figuren</reg>
               </choice>/ darzuͦ dienſtlich/ zuͦ troſt allen gebaͤrenden <choice>
                  <orig>frou-<lb break="no"/>wen</orig>
                  <reg>frouwen</reg>
               </choice>/ vnd eigentlichem bericht der Hebam̃en/ erſt <lb/>nüwlich zuͦſamen gelaͤſen
               durch Jacob Ruͤff/ <lb/>burger vnd Steinſchnyder der <choice>
                  <orig>lob-<lb break="no"/>lichen</orig>
                  <reg>loblichen</reg>
               </choice> Statt Zürych. <lb/><bibl>Getruckt zuͦ Zürych by Chriſtoffel Froſchouer/
                     <lb/><date>im <num rend="antiqua">M. D. LIIII.</num> jar.</date></bibl></title>
<author>Jakob Rüff</author>
 </titleStmt>
 <editionStmt>
<edition>Digital Facsimile from Bayerische Staatsbibliothek</edition>
<respStmt><resp>transliterator, TXT and XML encoder</resp>
 <name>Whitt, Richard J.</name></respStmt></editionStmt>
 <publicationStmt>
<p>Place of Publication: Zurich</p>
<p>Year: <date>1554</date></p>
<p>Extract: Front Matter (pp. aa ij.r-aa iiij.r)</p>
 </publicationStmt>
 <sourceDesc>
<bibl>URL: http://daten.digitale-sammlungen.de/~db/0002/bsb00024324/images/</bibl>
 </sourceDesc>
</fileDesc>
</teiHeader>
<text>
<body>
 <pb n="aa ij.r"/>
<div type="preface"><head>Dem Eerenueſten/ frommen/ fürſichtigen/
 <lb/>eerſamen vnd wyſen/ herr Johanſen Hab/ <choice><orig>Burgermei-<lb break="no"/>ſter</orig><reg>Burgermeiſter</reg></choice>
der loblichen ſtatt Zürych/ minem ſonders günſtigen <choice><orig>ber<lb break="no"/>ren</orig><reg>berren</reg></choice>
 vnd gfattern/ wünſch ich Jacob Ruͤff/ mit aller <choice><orig>vn<lb break="no"/>derthenigkeit</orig><reg>vnderthenigkeit</reg></choice>
 vnd gehorſame/ vil heil/ gnad vnd
 <lb/>frid durch Jeſum Chriſtum vnſeren
 <lb/>einigen Heiland.</head>
<p>Es kan vnder allen menſchẽ/ mit keinem ſchyn <lb/>der warheit/ nieman loͤugnen/ daß nit der
               einig/ <lb/>ewig vnd allmaͤchtig Gott alle ſine creaturen jm <lb/>zuͦ eeren vnd dem
               menſchen/ als der edleſten <choice>
                  <orig>crea-<lb break="no"/>tur</orig>
                  <reg>creatur</reg>
               </choice>/ zuͦ guͦtem erſchaffen habe: daß er ouch alle <choice>
                  <orig>ge-<lb break="no"/>ſchoͤpfften</orig>
                  <reg>geſchoͤpfften</reg>
               </choice> mit ſonderen geheimnuſſen vnnd <choice>
                  <orig>ver-<lb break="no"/>borgnen</orig>
                  <reg>verborgnen</reg>
               </choice> krefften der naturen zuͦ der menſchen notwendigkeit <lb/>dienſtlich
               begabet/ vnd die ſelbigen dem menſchen nit <choice>
                  <orig>verhal-<lb break="no"/>ten</orig>
                  <reg>verhalten</reg>
               </choice>/ ſonder vß luterer trüw vnd gnad zuͦ guͦtem geoffenbaret<lb/>habe. ſo dann er ſin trüw ſo
               vilfaltig gegen den menſchen <choice>
                  <orig>be<lb break="no"/>wiſen</orig>
                  <reg>bewiſen</reg>
               </choice>/ iſt ſin will vnd meinung gentzlich/ daß ſoͤlicher trüw die <lb/>menſchen
               gegen einanderen ouch zuͦ guͦtem geſinnet ſygind/ <lb/>vnnd alle die ſo von Gott
               etwas geheimnuſſen der naturen <lb/>durch eroffnung oder erfarung überkom̃en habend/
               die zuͦ <choice>
                  <orig>guͦ-<lb break="no"/>tem</orig>
                  <reg>guͦtem</reg>
               </choice> anderen menſchen ouch offnind vnnd an tag bringind. <lb/>Diewyl aber der
               menſch die edleſt gſchoͤpfft vnder allen <choice>
                  <orig>crea-<lb break="no"/>turen</orig>
                  <reg>creaturen</reg>
               </choice> iſt/ als den Gott nach ſiner bildtnuß erſchaffen/ vñ zum <lb/>berren aller
               anderer creaturen verordnet/ jm hie zuͦ dienen/ <lb/>vnd doͤrt ewige froͤud mit jm
               vnnd allen vßerwelten englen <lb/>zenieſſen/ iſt wol zuͦ gedencken/ daß es ein
               herrliche gaab <choice>
                  <orig>Got-<lb break="no"/>tes</orig>
                  <reg>Gottes</reg>
               </choice>/ vnd hochuerrümpte wüſſenheit ſyge/ nit nun ye by wylen <lb/>ſinen
               kranckheiten zeradten/ ſonder jm in ſinen anfaͤngen/ <lb/>ſo er empfangen oder an
               diſe waͤlt geboren werden ſol/ <choice>
                  <orig>zehelf-<lb break="no"/>fen</orig>
                  <reg>zehelffen</reg>
               </choice>. Diſer verſtand aber vnd wüſſenheit ſo troſtlicher hilff/ iſt <pb
                  n="aa ij.v"/> by aller waͤlt in ſoͤliche groſſe verachtung kom̃en/ daß ſich <choice>
                  <orig>de-<lb break="no"/>ren</orig>
                  <reg>deren</reg>
               </choice> nieman beladen/ ſond’ als ein wybiſche ſach allein <choice>
                  <orig>verſche-<lb break="no"/>tzen</orig>
                  <reg>verſchetzen</reg>
               </choice> wil. Es findt ſich aber mithinzuͦ an taͤglicher erfarnuß <choice>
                  <orig>ü-<lb break="no"/>bergroſſer</orig>
                  <reg>übergroſſer</reg>
               </choice> ſchad ſo vß ſoͤlicher verachtung geuolget/ alſo/ daß <lb/>dem armen
               wyblichen gſchlaͤcht/ ſo vß mangel diſer kunſt vnd <lb/>wüſſenheit offt verwarloſet
               wirt/ groſſe zuͦfaͤl vñ kranckheiten <lb/>geuolgend: den armen kinden ouch/ ſo jren
               elteren zuͦ troſt vnd <lb/>froͤud ſoltend vff diſe erden geboren werden/ nüt minders <choice>
                  <orig>be-<lb break="no"/>gegnet</orig>
                  <reg>begegnet</reg>
               </choice>. ſoͤlichem ſchaden fürzekom̃en/ hab ich etliche <choice>
                  <orig>beſon-<lb break="no"/>der</orig>
                  <reg>beſonder</reg>
               </choice> bewaͤrte ſtuck/ vilen zuͦ guͦtem/ vß etlichen geleerten <choice>
                  <orig>artze-<lb break="no"/>ten</orig>
                  <reg>artzeten</reg>
               </choice>/ ouch was mir Gott durch vilfaltige erfarnuß mitgeteilt/ <lb/>zuͦſamen
               gelaͤſen: vnangeſehen die verachtlich wyß vnuerſten <lb/>diger lüten/ ſo ab ſoͤlichen
               dingen ein ſond’ abſchühen habend/ <lb/>denen doch es glych wol zuͦ guͦtem als ander
               lüten gedienen <lb/>mag. Wiewol aber ſoͤlichs vmb der Hebam̃en willen <choice>
                  <orig>ſon-<lb break="no"/>derlichs</orig>
                  <reg>ſonderlichs</reg>
               </choice> beſchaͤhen/ als der ich mit ſampt anderen <choice>
                  <orig>verordne-<lb break="no"/>ten</orig>
                  <reg>verordneten</reg>
               </choice><lb/> herren jaͤrlich etliche mal die zuͦ verhoͤren pflichtig was/ <lb/>bin
               ich doch vß vilfaltigem vnd ernſtlichem anhalten der <choice>
                  <orig>eer-<lb break="no"/>ſamen</orig>
                  <reg>eerſamen</reg>
               </choice>/ from̃en/ veſten/ fürſichtigen vnd wyſen meiſter Joͤrgen <lb/>Müllers/ vnd
               Meiſter Ruͦdolff Cloters/ Oberſtermeiſteren <lb/>vnd verordneten herren zuͦ diſer
               verhoͤrung getrungen/ <choice>
                  <orig>ſoͤli-<lb break="no"/>ches</orig>
                  <reg>ſoͤliches</reg>
               </choice> vmb gmeiner nutzbarkeit willen gemein zemachen/ vnd <lb/>in den Truck
               zegeben: eins teils allen armẽ beſchwaͤrten <choice>
                  <orig>frou<lb break="no"/>wen</orig>
                  <reg>frouwen</reg>
               </choice> zuͦ troſt: demnach allen Hebammen/ ouch allen anderen <lb/>frouwen/ ſo ye
               by gebaͤrenden frouwen ſyn oder jren pflaͤgen <lb/>werdend/ zuͦ einfaltiger
               vnderrichtung.</p>
 <p>Ob glych aber yetz diſes Buͦch vil mer innhaltet dann der <lb/>Hebam̃en verſtand/ pflicht vnd
               ampt betrifft/ iſt es doch nit <lb/>on ſunder groſſe vrſachen vmb ſo vil mer
               erwyteret vnnd <choice>
                  <orig>ge-<lb break="no"/>meeret</orig>
                  <reg>gemeeret</reg>
               </choice>. Dañ wie vorgemaͤldt/ ſoͤlichs nit allein vm̃ der <choice>
                  <orig>Heb-<lb break="no"/>ammen</orig>
                  <reg>Hebammen</reg>
               </choice> vnd gebaͤrenden frouwen willen/ ſonder ouch ander <lb/>lüten vm̃ vil vnd
               mengerley zuͦfaͤlen willen zuͦ guͦtẽ gemachet <pb n="aa iij.r"/> iſt/ wie es ſich an
               der ſach ſelber kundtlich gnuͤg wirt befinden. <lb/>Dañ das im erſten Buͦch die
               anfeng der menſchwerdung <choice>
                  <orig>zuͦ-<lb break="no"/>ſampt</orig>
                  <reg>zuͦſampt</reg>
               </choice> jrem zuͦnem̃en vnd vßwachſen ſo eigentlich beſchriben <lb/>werdend/ wirt
               frylich alle menſchen/ ſo ſoͤlichs laͤſen werdend/ <lb/>der allmaͤchtigkeit Gottes/
               ouch jrer eignen demuͦt/ durch das <lb/>bedenckẽ jres haͤrkom̃ens ermanen. Daß aber
               im anderen <lb/>Buͦch die beſchrybung der Baͤrmuͦter vnd der übrigen <choice>
                  <orig>iñwen-<lb break="no"/>digen</orig>
                  <reg>iñwendigen</reg>
               </choice> teilen vnd gliderẽ deß frouwenlybs ſo eigentlich geſetzt <lb/>werdend/ iſt
               ſonderlich zuͦ guͦtem den Hebam̃en beſchaͤhen. <lb/>Daß diewyl ſich der gantz lyb zuͦ
               der burtſtund in arbeit vnd <lb/>gfar begaͤben muͦß/ vnnd bald groſſer ſchad vß
               abryſſen oder <lb/>verrucken etlicher teilen im lyb geuolgen moͤchte/ ſy ſo vil mee
               <lb/>mit gſchicktligkeit vnnd one ſchaden zehandlen berichtet <choice>
                  <orig>ſy-<lb break="no"/>gind</orig>
                  <reg>ſygind</reg>
               </choice>. Im dritten Buͦch wirt ſonderlich das ampt vnd alle <lb/>handwürckung der
               Hebam̃en beſchriben/ ouch allerley zuͦfaͤl <lb/>ſo den frouwen vm̃ die burtzyt
               begegnen moͤgend/ vnnd wie <lb/>denen zum aller kum̃licheſten mit der handwürckung
               oder <choice>
                  <orig>et-<lb break="no"/>lichen</orig>
                  <reg>etlichen</reg>
               </choice> vßerwelten artznyen begegnet moͤge werden. Im <lb/>vierdten Buͦch werdend
               allerley formen vnd gſtalten der <choice>
                  <orig>ge-<lb break="no"/>burtẽ</orig>
                  <reg>geburtẽ</reg>
               </choice>/ wie die kind vnnatürlicher wyß in viel waͤg an die burt <lb/>kom̃en
               moͤgind/ eigentlich beſchriben vnd contrafetiſch fürge <lb/>bildet/ mit heiterem
               bericht wie yeder form zum kum̃licheſten <lb/>zehelffen ſye/ allen Hebam̃en zuͦ
               ſonderer berichtung jrer ſorg <lb/>vnd arbeit dienſtlich. Das fünfft Buͦch/ ob es
               glych mit mee <lb/>der Hebammen ampt betrifft/ ſo iſt es doch vaſt notwendig
               <lb/>gſyn hiehaͤr zuͦ ſetzen/ dañ darinnen vil ſorgklicher zuͦfaͤlen <choice>
                  <orig>be-<lb break="no"/>ſchriben</orig>
                  <reg>beſchriben</reg>
               </choice> werdend/ ſonderlich wie mit mancherley boͤſen blaͤſtẽ <lb/>vnd ſchaͤdlichen
               mißgewaͤchſen etliche frouwen beladen <choice>
                  <orig>wer-<lb break="no"/>dind</orig>
                  <reg>werdind</reg>
               </choice>/ etliche ouch todtne kind by jnen tragind/ vnd wie denen <lb/>mit
               gebürlicher artzny vnd geſchickter handwürckung zuͦ helf <lb/>fen ſye. Daneben von
               vil vnd mancherley wundergeburten/ <lb/>daran fürnuß die warnungen des ewigen Gottes/
               demnach <pb n="aa iij.v"/> ouch die vnuollkom̃enheit der menſchen verſtandẽ werden/
               wo <lb/>nit Gott alle ding ſelbs mit ſiner gnad vollkommen mache. <lb/>Das ſechßt
               Buͦch aber wirdt vilfaltige praͤſten anzeigen/ <lb/>durch welche die menſchen/ vnd
               ſonderlich die frouwẽ/ zuͦ dem <lb/>gebaͤren vntugenlich werdend/ ſo jnen durch
               zuͦfaͤl zerſtoͤrter <lb/>natur oder anderer übergroſſen praͤſten vnd kranckheiten <choice>
                  <orig>zuͦ-<lb break="no"/>fallend</orig>
                  <reg>zuͦfallend</reg>
               </choice> : ouch wie denẽ als den fürnemſten vñ groͤſten <choice>
                  <orig>kranck-<lb break="no"/>heiten</orig>
                  <reg>kranckheiten</reg>
               </choice> der frouwẽ mit gebürlicher artzney moͤge begegnet <choice>
                  <orig>wer-<lb break="no"/>den</orig>
                  <reg>werden</reg>
               </choice>. An welchem allem yetz wol abzenem̃en iſt/ dz nüt zuͦ vil <lb/>in diſes
               Buͦch geſetzt oder verordnet ſyge/ ſonder allein das ſo <lb/>zuͦ groſſem guͦten vilen
               beſchwaͤrter lüten dienen moͤge. Daß <lb/>aber alles das ſo mithinzuͦ die artzny
               betrifft nit in Tütſch/ <lb/>ſonder in Latin/ in diſes Buͦch verzeichnet/ iſt darumb <choice>
                  <orig>beſchaͤ<lb break="no"/>hen</orig>
                  <reg>beſchaͤhen</reg>
               </choice>/ daß groſſe vngeſchickligkeit/ vnd derhalb groſſer ſchaden <lb/>vergoumt
               wurde/ vnd yedes in ſinẽ anligen nit für ſich ſelbs <lb/>allein/ ſonder mit radt
               geleerter vnd erfarner lüten/ vnnd mit <lb/>hilff der geſchickten Apoteckeren
               handle.</p>
 <p>Diewyl ich aber diſem minem Buͦch vmb hilff vnnd <choice>
                  <orig>anſaͤ-<lb break="no"/>hens</orig>
                  <reg>anſaͤhens</reg>
               </choice> willen mich vm̃ſich/ welchem ich es zuͦſchryben/ vnd <choice>
                  <orig>der-<lb break="no"/>halben</orig>
                  <reg>derhalben</reg>
               </choice> eignen koͤnne/ ſo befind ich vnd’ aller menge viler <choice>
                  <orig>herr-<lb break="no"/>licher</orig>
                  <reg>herrlicher</reg>
               </choice> lüten nieman/ vnder welches ſchirm vnnd namen diſes <lb/>baß dann vnder
                  <abbr>V. W.</abbr> nam̃en vßgon moͤge. Füruß darum̃/ <lb/>daß ich <abbr>V.
                  W.</abbr> allweg ein liebhaber aller künſten vñ geheim <lb/>nuſſen der naturen
               erkennt hab: demnach/ damit ich ſoͤlicher <lb/>gſtalt miner pflichtigen danckbarkeit
               vmb <abbr>V. W.</abbr> vilfaltige <lb/>guͦtthaͤten gegen mir etwas anzeigung gebe:
               fürnemlich aber <lb/>darumb daß diſes Buͦch durch <abbr>V. W.</abbr> hilff zuͦ guͦtem
               vilen <choice>
                  <orig>lü<lb break="no"/>ten</orig>
                  <reg>lüten</reg>
               </choice> mag vßgeſpreitet werden. Dañ wo es <abbr>V. W.</abbr> gefallen <choice>
                  <orig>waͤ<lb break="no"/>re</orig>
                  <reg>waͤre</reg>
               </choice>/ moͤchte diſes Buͦch allen Hebam̃en vnd pflaͤgenden <choice>
                  <orig>frou-<lb break="no"/>wen</orig>
                  <reg>frouwen</reg>
               </choice> in üwer eeren ſtatt vñ Landſchafft zuͦgſchickt werden/ <lb/>damit alle die
               ſo laͤſen koͤnnend/ ye by wylen ſich darinnẽ uͤben <lb/>moͤchtind: welche aber das
               nit koͤntind/ yedickeſt jnen ander <pb n="aa iiij.r"/> gſchickte lüt/ ſo des laͤſens
               wol berichtet/ das ſo jnen ſonderlichs <lb/>dienſtlich vß dem dritten vnnd vierdten
               Buͦch laͤſen lieſſind. <lb/>Wo ſoͤlichs beſchehe/ wurde one zwyfel nit wenig guͦts
               daruß <lb/>volgen moͤgen. Dann die Hebam̃en in jrem ampt ſo vil baß <lb/>berichtet/
               mit minderem ſchaden in etlichen faͤlen/ dañ bißhaͤr <lb/>etwan beſchaͤhẽ/ handlen
               wurdind. Darüber ſo es zuͦ jrer <choice>
                  <orig>ver-<lb break="no"/>hoͤrung</orig>
                  <reg>verhoͤrung</reg>
               </choice> kaͤme/ wie es dann ordenlich vnd wol angeſaͤhen/ <choice>
                  <orig>wur<lb break="no"/>dind</orig>
                  <reg>wurdind</reg>
               </choice> ſy mit ſo vil mee beſſerem verſtand jre antworten geben. <lb/>Die armen
               frouwen ouch/ ſo mit der not überfallẽ/ moͤchtind <lb/>allweg ſo vil mee troſts
               haben/ ſo ſy wüßtind daß jre <choice>
                  <orig>Hebam<lb break="no"/>men</orig>
                  <reg>Hebammen</reg>
               </choice> aller zuͦfaͤlen halb wol berichtet waͤrind. Andere frouwen <lb/>aber ſo ye
               zuͦ ſoͤlichen faͤlen ouch berüfft werdend/ moͤchtind jnẽ <lb/>ſelber hieruß ouch
               etwas verſtandes nem̃en/ damit ſy in allen <lb/>ſachen ſo vil mee gſchicktlicher zuͦ
               handlen berichtet waͤrind. <lb/>Hiemit ouch wurde abgeſtelt das vnnütz vnd
               überlaͤſtig <choice>
                  <orig>ge-<lb break="no"/>ſchwaͤtz</orig>
                  <reg>geſchwaͤtz</reg>
               </choice> ſo ſy ye by wylen in ſoͤlichen faͤlen trybend. Zuͦ dem allẽ/ <lb/>daß nit
               nun den vnſeren/ ſonder ouch anderlüten hin vnd <choice>
                  <orig>wi-<lb break="no"/>der</orig>
                  <reg>wider</reg>
               </choice>/ welche ſoͤlicher ſachen minder bericht habend/ zuͦ vil troſt <lb/>vnd
               guͦtem gedienen mag. Derhalben woͤlle <abbr>V. W.</abbr> in <choice>
                  <orig>anſaͤ-<lb break="no"/>hen</orig>
                  <reg>anſaͤhen</reg>
               </choice> ſoͤlicher vilfaltigen nutzbarkeiten/ daß min ſchryben mit <lb/>hilff beider
               obgemaͤldter verordneter Herren bedencken/ vnd <lb/>zuͦ guͦtem vilen lüten nach
                  <abbr>V. W.</abbr> gefallen vßkommen laſſen/ <lb/>vnd mich als <abbr>V. W.</abbr>
               allzyt willigen diener in gnaden allweg <lb/>trüwlich befolhen haben. Datum Zürych
               vff der <abbr>H.</abbr> dry <lb/>Künigen tag im <date>1554. Jar</date>.</p>
<signed>Jacob Rüff/ <abbr>V. W.</abbr> gantz
 <lb/>guͦtwilliger/ ghorſamer vñ
 <lb/>getrüwer gſatter.</signed></div>
</body>
</text>
</TEI>
