<?xml version="1.0" encoding="UTF-8"?>
<?xml-model href="http://www.tei-c.org/release/xml/tei/custom/schema/relaxng/tei_lite.rng" type="application/xml" schematypens="http://relaxng.org/ns/structure/1.0"?>
<?xml-model href="http://www.tei-c.org/release/xml/tei/custom/schema/relaxng/tei_lite.rng" type="application/xml"
	schematypens="http://purl.oclc.org/dsdl/schematron"?>
<TEI xmlns="http://www.tei-c.org/ns/1.0">
  <teiHeader>
     <fileDesc>
        <titleStmt>
           <title>Reformation/ oder <lb/>Ordnung fuͤr die <choice>
              <orig>Heb-<lb break="no"/>Ammen</orig>
              <reg>HebAmmen</reg>
           </choice>/ <lb/>Allen guten Policeyen dienſtlich. <lb/>Geſtelt an einen Erbarn Rath des <choice>
              <orig>Hey-<lb break="no"/>ligen</orig>
              <reg>Heyligen</reg>
           </choice> Reichs Statt Franckfurt/ <lb/>am Meyn/ <lb/>Durch <lb/><hi rend="antiqua">Adamum
              Lonicerum Medicum <lb/>Phyſicum</hi> daſelbſt. <lb/>Deren vnderſchiedlicher Inhalt/ vnd
              nutz/ <lb/>nechſt nach der Vorred zufinden. <lb/><date>1573.</date>
              <lb/><foreign xml:lang="Latin" rend="antiqua">Cum Caſ. Maieſt. Priuilegio ad
                 octennium.</foreign>
           </title>
           <author>Adam Lonitzer</author>
        </titleStmt>
        <editionStmt>
           <edition>Digital Facsimile from Bayerische Staatsbibliothek</edition>
           <respStmt><resp>transliterator, TXT and XML encoder</resp>
              <name>Whitt, Richard J.</name></respStmt></editionStmt>
        <publicationStmt>
           <p>Place of Publication: Frankfurt am Main</p>
           <p>Year: <date>1573</date></p>
           <p>Extract: Preface (pp. A ij.r-B.v)</p>
        </publicationStmt>
        <sourceDesc>
           <bibl>URL: http://reader.digitale-sammlungen.de/resolve/display/bsb10987882.html</bibl>
        </sourceDesc>
     </fileDesc>
  </teiHeader>
  <text>
      <body>
         <pb n="A ij.r"/>
         <div type="preface"><head>Den Ernueſten/ <choice><orig>Hoch<lb break="no"/>gelaͤhrten</orig><reg>Hochgelaͤhrten</reg></choice>/ Fuͤrſichtigen/ Erſamen vnd
               <lb/>weiſen Herrn Burgermeiſtern/ vnd Rath/
            <lb/>des Heyligen Reichs Statt Franckfurt am
            <lb/>Meyn/ meinen guͤnſtigen <choice><orig>gepie-<lb break="no"/>tenden</orig><reg>gepietenden</reg></choice>
               Herrn.</head>
            <p>ERnueſte/ Hochgelaͤhrte/ <choice><orig>Fuͤr<lb break="no"/>ſichtige</orig><reg>Fuͤrſichtige</reg></choice>/ Erſame weiſe Herrn/
               <lb/>Daß Gott der Allmechtige
               <lb/>allwegen des Menſchlichen
               <lb/>geſchlechts ſich zum hoͤchſten <choice><orig>angenom<lb break="no"/>men</orig><reg>angenommen</reg></choice>/ bezeugen vns alle Hiſtorien/ von
               <lb/>anfang der Schoͤpffung. Dann erſtlich
               <lb/>ſtehet/ Geneſis am Erſten/ Gott <choice><orig>ſchuf-<lb break="no"/>fe</orig><reg>ſchuffe</reg></choice>
               jm den Menſchen ſelbſt zum <choice><orig>Ebenbil-<lb break="no"/>de</orig><reg>Ebenbilde</reg></choice>/ Welches ein gar groſſes wort iſt/
               <lb/>darauß zuerachten/ zu was wirdẽ vnd
                  herrligkeyt Gott den Menſchen <choice><orig>erſchaf-<lb break="no"/>fen</orig><reg>erſchaffen</reg></choice>
               hat/ Nemlich jm ſelbſt zum <choice><orig>ebenbil-<lb break="no"/>de</orig><reg>ebenbilde</reg></choice>/ das iſt/ daß er ein vnſterbliche/ <choice><orig>ver-<pb break="no" n="A ij.v"/>ſtendige</orig><reg>verſtendige</reg></choice>
                  Creatur/ darzu ein Regent
               <lb/>vber alle andere Creaturn vff erden <choice><orig>we<lb break="no"/>re</orig><reg>were</reg></choice>/ durch welchen auch allein die groſſe
               <lb/>herrligkeit Gottes erkent/ gepriſen vnd
               <lb/>gelobet wuͤrde/ vnd der vor Gottes <choice><orig>an-<lb break="no"/>geſicht</orig><reg>angeſicht</reg></choice>
                  vnſtraͤfflich leben/ vnnd an ſtatt
               <lb/>des hoffertigen verſtoſſenen Lucifers
               <lb/>vnnd ſeines anhangs/ in das jrrdiſche
               <lb/>Paradiß eingeſetzt werden ſolte.</p>
               <p>Demnach aber der leidige Lucifer dẽ
                  <lb/>Menſchen ſolche groſſe ehre vnd <choice><orig>herrli-<lb break="no"/>chen</orig><reg>herrlichen</reg></choice>
                  ſtand mißguͤnnet/ vnd jnen durch
                  <lb/>ſeine liſtigkeyt zum fall vnd <choice><orig>verdam-<lb break="no"/>nus</orig><reg>verdamnus</reg></choice>
                  brachte/ hat nichts deſto weniger
                  <lb/>vnſer lieber Herr vnd Gott/ des <choice><orig>Men-<lb break="no"/>ſchen</orig><reg>Menſchen</reg></choice>
                  ſich wider angenom̃en/ vnd jnen
                  <lb/>nicht laſſen/ ſeines abfals halben/ gar
                  <lb/>verſtoſſen ſein/ ſondern jhnen/ als ſein
                  <pb n="A iij.r"/>
                  Ebenbild/ widerum̃ zu Gnaden <choice><orig>auffge-<lb break="no"/>nommen</orig><reg>auffgenommen</reg></choice>/ jnen vber ſeinen verfuͤrer den
                  <lb/>Satan/ zu einem Herrn geſetzt/ vnd jm
                  <lb/>die verheyſſung gegebẽ/ daß von jm ſoll
                  <lb/>herkom̃en der Heylandt/ welcher jhme
                  <lb/>dem Satan ſein gewalt nemen/ vnnd
                  <lb/>den kopff zerknirſchen ſolte/ welcher
                  <lb/>dann iſt vnſer Herr Jeſus Chriſtus.</p>
            <p>Solches iſt warlich ein groſſes <choice><orig>zu-<lb break="no"/>achten</orig><reg>zuachten</reg></choice>/ daß Gott durch den Menſchen
               <lb/>ſeinen einigen Son zum Heyland hat
               <lb/>woͤllen Menſch geboren laſſen werden/
               <lb/>ſo er doch wol/ da er gewolt/ durch der
               <lb/>Engel einen/ oder durch andere wege
               <lb/>ſolches auch hette kuͤnden außrichten.</p>
               <p>Alſo ſehen wir auch weiter in dem
                  <lb/>Alten vnd newen Teſtamẽt/ daß Gott
                  <pb n="A iij.v"/>
                     fuͤr vnd fuͤr des menſchlichẽ geſchlechts
                  <lb/>ſich gnediglich angenommen/ da er <choice><orig>ſte-<lb break="no"/>tigs</orig><reg>ſtetigs</reg></choice>
                     mit jhm geredet/ ſeinen bundt mit
                  <lb/>jhm auffgerichtet/ ſeinen willen/ auch
                  <lb/>Gebott vnd Satzungen/ zuerkennen <choice><orig>ge<lb break="no"/>geben</orig><reg>gegeben</reg></choice>/ Vnd nach dem er ſeinen einigen
                  <lb/>Sohn Menſch werden laſſen/ <choice><orig>ſichtbar-<lb break="no"/>lich</orig><reg>ſichtbarlich</reg></choice>
                  bei vns gewandlet/ zur ſeligkeyt <choice><orig>ge-<lb break="no"/>reytzet</orig><reg>gereytzet</reg></choice>/ vnd ſeinen Heyligen Geiſt auß
                  <lb/>gegoſſen vnd mitgetheylet/ allen den <choice><orig>je-<lb break="no"/>nigen</orig><reg>jenigen</reg></choice>
                  ſo ſolche Gnade erkennen vnnd
                  <lb/>annemen woͤllen.</p>
               <p>Dieweil nun Gott der HERR das
                  <lb/>Menſchlich geſchlecht allwege ſo hoch
                  <lb/>gehaltẽ/ fuͤrgezogen/ geliebet/ vnd <choice><orig>groſ-<lb break="no"/>ſe</orig><reg>groſſe</reg></choice>
                  ſorge darfuͤr getragen/ ſo iſt nich ein
                  <lb/>kleines daran gelegẽ/ wie ſolches <choice><orig>erhal-<lb break="no"/>ten</orig><reg>erhalten</reg></choice>/ vnd daß der menſch nicht in der <choice><orig>ge-<pb break="no" n="A iiij.r"/>burt</orig><reg>geburt</reg></choice>
                  burt verſeumet/ verderbet/ oder <choice><orig>verwar<lb break="no"/>loſet</orig><reg>verwarloſet</reg></choice>
                  werde/ wie dann leichtlich/ auch
                  <lb/>zũ oͤfftermal/ durch vnerfarne <choice><orig>Hebam-<lb break="no"/>men</orig><reg>Hebammen</reg></choice>/ groſſes verderbnuß den Muͤttern/
                  <lb/>vnd auch der geburt widerfehret.</p>
               <p>Derhalben achte ich/ der hoͤchſtẽ vnd
                  <lb/>noͤtigſten ſtuͤck eines ſein/ welches ein
                  <lb/>Chriſtliche Obrigkeyt vor das erſte/ <choice><orig>ne-<lb break="no"/>ben</orig><reg>neben</reg></choice>
                  verſehung des Kirchenampts/ vnd
                  <lb/>weltlicher guter regierunge/ ſonderlich
                  <lb/>wol bedencken/ beſtellen/ vnd verſehen
                  <lb/>ſolle/ Nemlich daß mann <choice><orig>Gottſfuͤrch-<lb break="no"/>tige</orig><reg>Gottſfuͤrchtige</reg></choice>
                  erfarne Am̃en habe/ Dann es <choice><orig>ſol-<lb break="no"/>ches</orig><reg>ſolches</reg></choice>
                  je/ einen jeden Haußuatter in <choice><orig>ſei-<lb break="no"/>nem</orig><reg>ſeinem</reg></choice>
                  eignẽ hauſe betrifft/ vnd angehet/
                  <lb/>Vnnd iſt auch ein natuͤrliche affection/
                  <lb/>daß ein jeder gern wolte/ daß es ſeinem
                  <lb/>Ehegemahl in kindsnoͤten an leib vnd
                  <lb/>frucht wol erginge/ vnd gern die <choice><orig>geſchi-<pb break="no" n="A iiij.v"/>ckeſte</orig><reg>geſchickeſte</reg></choice>
                     Amme darzu haben wolte.</p>
               <p>Dieweil ich nun vil mangels vnnd
                  <lb/>klagens/ groſſer vnordnungen vnd <choice><orig>vn-<lb break="no"/>gleicheiten</orig><reg>vngleicheiten</reg></choice>
                  halben/ ſo ſich bei den <choice><orig>gebe-<lb break="no"/>renden</orig><reg>geberenden</reg></choice>
                  zutragen/ offtermals an <choice><orig>man-<lb break="no"/>chen</orig><reg>manchen</reg></choice>
                  orten gehoͤret vnd geſpuͤret/ ſo hab
                  <lb/>ich ſolches in bedacht gefaſt/ vnnd <choice><orig>der-<lb break="no"/>wegen</orig><reg>derwegen</reg></choice>
                  diſe kurtze Ordnung/ von <choice><orig>Erwe-<lb break="no"/>lung</orig><reg>Erwelung</reg></choice>/ Standt/ Weſen vnd Ampt der
                  Am̃en (nit daß ich jemandt hiemit <choice><orig>vor-<lb break="no"/>ſchreibẽ</orig><reg>vorſchreibẽ</reg></choice>
                  woͤlle/ ſondern allein mein wol
                  <lb/>meinung vnd gutbedenckens <choice><orig>anzuzei-<lb break="no"/>gen</orig><reg>anzuzeigen</reg></choice>) in ſchrifftẽ alſo/ wie volget/ <choice><orig>verfaſ-<lb break="no"/>ſet</orig><reg>verfaſſet</reg></choice>.</p>
               <p>Es hat gleichwol vor Jaren die Stat
                  <lb/>Regenſpurg auch ein Am̃en Ordnung
                  <lb/>ſtellen vnd durch den Truck Publicirẽ
                  <lb/>laſſen/ die mir von dem Ernueſten vnd
                  <lb/>Hochgelahrten <abbr>E. E.</abbr> vnd <abbr>F. W.</abbr> <choice><orig>Aduoca<pb break="no" n="B.r"/>ten</orig><reg>Aduocaten</reg></choice>
                     beyder Rechten Doctoren/ Herrn
                  <lb/>Joanne Fichardo/ zuleſen behendiget
                  <lb/>worden/ welcher mich auch zu diſem
                  <lb/>vornemen vnnd werck ſonderlich <choice><orig>ver-<lb break="no"/>urſacht</orig><reg>verurſacht</reg></choice>.</p>
               <p>Vnd dieweil dann in diſer loͤblichen
                  <lb/>weitberuͤmpten Statt/ in <abbr>E. E.</abbr> vnnd
                  <abbr>F. W.</abbr> beſtallung vnnd ſchutz/ ich <choice><orig>nun-<lb break="no"/>mehr</orig><reg>nunmehr</reg></choice>
                  in die neuntzehen jar Medicinam
                  <lb/>profitirt/ hab ich nicht vnderlaſſen <choice><orig>woͤl-<lb break="no"/>len</orig><reg>woͤllen</reg></choice>
                  noch ſollen/ <abbr>E. E.</abbr> vnnd <abbr>F. W.</abbr> <choice><orig>die-<lb break="no"/>ſes</orig><reg>dieſes</reg></choice> mein beduncken zuzuſchreiben/ mit
                  <lb/>dienſtlicher bitt/ ſie woͤllen ſolches <choice><orig>dem-<lb break="no"/>nach</orig><reg>demnach</reg></choice>
                  zu guͤnſtigem gefallen von mir an
                  <lb/>nemen.</p>
               <p>Der Allmechtige Ewige guͤtige
                  <lb/>Gott vnnd Himliſcher Vatter/ woͤlle
                  <lb/><abbr>E. E.</abbr> vnnd <abbr>F. W.</abbr> in fridtlicher <choice><orig>regie-<lb break="no"/>rung</orig><reg>regierung</reg></choice>
                  vnnd ſtettiger geſundtheyt/ zu
                  <pb n="B.v"/>
                  fuͤrderung ſeiner reinen lehre/ vnd <choice><orig>wol-<lb break="no"/>fart</orig><reg>wolfart</reg></choice>
                  der vnderthanen/ lange zeit <choice><orig>gnedig<lb break="no"/>lichen</orig><reg>gnediglichen</reg></choice>
                     erhalten/ Amen.</p>
            <lb/><closer><dateline>Datum Franckfurt am Meyn/ den
               <lb/>erſten Aprilis/ Im Jar vnſers Heyls
               <lb/>1673.</dateline>
               <lb/><abbr>E. E.</abbr> vnd <abbr>F. W.</abbr>
               <lb/>vnderthaͤniger Buͤrger
               <lb/>vnd <hi rend="antiqua">Medicus</hi>.
               <lb/><signed rend="antiqua">Adamus Lonicerus
                  <lb/>Doctor.</signed></closer></div>
                                 </body>
  </text>
</TEI>
