<?xml version="1.0" encoding="UTF-8"?>
<?xml-model href="http://www.tei-c.org/release/xml/tei/custom/schema/relaxng/tei_lite.rng" type="application/xml" schematypens="http://relaxng.org/ns/structure/1.0"?>
<?xml-model href="http://www.tei-c.org/release/xml/tei/custom/schema/relaxng/tei_lite.rng" type="application/xml"
	schematypens="http://purl.oclc.org/dsdl/schematron"?>
<TEI xmlns="http://www.tei-c.org/ns/1.0">
<teiHeader>
<fileDesc>
 <titleStmt>
<title>Artzneybuch.
 <lb/>Darinnen/
 <lb/>AUß gnaͤdigem Beuelch/ weilund des
 <lb/>Durchleuchtigen Hochgebornen Fuͤrſten vnnd
 <lb/>Herrn/ Herrn Ludwigen/ Hertzogen zu Wuͤrtemberg vnnd
  <lb/>Theck/ Grauen zu Muͤmpelgart/ <abbr>rc.</abbr> meines gnaͤdigen Fuͤrſten
  <lb/>vnnd Herrn/ hochloͤblicher Chriſtmilter
  <lb/>gedaͤchtnus/
 <lb/>Vaſt fuͤr alle/ des menſchlichen Leibs/ Anligen vnnd
 <lb/>Gebrechen/ außerleſene vnnd bewehrte Artzneyen/ gemeinem
  <lb/>Vatterland Teutſcher Nation zu gutem/ auß vilen Hohen vnd NidersStands
  <lb/>Perſonen geſchribnen Artzneybuͤchern zuſamen getragen/
  <lb/>vnnd in den Truck verfertiget
  <lb/>ſind/
 <lb/>Durch Hochermeldter Ihrer <abbr>F. G.</abbr> <choice><orig>Hofme-<lb break="no"/>dicum</orig><reg>Hofmedicum</reg></choice>
  Oßwaldt Gaͤbelkhouern/ der <choice><orig>Artz-<lb break="no"/>ney</orig><reg>Artzney</reg></choice>
 Doctorn.
 <lb/>Vnd nun mit gnaͤdiger Bewilligung des
 <lb/>auch Durchleuchtigen Hochgebornen Fuͤrſten vnd
 <lb/>Herrn/ Herrn Friderichen/ Herzogen zu Wuͤrtemberg vnd Theck/
  <lb/>Grauen zu Muͤmpelgart/ <abbr>rc.</abbr> meines auch gnaͤdigen Fuͤrſten vnd Herrn/
  <lb/>publiciert/ an vilen orten verbeſſert/ vnd mit nutzlichen
  <lb/>heilſamen Artzneyen gemehrt
  <lb/>worden.
 <lb/>Mit <abbr>Roͤm. Keys. May.</abbr> Gnad vnnd Freyheit/ innerhalb
 <lb/><num>20.</num> Jaren nicht nachzutrucken.
 <lb/><bibl>Getruckt zu Tuͤbingen/ bey Georgen
<lb/>Gruppenbach/ im <date>Jar 1594</date></bibl>.
</title>
<author>Oswald Gabelkover</author>
 </titleStmt>
 <editionStmt>
<edition>Digital Facsimile from Universitätsbibliothek Düsseldorf</edition>
<respStmt><resp>transliterator, TXT and XML encoder</resp>
 <name>Whitt, Richard J.</name></respStmt></editionStmt>
 <publicationStmt>
<p>Place of Publication: Tübingen</p>
<p>Year: <date>1594-1595</date></p>
<p>Extract: Preface (from Part I, published in 1594) and Admonition to the Reader (from Part II, published in 1595)</p>
 </publicationStmt>
 <sourceDesc>
   <bibl>URL: http://digital.ub.uni-duesseldorf.de/vester/content/titleinfo/1882235 (Part I)</bibl>
   <bibl>URL: http://digital.ub.uni-duesseldorf.de/vester/content/titleinfo/1882228 (Part II)</bibl>
 </sourceDesc>
</fileDesc>
</teiHeader>
<text>
<body><div type="part" n="1">
 <pb n="ij.r"/>
 <div type="preface"><head>Vorred an den <choice><orig>gut-<lb break="no"/>hertzigen</orig><reg>guthertzigen</reg></choice>
 Leſer.</head>
 <p>WIEwol vnſere erſte Eltern/
<lb/>Adam vnnd Eua/ durch jhren <choice><orig>Vnge-<lb break="no"/>horſam</orig><reg>Vngehorſam</reg></choice>
gegen dem außgetruckten <choice><orig>Ge-<lb break="no"/>bott</orig><reg>Gebott</reg></choice>
vnnd Beuelch Gottes/ den <choice><orig>zeitli-<lb break="no"/>chen</orig><reg>zeitlichen</reg></choice>
vnd ewigen Tod/ vnd mit <choice><orig>demſel<lb break="no"/>bigen</orig><reg>demſelbigen</reg></choice>
allen jamer vnd elend/ nicht allein auff ſich/ <choice><orig>ſon-<lb break="no"/>der</orig><reg>ſonder</reg></choice>
auch auff alle jhre Nachkommen geladen haben:
<lb/>ſo iſt doch der getrewe Gott/ auch mitten in ſeinem
<lb/>gerechten Zorn ſeiner Barmhertzigkeit (welche <choice><orig>groͤſ-<lb break="no"/>ſer</orig><reg>groͤſſer</reg></choice>
iſt/ dann alle ſeine Werck) ingedenck geweſen.</p>
<p>Vnd hat den ewigen Tod zwar durch den <choice><orig>verſpro-<lb break="no"/>chenen</orig><reg>verſprochenen</reg></choice>
 vnd geleiſteten Weibsſamen/ ſo der <choice><orig>Schlan-<lb break="no"/>gen</orig><reg>Schlangen</reg></choice>
 den Kopff zertretten/ den Glaͤubigen gar <choice><orig>auffge-<lb break="no"/>hebt</orig><reg>auffgehebt</reg></choice>:
 Den zeitlichen aber alſo gemiltert/ daß er den
 <lb/>Chriſten mehr ein Schlaff vnd Eingang zum ewigen
 <lb/>Leben/ dann ein Tod/ genennt werden/ vnd ſein ſoll.</p>
<p>Es hat ſich auch ſein vnendtliche Guͤte noch <choice><orig>weit-<lb break="no"/>ter</orig><reg>weitter</reg></choice>
erſtreckt/ daß ſie des Tods Furier vnd Hoffgeſind/
 <lb/>allerley Kranckheiten (denen wir alle der Suͤnden
 <lb/>halb vnderworffen/ die vns auch zu bereittung zu <choice><orig>ei-<pb break="no" n="ij.v"/>nem</orig><reg>einem</reg></choice>
 Chriſtlichen abſchid billich anmanen ſollen) biß
 <lb/>auff das beſtimpte Sterbſtuͤndlin/ darfuͤr noch kein
 <lb/>Kraut gewachſen/ abzutreiben/ oder doch zumiltern/
 <lb/>vil vnd mancherley nutzliche Mittel erſchaffen/ vnnd
 <lb/>den Menſchen geoffenbaret hat.</p>
<p>Solche haben die jenige/ die ſie mit nutzen <choice><orig>ge-<lb break="no"/>braucht</orig><reg>gebraucht</reg></choice>
vnd erfahren/ billich auffgezeichnet/ ſich ſelb
 <lb/>dardurch zu mehrer Danckbarkeit gegen Gott/ von
 <lb/>wegen bewiſner Gutthat/ vnd wider geſchenckter <choice><orig>Ge-<lb break="no"/>ſundheit</orig><reg>Geſundheit</reg></choice>/
 auffzumundern/ vnd dann auch andern <choice><orig>ſol-<lb break="no"/>ches</orig><reg>ſolches</reg></choice>/ 
 mit ſeiner maß/ zu communicieren.</p>
<p>Daher in Aegypten vor Jaren nicht ein <choice><orig>vnloͤb-<lb break="no"/>licher</orig><reg>vnloͤblicher</reg></choice>
 brauch geweſen/ ehe dann die Artzney durch die
 <lb/>alte Lehrer in gewiſſe Regeln zuſamen gezogen vnnd
 <lb/>gefaßt/ vnnd durch vil herrliche/ von Gott erleuchte
 <lb/>Maͤnner/ zu diſer volkommenheit gebracht iſt <choice><orig>wor-<lb break="no"/>den</orig><reg>worden</reg></choice>:
 Daß ſie jhre Krancken auff die Gaſſen geſetzt
 <lb/>oder gelegt haben/ damit ſie von meniglich geſehen
 <lb/>wuͤrden: Auff daß/ wann der fuͤrgehenden eins oder
 <lb/>mehr/ mit gleicher Kranckheit/ vor diſem behafft <choice><orig>ge-<lb break="no"/>weſen</orig><reg>geweſen</reg></choice>/
 ſie die berichten moͤchten/ welcher maſſen/ vnd
 <lb/>durch was mittel ſie von derſelbigen weren entledigt
 <lb/>worden.</p>
 <pb n="iij.r"/>
 <p>Damit nun auch auff ſolche weiß krancken
<lb/>vnd gebreſthafften Perſonen durch Gottes Gnad
<lb/>geholffen werden moͤge: Hat der weiland <choice><orig>Durch-<lb break="no"/>leuchtig</orig><reg>Durchleuchtig</reg></choice>/
Hochgeborn Fuͤrſt vnnd Herr/ Herr
<lb/>Ludwig/ Hertzog zu Wuͤrtemberg vnnd Theck/
<lb/>Graue zu Muͤmpelgart/ <abbr>rc.</abbr> mein gnaͤdiger Fuͤrſt
<lb/>vnnd Herr/ ſeliger hochloͤblicher gedaͤchtnus/ auß
<lb/>ſonderer gnaͤdiger Trewhertzigkeit vnnd Guͤte/ <choice><orig>ge-<lb break="no"/>meinem</orig><reg>gemeinem</reg></choice>
Teutſchem Vatterland zu gutem/ mir
<lb/>gnaͤdiglich aufferlegt vnnd beuolhen gehabt/ diß
<lb/>Buch auß vilen/ hohes vnd niders Stands <choice><orig>Per-<lb break="no"/>ſonen</orig><reg>Perſonen</reg></choice>
geſchribenen <foreign xml:lang="Latin" rend="antiqua">Experimentis</foreign> zuſamen <choice><orig>zutra-<lb break="no"/>gen</orig><reg>zutragen</reg></choice>:
Welches recht ein Experimentbuch genennt
<lb/>werden mag: Nicht zwar der meinung/ daß Ihr
<lb/><abbr>F. G.</abbr> hier durch die <foreign xml:lang="Latin" rend="antiqua">methodicam Medicinam</foreign>, oder
<lb/><foreign xml:lang="Latin" rend="antiqua">Medicos</foreign> verachten/ vnnd dargegen einem jeden/
<lb/>der daruͤber kommen moͤcht/ vrſach geben wolten/
<lb/>ſich gleich der Artzney zu vnderſtehen/ vnd in <choice><orig>hauf-<lb break="no"/>fen</orig><reg>hauffen</reg></choice>
hinein/ wie man ſagt/ zu artzneyen: <choice><orig>Sinte-<lb break="no"/>mal</orig><reg>Sintemal</reg></choice>
Ihr <abbr>F. G.</abbr> dero hohem Verſtand nach/ wol
<lb/>bewuſt geweſen/ was einem Artzet vorhin zuwiſſen
<lb/>von noͤtten iſt/ ehe dann er nach den Mitteln
<lb/>trachtet: Daß er naͤmlich nicht allein des <choice><orig>Kran-<lb break="no"/>cken</orig><reg>Krancken</reg></choice>
Complexion/ ſeine Kraͤfft/ Alter/ thun vnnd
<lb/>laſſen/ ſonder auch die Kranckheit an jhr ſelber/
<pb n="iij.v"/>
 mit allen derſelbigen vmbſtaͤnden vnnd zufaͤllen/
<lb/>wie auch die zeit/ wie vnnd wann jedes am <choice><orig>nutz-<lb break="no"/>lichſten</orig><reg>nutzlichſten</reg></choice>
 zugebrauchen ſeie/ eigentlich vnnd wol <choice><orig>er-<lb break="no"/>durch</orig><reg>erdurch</reg></choice> kennen muß: ſonder haben Ihr <abbr>F. G.</abbr> auch hier-
 den <foreign xml:lang="Latin" rend="antiqua">Medicis</foreign>/ ſo jhr ſach geſtudiert/ ein
<lb/>Gnad beweiſen woͤllen/ in dem ſie gleich ein <foreign xml:lang="Latin" rend="antiqua">ſyluam</foreign>
<lb/>nutzlicher <foreign xml:lang="Latin" rend="antiqua">remediorum</foreign> laſſen zuſamen ziehen/ <choice><orig>da-<lb break="no"/>mit</orig><reg>damit</reg></choice>
 ſie/ die <foreign xml:lang="Latin" rend="antiqua">Medici</foreign>, hierauß/ welches zur Sachen
<lb/>am tauglichſten/ erwoͤhlen vnnd brauchen <choice><orig>moͤch-<lb break="no"/>ten</orig><reg>moͤchten</reg></choice>/
die dann auch allein am beſten/ vnnd <choice><orig>eigent-<lb break="no"/>lich</orig><reg>eigentlich</reg></choice>
 ſehen vnnd vrtheilen koͤnden/ welche Mittel/
<lb/>bey welchen Perſonen/ vnd in welchen <choice><orig>Kranckhei-<lb break="no"/>ten</orig><reg>Kranckheiten</reg></choice>
 nutzlich ſein moͤgen.</p>
 <p>Vnd haben hoch vnd mehr ermeldt Ihr <abbr>F. G.</abbr>
<lb/>ſolches Buch allein fuͤr ſich laſſen trucken/ die
<lb/><foreign xml:lang="Latin" rend="antiqua">Exemplaria</foreign> alle zu ſich genommen/ vnnd ſelbige
<lb/>zwar <foreign xml:lang="Latin" rend="antiqua">liberaliter</foreign> hin vnnd wider verehrt/ Doch <choice><orig>all-<lb break="no"/>weg</orig><reg>allweg</reg></choice>
mit dem anhang/ daß man es nicht zu <choice><orig>ge-<lb break="no"/>mein</orig><reg>gemein</reg></choice>
mache/ dardurch es in mißbrauch kommen
<lb/>moͤchte.</p>
<p>Nach dem aber dem Allmechtigen/ nach <choice><orig>ſei-<lb break="no"/>nem</orig><reg>ſeinem</reg></choice>
allein weiſen vnnd guten Rhat/ gefallen hat/
 <lb/>hochermeldt Ihr <abbr>F. G.</abbr> auß diſem Jamerthal <choice><orig>ab-<pb break="no" n="iiij.r"/>zufordern</orig><reg>abzufordern</reg></choice>:
 Hat ſich vnlang hernach einer <choice><orig>gefun-<lb break="no"/>den</orig><reg>gefunden</reg></choice>/
 der das Buch nachgetruckt/ vnnd zwar bald
 <lb/>vertriben hat/ vnnd doch weder ſein Namen noch
 <lb/>das ort/ da ers getruckt/ ſetzen doͤrffen. Dardurch
 <lb/>der erſt vnd jetzige <foreign xml:lang="Latin" rend="antiqua">Typographus, Georgius</foreign> <choice><orig>Grup-<lb break="no"/>penbach</orig><reg>Gruppenbach</reg></choice>/
 verurſacht worden/ nach wegen <choice><orig>zutrach-<lb break="no"/>ten</orig><reg>zutrachten</reg></choice>/
 wie er (ſo das erſt/ gleich <foreign xml:lang="Latin" rend="antiqua">tanquam <choice><orig>mercena-<lb break="no"/>rius</orig><reg>mercenarius</reg></choice></foreign>,
 getruckt) darzukommen moͤchte/ daß es auß
 <lb/>ſeiner <foreign xml:lang="Latin" rend="antiqua">officina</foreign> mit Nutz vnnd Ehren moͤchte <choice><orig>auß-<lb break="no"/>gehen.</orig><reg>außgehen</reg></choice>.
 Hat darauff gleichwol anfangs bey mir <foreign xml:lang="Latin" rend="antiqua"><choice><orig>ſol-<lb break="no"/>licitirt</orig><reg>ſollicitirt</reg></choice></foreign>: Als ich aber ohne gnaͤdige Bewilligung
 <lb/>des Durchleuchtigen Hochgebornen Fuͤrſten vnd
 <lb/>Herrn/ Herrn Friderichs/ Hertzogen zu <choice><orig>Wuͤrtem-<lb break="no"/>berg</orig><reg>Wuͤrtemberg</reg></choice>
 vnnd Theck/ Grauens zu Muͤmpelgart/ <abbr>rc.</abbr>
 <lb/>meines gnaͤdigen Fuͤrſten vnnd Herren/ nichts
 <lb/>woͤllen fuͤrnemen/ hat er bey Hochermeldter Ihr
 <lb/><abbr>F. G.</abbr> vnderthaͤniglich angehalten/ vnnd es <choice><orig>gnaͤ-<lb break="no"/>diglich </orig><reg>gnaͤdiglich</reg></choice>
erhalten. Darauff ich mich vbergeſetzt/
 <lb/>vnnd hab das gantze Buch wider durchleſen/ an
   <lb/>vil orten verbeſſert/ vnnd mit vil nutzlichen/ <choice><orig>mehr-<lb break="no"/>theils</orig><reg>mehrtheils</reg></choice> <foreign xml:lang="Latin" rend="antiqua">euporiſtis Medicamentis</foreign> gemehrt/ wie ein
 jeder/ ſo darinnen lißt/ leichtlich befinden wuͤrdt.</p>
 <p>Will hieruͤber den guthertzigen Leſer erinnert
<lb/>vnnd gebeten haben/ er woͤlle ſolches Buch mit
<pb n="iiij.v"/>
 vernunfft/ wie ſich gebuͤrt/ brauchen/ auff daß es
<lb/>jhm vnnd meniglich/ der es recht zubrauchen <choice><orig>be-<lb break="no"/>gert</orig><reg>begert</reg></choice>/
    zu gutem erſchieſſen vnnv gedeyen moͤge.
<lb/>Das verleihe der Allmaͤchtig guͤtig Gott durch
<lb/>Jeſum Chriſtum/ Amen. <date>Datum Stutgarten/
 <lb/>den 30. Auguſti/ Anno <abbr>rc.</abbr> 94.</date></p>
<lb/><signed>Oßwaldt Gaͤbelkhouer <abbr>D.
 <lb/>F.</abbr> Wuͤrtembergiſcher <choice><orig>Hof<lb break="no"/>medicus</orig><reg>Hofmedicus</reg></choice>.</signed></div></div>
 <div type="part" n="2"><div type="admonition"><head>Vermanung an den Leſer.</head>
   <p>DIeweil in diſem andern Theil nicht wenig <choice><orig>ge-<lb break="no"/>heimer</orig><reg>geheimer</reg></choice>
     Sachen verzeichnet ſeind/ welche/ ob ſie wol den frommen vnd
     <lb/>guthertzigen zu nutz vnnd gutem verzeichnet vnd auffgeſchriben/ <choice><orig>dan-<lb break="no"/>nocht</orig><reg>dannocht</reg></choice>
     von den boͤſen wol alſo/ wie ſie ſeind/ naͤmlich/ boͤßlich/ vnnd zu argem <choice><orig>ge-<lb break="no"/>braucht</orig><reg>gebraucht</reg></choice>
     moͤchten werden/ hab ich nicht vnderlaſſen woͤllen/ auch diß orts <choice><orig>inſon-<lb break="no"/>derheit</orig><reg>inſonderheit</reg></choice>
     den Leſer zuwarnen. Erſtlich/ daß er nichts freuenlich vnd <choice><orig>vnbedaͤcht-<lb break="no"/>lich</orig><reg>vnbedaͤchtlich</reg></choice>
     brauche/ dieweil auch die beſte Artzneyen/ wann ſie nicht zu rechter zeit/ vnd
     <lb/>mit gebuͤrender vorbereittung gebraucht werden/ offt mehr ſchaden/ als nutzen
     <lb/>bringen. Fuͤrs ander/ daß er nicht das jenig/ das von Gott zu gutem <choice><orig>erſchaf-<lb break="no"/>fen</orig><reg>erſchaffen</reg></choice>/
     wider Gott/ vnnd zu argem brauche/ Damit er nicht den Zorn
     <lb/>Gottes/ vnnd auß demſelbigen erfolgende zeitliche vnd
     <lb/>ewige Schand vnnd Straff auff
     <lb/>ſich ziehe.</p></div></div>
</body>
</text>
</TEI>