<?xml version="1.0" encoding="UTF-8"?>
<?xml-model href="http://www.tei-c.org/release/xml/tei/custom/schema/relaxng/tei_lite.rng" type="application/xml" schematypens="http://relaxng.org/ns/structure/1.0"?>
<?xml-model href="http://www.tei-c.org/release/xml/tei/custom/schema/relaxng/tei_lite.rng" type="application/xml"
	schematypens="http://purl.oclc.org/dsdl/schematron"?>
<TEI xmlns="http://www.tei-c.org/ns/1.0">
<teiHeader>
<fileDesc>
 <titleStmt>
<title><foreign xml:lang="Latin" rend="antiqua">VADE MECVM.</foreign>
 <lb/>Das iſt:
 <lb/>Ein Kuͤnſtlich
 <lb/>NEw Artzneybuch/
 <lb/>So man ſtets bey ſich haben vnd fuͤhren kan/
 <lb/>In fuͤrfallender Not ſich Huͤlff daraus zuerholen/ wider
 <lb/>allerhand Kranckheit des Menſchlichen Leibes/
 <lb/>vom Heupt an bis auff die Fusſohlen.
 <lb/>In gewiſſe Capitel vnnd richtige Ordnung gebracht/
 <lb/>vnd mit guten/ heilſamen/ ſchlechten/ einfeltigen vnd <choice><orig>zu-<lb break="no"/>ſammen</orig><reg>zuſammen</reg></choice>
 geſetzten Mitteln/ aus vieler Hochgelaͤhrter Leute
 <lb/>Buͤcher/ gezieret.
 <lb/>Auch zum Anfang ein vnterricht geſatzt/ wie man durchs
 <lb/>gantze Jahr/ gute Geſundheit erhalten moͤge.
 <lb/>Sampt eines vornemen erfarnen Muͤnchs <choice><orig>Experiment-<lb break="no"/>lein</orig><reg>Experimentlein</reg></choice>/
 welcher zur zeit Friderici/ des erſten Churfuͤrſten zu Sachſen/
 <lb/>gelebet/ vnd in ſehr groſſem Beruff geweſen.
 <lb/>Allen Haußvaͤtern/ Hohes vnd niedern Standes Perſonen
 <lb/>gantz nuͤtzlich. Dergleichen zuuor niemals alſo in Druck kommen.
 <lb/>Geſtellet durch
 <lb/><abbr>M.</abbr> Johannem Wittichium/ Hoff vnd
 <lb/>Stadt <foreign xml:lang="Latin" rend="antiqua">Medicum</foreign> zu Arnſtadt.
 <lb/>Mit Chur vnd Fuͤrſtlichen Begnadungen/ <abbr>rc.</abbr>
 <lb/><bibl>Gedruckt zu Leipzig/ bey vnd in Vorlegung
<lb/>Johann: Beyers/ Im Jahr:
<lb/>M. D. X C. v.</bibl>
</title>
<author>Johannes Wittich</author>
 </titleStmt>
 <editionStmt>
<edition>Digital Facsimile from Bayerische Staatsbibliothek</edition>
<respStmt><resp>transliterator, TXT and XML encoder</resp>
 <name>Whitt, Richard J.</name></respStmt></editionStmt>
 <publicationStmt>
<p>Place of Publication: Leipzig</p>
<p>Year: <date>1595</date></p>
<p>Extract: Preface (from Vol. 1)</p>
 </publicationStmt>
 <sourceDesc>
<bibl>URL: http://reader.digitale-sammlungen.de/de/fs1/object/display/bsb10164499_00005.html</bibl>
 </sourceDesc>
</fileDesc>
</teiHeader>
<text>
<body>
<pb n="a ij.r"/>
   <head>Dem <choice><orig>Durchlauchtig-<lb break="no"/>ſten</orig><reg>Durchlauchtigſten</reg></choice>/
      Hochgebornen Fuͤrſten vnd Herrn/
 <lb/>Herrn Friderichen/ Pflatzgrauen bey Rhein/ deß
    <lb/>heiligen Roͤmiſchen Reichs ErtzTruchſes vnnd
    <lb/>Churfuͤrſt/ Hertzog in Baͤyern/ <abbr>etc.</abbr> <choice><orig>Mei-<lb break="no"/>nem</orig><reg>Meinem</reg></choice>
 Genedigſten Fuͤrſten vnd
    <lb/>Herrn.</head>
   <p>DVrchlauchtigſter/ <choice><orig>Hochgebor-<lb break="no"/>ner</orig><reg>Hochgeborner</reg></choice>
Churfuͤrſt/ <abbr>E. Churf. G.</abbr> ſeind meine
    <lb/>vntertheinigſte vnd bereitwilligſte dienſte <choice><orig>je-<lb break="no"/>der</orig><reg>jeder</reg></choice>
zeit hochſtes fleiſſes zuuor/ Gnedigſter
    <lb/>Churfuͤrſt vnd Herr. Vnter denen ſachen/
      <lb/>ſo die Ertzte <foreign xml:lang="Latin" rend="antiqua">Cauſas ſalubres</foreign> nennen/ vnd zu des <choice><orig>Men-<lb break="no"/>ſchen</orig><reg>Menſchen</reg></choice>
      geſundheit/ allerhand Leibes beſchwerung vnd <choice><orig>kranck-<lb break="no"/>heiten</orig><reg>kranckheiten</reg></choice>
      hinweg zu treiben/ erſprieſlichen ſind/ haben die <choice><orig>Ein-<lb break="no"/>feltigen</orig><reg>Einfeltigen</reg></choice>
Huͤlffmittel/ von Gott dem Allmechtigen aus der
    <lb/>Erden erſchaffen/ den <hi rend="antiqua">Primat</hi> vnd vorzug. Wie hieruon
    <lb/>der weiſe Syrach zeuget/ da er ſpricht: GOtt hat aus
    <lb/>der Erden die Artzneymittel erſchaffen/
    <lb/>vnd ein weiſer Man ſcheuhet dieſelbe nicht/
    <lb/><abbr>etc.</abbr> Oder wie die Deutſchen Reim lauten:
 <pb n="a ij.v"/>
<lg><l>Artzney koͤmpt her von Gott dem hoͤchſten HERRN/</l>
 <l>Die Koͤnig halten drumb die Artzt in Ehrn.</l>
 <l>Dann Gott ſchaff die Artzney aus der Erd/</l>
 <l>Welch ein Verſtendiger helt lieb vnd werth.</l></lg></p>
 <p>Dann vnter alle dem/ was die reicher Gebererin die
    <lb/>Natur herfuͤr bringet/ iſt nichts/ das ſo balde/ vnnd mit
    <lb/>verwunderung groſſe ſchreckliche vnnd ſchmertzhafftige
    <lb/>Kranckheiten ſtillen/ vnd die Geſundheit herwider bringen
    <lb/>kan/ als eben die jenigen Artzneymittel/ ſo der aller <choice><orig>reich-<lb break="no"/>ſte</orig><reg>reichſte</reg></choice>
Geber/ Gott der Allmechtige/ aus der Mutter aller <choice><orig>din-<lb break="no"/>ge</orig><reg>dinge</reg></choice>
der Erden/ jaͤrlichen herfuͤr kommen vnd wachſen leſſet/
    <lb/>Sonderlichen/ wann dieſelben recht erkant/ vnd/ wie ſich
    <lb/>gebuͤret/ nach kunſt der Artzney auſgeſpendet werden/ ſo
    <lb/>verrichten ſie das jenige/ darzu ſie erſchaffen/ mit hoͤchſter
    <lb/>verwunderung/ Inmaſſen ſie vmb angezogener vrſach <choice><orig>wil-<lb break="no"/>len</orig><reg>willen</reg></choice>
von <foreign xml:lang="Greek" rend="antiqua">Herophylo</foreign> nicht vnbillichen <foreign xml:lang="Latin" rend="antiqua">Deorum <choice><orig>Ma-<lb break="no"/>nus</orig><reg>Manus</reg></choice></foreign>,
    das iſt/ Gottes Hand genennet werden. Vnd wie man
    <lb/>lieſet/ ſo hat man bey den Alten/ den jenigen/ welche dieſer
    <lb/>dinge gruͤndliche wiſſenſchafft gehabt/ vnd in der <choice><orig>Artzney-<lb break="no"/>kunſt</orig><reg>Artzneykunſt</reg></choice>
fuͤrtrefflich geweſen/ Goͤttliche Ehre erzeiget/ <choice><orig>Sin-<lb break="no"/>temal</orig><reg>Sintemal</reg></choice>
    man mit Menſchlicher Zungen nimmermehr <choice><orig>gnug-<lb break="no"/>ſam</orig><reg>gnugſam</reg></choice>
    auſreden kan/ was fuͤr groſſe krafft vnd wirckung <choice><orig>die-<lb break="no"/>ſelben</orig><reg>dieſelben</reg></choice>
in der Artzney haben/ beuoraus/ wo man ſolche/ wie
    <lb/>gemeldt/ eigentlich erkennet/ die <foreign xml:lang="Latin" rend="antiqua">Species</foreign> derſelben recht
    <lb/>von einander vnterſcheidet/ jhre <foreign xml:lang="Latin" rend="antiqua">qualitates</foreign> vnd <foreign xml:lang="Latin" rend="antiqua"><choice><orig>tempera-<lb break="no"/>mentum</orig><reg>temperamentum</reg></choice></foreign>,
    gruͤndlich vnd gnugſam erlernet/ ſie zu rechter
<pb n="a iij.r"/>
    zeit/ wenn ſie am krefftigſten ſind/ einſamlet/ <choice><orig>aufftrock-<lb break="no"/>net</orig><reg>aufftrocknet</reg></choice>/
    vnd fleiſsig fuͤr Staub vnd boͤſer Lufft vorwaret/ wo
    <lb/>daſſelbe geſchicht/ ſo kan man ſich in warheit darmit nicht <choice><orig>al-<lb break="no"/>lein</orig><reg>allein</reg></choice>
fuͤr allerhand Kranckheiten <hi rend="antiqua">præſeruiren</hi>, ſondern
    <lb/>auch/ wenn man gleich allbereit mit einer Kranckheit <choice><orig>an-<lb break="no"/>gegriffen</orig><reg>angegriffen</reg></choice>/
    vnd lagerhafftig worden iſt/ mit Gottes huͤlff
    <lb/>vnd beyſtand/ widerumb zu guter Geſundheit gelangen. Es
    <lb/>iſt aber gewiſlich war/ was der Naturkuͤndiger <hi rend="antiqua">Plinius</hi>
    <lb/>anzeiget/ da er ſpricht: <foreign xml:lang="Latin" rend="antiqua">Pleraſque herbas pedibus <choice><orig>con-<lb break="no"/>culcamus</orig><reg>conculcamus</reg></choice>,
       quarum ſi nobis virtus perſpecta eſſet,
       <lb/>eas in cœlum laudibus ferremus.</foreign> Das iſt/ Es ſind
    <lb/>gar viel der herrlichen Kreuterlein/ welche wir teglich mit
    <lb/>Fuͤſſen tretten/ vnd vnehren/ wann vns aber jhre krafft vnd
    <lb/>wirckung genugſam bekandt were/ wuͤrden wir dieſelben
    <lb/>nicht alſo vnehren/ ſondern mit lob vnd preis bis in <choice><orig>Him-<lb break="no"/>mel</orig><reg>Himmel</reg></choice>
erheben. Damit ich nu ſolches nur mit einem einigen
    <lb/>Exempel etlicher maſſen erklere vnd beweiſe/ ſo wil ich
    <lb/>allein von dem gemeinen vnd wolbekandten Kraut <choice><orig>Wer-<lb break="no"/>mut</orig><reg>Wermut</reg></choice>/
    ſonſten auch Eltz genant/ ein wenig reden. Dieſes
    <lb/>Kraut/ weil es gemein iſt/ wird nicht hoch gedachtet/ ſo es
    <lb/>doch ein ehrlich Kraut/ vnd bey den Alten in hohem werth
    <lb/>gehalten/ auch zu Gottesdienſten vnd Triumphen herrlich
    <lb/>gebraucht worden iſt. In Lateiniſcher Sprach heiſſet es
    <lb/><foreign xml:lang="Latin" rend="antiqua">Abſynthium</foreign>. Bey den Griechen hat es den namen vom
    <lb/><gap xml:lang="Greek"/>, <foreign xml:lang="Latin" rend="antiqua">id eſt, à contrectando</foreign>, vom anruͤren bekom̃en/
    <lb/>darumb/ das ſolches kein Thier/ von wegen ſeiner <choice><orig>bitter-<pb break="no" n="a iij.v"/>keit</orig><reg>bitterkeit</reg></choice>/
    leichtlich anruͤret/ Wie denn auch das deutſche wort
    <lb/>Wermut daher genommen/ als ſpreche man: Es wehret
    <lb/>dem Mut/ <foreign xml:lang="Latin" rend="antiqua">prohibens hilaritatem</foreign> oder <foreign xml:lang="Latin" rend="antiqua">alacritatem</foreign>,
    <lb/>vnd ſolches auch von wegen ſeiner bitterkeit. Dieſes Krauts
    <lb/>geſchlechts ſeind zwar viel/ aber fuͤrnemlichen nur dreyerley/
    <lb/>ſo bey vns in Deutſchland wachſen. Das erſte iſt die <choice><orig>gemei-<lb break="no"/>ne</orig><reg>gemeine</reg></choice>
Wermut/ ſo jederman bekant/ vnd faſt allenthalben auff
    <lb/>den duͤrren Egerten vnd hinder den Zaͤunen wechſt/ ſolches
    <lb/>iſt das <foreign xml:lang="Latin" rend="antiqua">Abſynthium vulgare</foreign>, oder <foreign xml:lang="Latin" rend="antiqua">Abſynthium <choice><orig>ru-<lb break="no"/>ſticum</orig><reg>ruſticum</reg></choice></foreign>. 
    Das ander geſchlecht iſt der gemeinen Wermut
    <lb/>mit Blettern vnd Blumen gantz vnd gar gleich/ ohn das es
    <lb/>kleiner iſt/ wechſet nicht vber anderthalb ſpannen hoch/ iſt
    <lb/>bitter/ wie das erſte/ doch lieblicher zugebrauchen/ vnd nicht
    <lb/>ſo eines wider willigen vnd abſchewlichen Geruchs vnd <choice><orig>ge-<lb break="no"/>ſchmacks</orig><reg>geſchmacks</reg></choice>/
    ſondern etwas nach dem Gewuͤrtz/ hat neben der
    <lb/>bitterkeit/ eine heimliche zuſammenziehende art/ wechſet an
    <lb/>vielen orten/ ſonderlich an den bergen: Dieſe Wermut wird
    <lb/>nicht groͤſſer/ wenn ſie auch gleich in feiſten Gruͤnden <choice><orig>wech-<lb break="no"/>ſet</orig><reg>wechſet</reg></choice>/
    vnd iſt das rechte <foreign xml:lang="Latin" rend="antiqua">Abſynthium Romanum</foreign>, ſo man
    <lb/>euch welſche Wermut oder <foreign xml:lang="Latin" rend="antiqua">Abſynthium Italicum</foreign> <choice><orig>nen-<lb break="no"/>net</orig><reg>nennet</reg></choice>/
    die ſol der gemeinen Wermut jederzeit vorgezogen
    <lb/>werden.</p>
<p>Es ſeind jhr viel vnter den Gelerten der meinung/
   <lb/>das die gemeine wolbekandte Wermut/ vnd dann das <foreign xml:lang="Latin" rend="antiqua"><choice><orig>Ro-<lb break="no"/>manum</orig><reg>Romanum</reg></choice></foreign>
   oder <foreign xml:lang="Latin" rend="antiqua">Montanum</foreign> ein ding ſey/ vnd allein in dem
   <lb/>zu vnterſcheiden/ das es an einem ort ſchoͤner/ beſſer vnnd
 <pb n="a iiij.r"/>
 krefftiger wachſe/ als an dem andern. Dem ſey nu wie jhm
   <lb/>woͤlle/ ſo mus man doch bekennen/ das erwehnt ander <choice><orig>Ge-<lb break="no"/>ſchlecht</orig><reg>Geſchlecht</reg></choice>
   der Wermut/ ſo an hohen Gebirgen wechſt/ vnd <choice><orig>da-<lb break="no"/>ſelbſt</orig><reg>daſelbſt</reg></choice>
 gefunden wird/ viel zaͤrter/ lieblicher/ wolriechender
   <lb/>vnd krefftiger iſt/ als die gemeine/ ſo vberal wechſet. Das
   <lb/>dritte Geſchlecht iſt der groſſen Wermut faſt gleich/ mit <choice><orig>al-<lb break="no"/>ler</orig><reg>aller</reg></choice>
 proportion/ ohn allein/ das es an den Blettern/ <choice><orig>Blu-<lb break="no"/>men</orig><reg>Blumen</reg></choice>
 vnd Stengeln kleiner iſt/ wechſet doch hoͤher als das
   <lb/>ander geſchlecht/ die BerckWermut/ die Bletterlein ſind
   <lb/>weis vnd linde/ wird an ſandichten Huͤgeln gefunden/ vnd
   <lb/>Pontiſcher Wermut genant/ vnd das iſt des <foreign xml:lang="Latin" rend="antiqua">Galeni <choice><orig>Ab-<lb break="no"/>ſynthium</orig><reg>Abſynthium</reg></choice>
 Ponicum</foreign>.</p>
 <p>Wenn man nu zu einer Artzney ingemein Wermut
    <lb/>begeret/ ſol man allwege die BerckWermut/ <foreign xml:lang="Latin" rend="antiqua"><choice><orig>Abſynthi-<lb break="no"/>um</orig><reg>Abſynthium</reg></choice>
 Romanum</foreign> genant/ verſtehen: Wo man die nicht <choice><orig>ha-<lb break="no"/>ben</orig><reg>haben</reg></choice>
kan/ ſol man die erſtgemelte gemein Wermut/ ſo von
    <lb/>ſich ſelbſt hin vnd wider wechſt/ nemen/ vnd nicht die/ ſo in
    <lb/>Gaͤrten gepflantzet wird/ es were denn die Roͤmiſche: <choice><orig>Sin-<lb break="no"/>temal</orig><reg>Sintemal</reg></choice>
die gemeine Wermut/ wann ſie in Gaͤrten gezielet
    <lb/>wird/ zu viel widerwillige Eigenſchafft bekoͤmmet/ vnd
    <lb/>das jenige/ ſo jhr ſonſten zu geeignet wird/ nicht auſrichtet/
    <lb/>wie ſolches die tegliche erfahrung bezeuget. Dann ob wol
    <lb/>andere Gewaͤchs/ durch das fortpflantzen in die Gaͤrten/
    <lb/>geſchlaͤchter vnd anmutiger werden/ geſchicht doch ſolches
    <lb/>mit der Wermut nicht/ denn dieſelbe dadurch viel <choice><orig>vnge-<lb break="no"/>ſchlachter</orig><reg>vnſchlachter</reg></choice>
vnd vnartiger wird.</p>
 <pb n="a iiij.v"/>
   <p>Was nun der Wermut <foreign xml:lang="Latin" rend="antiqua">qualitet, <choice><orig>Temperamen-<lb break="no"/>tum</orig><reg>Temperamentum</reg></choice></foreign>,
      Natur/ Krafft/ Wirckung vnd Eigenſchafft <choice><orig>anlan-<lb break="no"/>get</orig><reg>anlanget</reg></choice>/
      ſo iſt ſonderlich die gemeine vnd Berckwermut im <choice><orig>er-<lb break="no"/>ſten</orig><reg>erſten</reg></choice>
Grad warm/ im dritten aber trocken/ demnach ſo <choice><orig>wer-<lb break="no"/>met</orig><reg>wermet</reg></choice>/
      ſaubert vnd ſtercket ſie. Dieſe beyde Geſchlecht ſol man
    <lb/>nun einſamlen zu ende des Hewmonats/ auff einen Tag/
    <lb/>wenn es ſchoͤn/ klar vnd trocken wetter iſt/ vmb Mittage/
    <lb/>denn dieſe beyde geſchlecht zu ſolcher zeit vollkommen/ recht
    <lb/>zeitig/ reiff vnd krefftig ſind/ auch bluͤhen/ vnnd Samen
    <lb/>tragen. Nachmals ſol man ſie im Schatten aufftrocknen
    <lb/>oder duͤrr werden laſſen/ ſintemal hieran ſehr viel gelegen/
    <lb/>wie ſolches <hi rend="antiqua">Dioſcorides</hi> bezeuget/ da er ſpricht: <foreign xml:lang="Latin" rend="antiqua">In <choice><orig>pri-<lb break="no"/>mis</orig><reg>primis</reg></choice>
       curam impendere oportet, vt ſuis <choice><orig>tempori-<lb break="no"/>bus</orig><reg>temporibus</reg></choice>
ſingula, &#38; demetantur &#38; recondantur</foreign> Das
    <lb/>iſt/ Man ſol die Wurtzeln/ Kreuter vnd Blumen zu <choice><orig>rech-<lb break="no"/>ter</orig><reg>rechter</reg></choice>
zeit einſamlen/ aufftrocknen/ vnd dann fleiſsig zum
      <lb/>gebrauch vorwaren. Denn wo ſie nicht zu rechter zeit <choice><orig>einge-<lb break="no"/>ſamlet</orig><reg>eingeſamlet</reg></choice>/
      vorderben ſie/ vnd werden gar krafftlos/ Alſo auch/
    <lb/>wo ſie nicht in ſchoͤnen/ ſondern in feuchtem vnd naſſem
    <lb/>Wetter eingeſamlet/ werden ſie gar ſchwartz/ verlieren
    <lb/>gleichsfals jhre Krafft vnd Geruch/ vnd ſind zur Artzney
      <lb/>vndienſtlichen. Wenn ſie aber vorerzehlter maſſen <choice><orig>colligi-<lb break="no"/>ret</orig><reg>colligiret</reg></choice>
vnd auffgetrocknet/ ſol man ſie in ein rein Kiſtlein von
      <lb/>Holtz/ oder in ein leinen Saͤcklein thun/ vnd wol <choice><orig>verwa-<lb break="no"/>ret</orig><reg>verwaret</reg></choice>
      auffheben/ auch dieſelben jaͤhrlich widerumb friſch <choice><orig>ein-<lb break="no"/>ſamlen</orig><reg>einſamlen</reg></choice>.</p>
<pb n="b.r"/>
<p>Es werden aber von dieſem herrlichen Kraute/ der
   <lb/>Wermut/ ſehr viel koͤſtliche Stuͤck/ jnner vnd auſſerhalb
   <lb/>Leibes zugebrauchen/ zugerichtet/ als nemlichen: So man
   <lb/>das Kraut/ oder die Bletter vnd Blumen in Wein kochet/
   <lb/>oder das Puluer daruon vnter Wein miſchet/ vnd trincket/
   <lb/>ſterckets den Magen/ hilfft der dawung/ erwermet den
   <lb/>Leib/ ſtillet die ſchmertzen/ leſſet das Blut nicht faulen/
   <lb/>treibet die Galle aus dem Leibe durch den Stuelgang/ vnd
   <lb/>aus den Adern/ durch den Harm/ benimpt die bleſte vnd das
   <lb/>grimmen des Leibes/ treibet aus die Wuͤrme/ oͤffnet die
   <lb/>verſtopffung/ zertheilet die Seelſucht/ bewegt der Frawen
   <lb/>bloͤdigkeit/ vnd widerſtehet aller kalter Gifft/ vnd das thut
   <lb/>ſonderlich der Safft von der Wermut/ die oͤbſerſten <choice><orig>Gipff-<lb break="no"/>lein</orig><reg>Gipfflein</reg></choice>/
   zwiſchen zweyen Steinen/ ſo erſt aus dem Waſſer
   <lb/>kommen ſind/ zerknirſchet/ vnd dann den Safft <choice><orig>durchge-<lb break="no"/>druckt</orig><reg>durchgedruckt</reg></choice>.
   Solches mus ich allhier mit einem Exempel/ ſo ſich
   <lb/>kurtz verruckter zeit in dieſem <num>94.</num> Jahre/ nicht weit von
   <lb/>Arnſtadt auff einem Dorffe zugetragen/ beweiſen.</p>
   <p>Nach dem ein Bawersweib in jhrem Hofe <choice><orig>Pilſen-<lb break="no"/>kraut</orig><reg>Pilſenkraut</reg></choice>/
      ſo Samen getragen/ ſtehend gehabt/ hat ſie daſſelbe/
    <lb/>(weil ſie ſich befuͤrchtet/ die Kinder moͤchten etwa daruͤber
      <lb/>kommen/ vnd ſolches eſſen) mit ſampt der Wurtzel <choice><orig>auſge-<lb break="no"/>raufft</orig><reg>auſgeraufft</reg></choice>/
      vnd es nicht weit vom Hauſe an einen Gartenzaun
    <lb/>getragen/ vermeinende/ es habe nu keine noth: Als ſie aber
    <lb/>des andern Tages zur Feldarbeit gehet/ vnd ein Knaͤblein
    <lb/>vnd Maͤgdlein daheim leſſet/ ſie aber nicht mit gnugſamen
<pb n="b.v"/>
      Brod verſorget/ vnd daruͤber/ weil die Mutter lange <choice><orig>vor-<lb break="no"/>bleibet</orig><reg>vorbleibet</reg></choice>/
      hungerig werden/ lauffen die armen Kinder aus
      <lb/>dem Hauſe/ vnd kommen gleich zu dem auſgeraufften <choice><orig>Pil-<lb break="no"/>ſenkraut</orig><reg>Pilſenkraut</reg></choice>/
      machen ſich druͤber/ vnd eſſen den Samen vnd die
    <lb/>Wurtzeln: In dem koͤmmet das Weib zu Hauſe/ die <choice><orig>Kin-<lb break="no"/>der</orig><reg>Kinder</reg></choice>
aber fahen an zu wuͤten vnd toben/ auch mit den <choice><orig>Hen-<lb break="no"/>den</orig><reg>Henden</reg></choice>
zu kratzen/ alſo/ das mit jhnen etliche Perſonen Tag
    <lb/>vnd Nacht zu thun haben/ vnnd ſie fuͤr groſſer angſt vnd
    <lb/>ſchmertzen nicht wol erhalten koͤnnen/ vnd ob man jhnen
    <lb/>gleich Milch/ Honigwaſſer/ Pfeffer/ vnd was der gleichen
    <lb/>dem armen betruͤbten Weibe in eil gerahten wird/ eingibet/
    <lb/>wil doch ſolches alles nicht helffen: Entlichen wird bey mir
      <lb/>vmbrath vnd huͤlffe angeſuchet/ dieweil man einen <choice><orig>jem-<lb break="no"/>merlichen</orig><reg>jemmerlichen</reg></choice>
ſpiegel an den Kindern geſehen. Darauff befehle
    <lb/>ich/ man ſolle aus Wermut/ wie oben gemelt/ den Safft
      <lb/>zwingen/ vnd daruon den Kindern des Morgens/ <choice><orig>Veſper-<lb break="no"/>zeits</orig><reg>Veſperzeits</reg></choice>
vnd Abends jedeſmal ein Loͤffel voll zu trincken <choice><orig>ge-<lb break="no"/>ben</orig><reg>geben</reg></choice>/
      auch das Kraut in eine Kandel thun/ Bier oder anders
    <lb/>daruͤber gieſſen/ vnd ſie daruon trincken laſſen. Deſgleichen
    <lb/>von Eyern vnd Wermutkuͤchlein (wie inn Duͤringen/
    <lb/>Sachſen vnd Meiſſen ohne das gebreuchlich iſt) backen/ vnd
      <lb/>jhnen dieſelben zu eſſen geben: Wie nu ſolches etlichmal <choice><orig>ge-<lb break="no"/>ſchicht</orig><reg>geſchicht</reg></choice>/
      kommen die Kinder wider zu ſich ſelbſt/ vnd werden
    <lb/>mit Gottes huͤlff errettet.</p>
<p>Gleiche krafft vnd wirckung hat auch die Wermut/
   <lb/>in Eſsig geſotten vnd getruncken/ wenn man toͤdtliche
 <pb n="b ij.r"/>
 Schwemmegeſſen hat. Alſo hat ſie auch groſſe krafft wider
   <lb/>das Kalte/ vnd dreytaͤgliche Fieber/ faule Materia des <choice><orig>Ma-<lb break="no"/>gens</orig><reg>Magens</reg></choice>/
   ſtincken den Athem/ auffſtoſſen der Weiber Mutter/
   <lb/>vnd vnwillen des Schlierwaſſers/ iſt auch gut fuͤr <choice><orig>verſtopff-<lb break="no"/>te</orig><reg>verſtopffte</reg></choice>
 Leber/ vnd dergleichen/ daruon man faſt groſſe Buͤcher
   <lb/>ſchreiben koͤndte. Ich wil allhier geſchweigen des edlen
   <lb/>Wermutweins/ der faſt allein Zechbruͤdern wol bekant iſt:
   <lb/>Item/ des Wermuts <foreign xml:lang="Latin" rend="antiqua">Conſeruæ</foreign>/ ſo wol des edlen <choice><orig>Wer-<lb break="no"/>mutſaltzes</orig><reg>Wermutſaltzes</reg></choice>/
   welches/ wo es fleiſsig zugerichtet wird/ <choice><orig>fuͤr-<lb break="no"/>nemlich</orig><reg>fuͤrnemlich</reg></choice>
 krefftig iſt <foreign xml:lang="Latin" rend="antiqua">inpræſeruatione Peſtis tempore</foreign>,
   <lb/>wie ich ſolches in <num>6.</num> Sterben gnugſam erfahren. Sehr <choice><orig>groſ-<lb break="no"/>ſe</orig><reg>groſſe</reg></choice>
   krafft hat auch das Waſſer von der edlen Wermut/ in <foreign xml:lang="Latin" rend="antiqua"><choice><orig>in-<lb break="no"/>ſtrumento</orig><reg>inſtrumento</reg></choice>
      Vaporario</foreign> recht gediſtilliret/ ſo den <choice><orig>ge-<lb break="no"/>ſchmack</orig><reg>geſchmack</reg></choice>
   des Krauts durchaus behelt/ wie ſolches der <choice><orig>hocher-<lb break="no"/>fahrne</orig><reg>hocherfahrne</reg></choice>
 <hi rend="antiqua">Monardus</hi> bezeuget. Wie viel krefftiger aber ſey
   <lb/>das diſtillirte Oel von Wermut/ zu dem boͤſen Magen/ <choice><orig>et-<lb break="no"/>liche</orig><reg>etliche</reg></choice>
   Troͤpfflein in Wein/ oder in einer Bruͤe <choice><orig>eingenom-<lb break="no"/>men</orig><reg>eingenommen</reg></choice>/
   das bezeuget der Hochgelarte Herr <hi rend="antiqua">Camerarius</hi> zu
   <lb/>Nuͤrnbergk. So wird auch ein <hi rend="antiqua">Extract</hi> von der <choice><orig>Roͤmi-<lb break="no"/>ſchen</orig><reg>Roͤmiſchen</reg></choice>
 Wermut kuͤnſtlich auſgezogen/ welcher inn denen
   <lb/>Kranckheiten/ darzu man ſonſten die Wermut gebrauchet/
   <lb/>groſſe krafft hat/ vnd in einem gar geringen Gewicht <choice><orig>ein-<lb break="no"/>gegeben</orig><reg>eingegeben</reg></choice>
 wird.</p>
 <p>Was ferner die edle Wermut/ von auſwendig <choice><orig>ge-<lb break="no"/>braucht</orig><reg>gebraucht</reg></choice>/
    fuͤr krafft vnd tugend habe/ das hat die erfahrung
<lb/>biſher auch gegeben/ fuͤrnemlich aber/ wo ein Heuptwehe
<pb n="b ij.v"/>
    von kalten Fluͤſſen entſtuͤnde/ vnd man Wermut in <choice><orig>Waſ-<lb break="no"/>ſer</orig><reg>Waſſer</reg></choice>
kochet/ darinnen wol zerknirſchet/ vnnd ſaͤnfftiglichen
    <lb/>vmbs Heupt bindet/ ſo ſtillet alle ſchmertzen/ ſtiche vnd
    <lb/>ſchuͤſſe deſſelben/ vnd bringet einen ſanfften Schlaff. Es kan
    <lb/>auch die Wermut zu Augenſchmertzen/ Halſgeſchwaͤr/
    <lb/>Ohreneyter/ Zahnwehe/ auffſteigen des Magens/ fuͤr <choice><orig>Oh-<lb break="no"/>renwuͤrm</orig><reg>Ohrenwuͤrm</reg></choice>
    vnd Bauchwuͤrm/ zu zerknirſchten vñ <choice><orig>ſchmertz-<lb break="no"/>hafftigen</orig><reg>ſchmertzhafftigen</reg></choice>
Gliedern/ auch den <foreign xml:lang="Latin" rend="antiqua">Hernioſis</foreign> vnd gebrochenen/
    <lb/>mit groſſem nutz gebraucht/ vnd von auſwendig auffgelegt
    <lb/>werden. Was fuͤr herrliche krafft vnd wirckung auch das
    <lb/>ſchlechte oder gemeine Wermutoͤl habe/ daruon findet man
    <lb/>in den Artzneybuͤchern hin vnnd wider vberfluͤſsigen <choice><orig>be-<lb break="no"/>richt</orig><reg>bericht</reg></choice>/
    vnd iſt daſſelbe zu vielen Sachen gebraucht in der prob
    <lb/>gnugſam beſtanden. So nun dis edle Kraut fuͤr ſich alleine
    <lb/>in ſchlechten vnd geringen Kranckheiten ſolchen groſſen nutz
    <lb/>ſchaffet/ was mus es wol in <foreign xml:lang="Latin" rend="antiqua">complicatis morbis</foreign>, da es
    <lb/>neben andern koͤſtlichen Stuͤcken gebraucht wird/ fuͤr groſſe
    <lb/>krafft vnd wirckung haben. Derhalben von der Wermut
    <lb/>ſo wol als von andern edlen Kreuterlein vnd Gewaͤchſen/
    <lb/>dieſes nicht vnbillich mag geſagt werden/ was der <choice><orig>Gott-<lb break="no"/>fuͤrchtige</orig><reg>Gottfuͤrchtige</reg></choice>
vnd Hochgelarte Poet Stigelius (ſeliger) in einer
    <lb/><foreign xml:lang="Greek" rend="antiqua">Elegia</foreign>, mit dieſen worten fuͤrbringet: <foreign xml:lang="Latin" rend="antiqua">Præſentemque <choice><orig>re-<lb break="no"/>fert</orig><reg>refert</reg></choice>
vna vel herba DEVM.</foreign>
    <lb/>Das iſt:
<lg><l>Es iſt doch kein Keutlein ſo klein/</l>
 <l>Es preiſet Gott den Schoͤpffer ſein.</l></lg></p>
<pb n="b iij.r"/>
<p>Kan man nun/ wie gemeldt/ mit einem einigen
   <lb/>Kraut ſo viel gutes auſrichten: was wird als dann <choice><orig>geſche-<lb break="no"/>hen</orig><reg>geſchehen</reg></choice>/
   wenn man viel andere koͤſtliche Kreuterlein mehr/ <choice><orig>ob-<lb break="no"/>erzehlter</orig><reg>oberzehlter</reg></choice>
 maſſen/ recht erkennet/ vnd derſelben zu rechter
   <lb/>zeit einen guten vorrath einſamlet. Denn wer in ſolcher
   <lb/>Kreuterkunſt fleiſsig iſt/ vnd die Kreuter mit jhren <choice><orig>eigen-<lb break="no"/>ſchafften</orig><reg>eigenſchafften</reg></choice>
 wol erkuͤndiget hat/ der kan auch hernach in <choice><orig>vie-<lb break="no"/>len</orig><reg>vielen</reg></choice>
 groſſen vnd gefehrlichen Kranckheiten/ heilſam vnd <choice><orig>be-<lb break="no"/>queme</orig><reg>bequeme</reg></choice>
 mittel zuwege bringen/ die er nicht allwege aus <choice><orig>Pe-<lb break="no"/>ru</orig><reg>Peru</reg></choice>
 oder Indien darff holen laſſen/ ſondern hat dieſelben
   <lb/>offtmals fuͤr der Thuͤr/ StadtThor/ in ſeinem Garten/
   <lb/>oder doch nahe auff dem Felde/ Huͤgeln/ Bergen/ vnd im
   <lb/>Gehoͤltz/ damit er in fuͤrfallender noth ſich vnd die ſeinen/
   <lb/>ſo wol ſeinen Nebenchriſten/ mit GOttes huͤlff/ erretten
   <lb/>kan/ ſonderlich/ wo er einen gelehrten <foreign xml:lang="Latin" rend="antiqua">Medicum</foreign> vnd <choice><orig>gu-<lb break="no"/>ten</orig><reg>guten</reg></choice>
   Apotecker nicht allwege erlangen mag: Daher der <choice><orig>hoch-<lb break="no"/>gelarte</orig><reg>hochgelarte</reg></choice>
 Marianus Barolitanus recht geſagt: <gap xml:lang="Latin"/>
   <lb/>So iſt es auch an deme/ das offtmals in ſchlechten <choice><orig>ge-<lb break="no"/>meinen</orig><reg>gemeinen</reg></choice>
 Kranckheiten/ die ſchlechteſten vnnd einfeltigſten
   <lb/>Mittel das allerbeſte thun vnd auſrichten. <foreign xml:lang="Latin" rend="antiqua">Medicamenta
      <lb/>enim quò ſimpliciora ſunt, eò efficatius vim ſuam
      <lb/>atque Energiam exercere poſſunt.</foreign></p>
 <pb n="b iij.v"/>
<p>Demnach aber/ Gnedigſter Churfuͤrſt vnd Herr/ ich
   <lb/>mit Gottes gnedigem beyſtande numehr nicht allein vber
   <lb/><num>36.</num> Jahr practiciret/ ſondern auch <num>6.</num> groſſer Sterben <choice><orig>erle-<lb break="no"/>bet</orig><reg>erlebet</reg></choice>
vnd auſgeſtanden/ vnd mein Alter bis auff <num>57.</num> Jahr
   <lb/>bracht/ vnd von guten Leuten offtmals bittlich angelanget
   <lb/>worden/ ein fein kurtz vnd richtig Artzneybuch/ darinnen
   <lb/>von allerhand Kranckheiten/ von dem Heupt an bis auff die
   <lb/>Fusſolen/ gehandelt/ vnd darauff gute wolprobirte/ beydes
   <lb/>einfeltige vnd zuſammen geſetzte Artzneymittel/ dadurch
   <lb/>eine jede Kranckheit curirt werden koͤndte/ angedeutet vnd
   <lb/>geſetzt werden moͤchten/ ordentlich zu verfaſſen/ deſſen ich
   <lb/>mich zwar lange geweigert/ endlichen aber/ weil mir Gott
   <lb/>obrige zeit darzu beſcheret/ daſſelbige bewilliget: Als habe
   <lb/>ich aus allerhand berhuͤmbter Artzte/ Kreuter vnd <choice><orig>Artz-<lb break="no"/>neybuͤcher</orig><reg>Artzneybuͤcher</reg></choice>/
   etliche woluerſuchte Mittel/ vnd was ich ſelbſten
   <lb/>die zeit meines <hi rend="antiqua">practicirens</hi> probirt vnd erfahren/ <choice><orig>zuſam-<lb break="no"/>men</orig><reg>zuſammen</reg></choice>
men getragen/ vnd darmit dieſe ordnung gehalten. Das ich
   <lb/>erſtlichen die Kranckheiten vnnd Gebrechen kuͤrtzlich <choice><orig>be-<lb break="no"/>ſchrieben</orig><reg>beſchrieben</reg></choice>:
   Darnach die Zeichen vnd Merckmal/ darbey eine
   <lb/>jede kranckheit zu erkennen/ angedeutet: Darauff denn eine
   <lb/>kurtze vnd notwendige <hi rend="antiqua">Diæt</hi> geſetzet: Vnd endlichen die <choice><orig>jn-<lb break="no"/>nerlichen</orig><reg>jnnerlichen</reg></choice>
vnd auſwendigen Mittel/ zu jeder Kranckheit
   <lb/>erſprieslichen/ mit allen trewen verzeichnet: Darunder
   <lb/>ich auch eines fuͤrnemen/ gelehrten Muͤnche vnd <foreign xml:lang="Latin" rend="antiqua"><choice><orig>Experi-<lb break="no"/>mentatoris</orig><reg>Experimentatoris</reg></choice></foreign>
   (ſo zur zeit <foreign xml:lang="Latin" rend="antiqua">Friderici primi Imperatoris</foreign>
   <lb/>gelebet) koͤſtliche vnnd viel probirte Artzneyſtuͤcklein/ ſo
<pb n="b iiij.r"/>
biſher nie an tag kommen/ mit eingeſprenget/ Vnd mich
   <lb/>vor allen dingen befliſſen/ das ich zum erſten viel vnd <choice><orig>man-<lb break="no"/>cherley</orig><reg>mancherley</reg></choice>
ſchlechte vnd einfeltige Mittel/ ſo dieſe vnnd jene
   <lb/>Kranckheit von inwendig vnd auſſen vertreiben koͤnnen/
   <lb/>geſetzet/ aus vrſach/ ob man etwan das eine/ andere/ dritte
   <lb/>oder vierdte nicht hette (wie denn alle Kreuter nicht an <choice><orig>ei-<lb break="no"/>nem</orig><reg>einem</reg></choice>
ort wachſen) das man doch etliche haben/ vnd dieſelben
   <lb/>in fuͤrfallender beſchwerung nuͤtzlich gebrauchen koͤndte:
   <lb/>Darnach/ vnd damit ſolch Artzneybuch allen Menſchen/
   <lb/>hohes vnd nidriges Standes/ deſto angenemer vnd <choice><orig>nuͤtzli-<lb break="no"/>cher</orig><reg>nuͤtzlicher</reg></choice>
ſein moͤchte/ ſo habe ich fuͤr den armen gemeinen Mann
   <lb/>die ſchlechten vnd einfeltigen Stuͤck: Fuͤr hohe Perſonen
   <lb/>aber zuſammen geſatzte Artzneymittel geordnet.</p>
<p>Wann dann/ Gnedigſter Churfuͤrſt vnd Herr/ je vnd
   <lb/>allwege ein alter gebrauch vnd loͤblich herkommen geweſen/
   <lb/>das/ wenn man newe Schrifften <hi rend="antiqua">publiciren</hi> vnd <choice><orig>auſge-<lb break="no"/>hen</orig><reg>auſgehen</reg></choice>
   laſſen wil/ man dieſelbe gemeiniglich hohen <choice><orig>Potenta-<lb break="no"/>ten</orig><reg>Potentaten</reg></choice>/
   oder ſonſt fuͤrnemen Perſonen zu zueignen vnd zu <choice><orig>de-<lb break="no"/>diciren</orig><reg>dediciren</reg></choice>
   pfleget/ ſonderlich/ welche zu dem/ dauon <choice><orig>geſchrie-<lb break="no"/>ben</orig><reg>geſchrieben</reg></choice>
wird/ groſſe beliebung tragen/ Vnd aber <abbr>E. Churf. G.</abbr>
   <lb/>auch in dem hoͤchlich gerhuͤmet werden/ das ſie nicht allein
   <lb/>die edle Kreuterkunſt hoch halten/ vnd derer ein groſſe <choice><orig>men-<lb break="no"/>ge</orig><reg>menge</reg></choice>/
   vnd ſonderlich von <foreign xml:lang="Latin" rend="antiqua">Exoticis</foreign> vnd auſlendiſchen <choice><orig>Gewaͤch-<lb break="no"/>ſen</orig><reg>Gewaͤchſen</reg></choice>
in jhren Churfuͤrſtlichen Gaͤrten zu Heydelberg/ nicht
   <lb/>mit geringen vnkoſtẽ zeugen: Sondern auch die ware vralte
   <lb/>Kunſt der Artzney/ vnd derſelben hochgelerte <hi rend="antiqua">Profeſſorn</hi>
<pb n="b iiiij.v"/>
hoͤchlich lieben vnd ehren ſollen: Als habe <abbr>E. Churf. G.</abbr>
   <lb/>fuͤr allen andern/ ich dis <hi rend="antiqua">Manual</hi> vnd Artzneybuch/ <title xml:lang="Latin" rend="antiqua"><choice><orig>Va-<lb break="no"/>de</orig><reg>Vade</reg></choice>
mecum</title> genant/ vnterthenigſt dediciren, vnd vnter
   <lb/><abbr>E. Churf. G.</abbr> hochloͤblichen Namen inn Druck <choice><orig>vorferti-<lb break="no"/>gen</orig><reg>vorfertigen</reg></choice>
wollen/ gantz vnterthenigſt bittende/ <abbr>E. Churf. G.</abbr>
   <lb/>woͤlle jhr dieſe meine Arbeit genedigſt wolgefallen/ vnnd
   <lb/>mich zu gnaden vnd allem guten trewlich befohlen ſein <choice><orig>laſ-<lb break="no"/>ſen</orig><reg>laſſen</reg></choice>:
   Dann <abbr>E. Churf. G.</abbr> hoͤchſtes fleiſſes vnd vermoͤgens
   <lb/>vnterthenigſte dienſte zu erzeigen/ bin ich jeder zeit gefliſſen
   <lb/>vnd allbereit willig. Der gnedige vnd barmhertzige Gott
   <lb/>wolle <abbr>E. Churf. G.</abbr> ſampt derſelben hertzliebſte <choice><orig>Gemah-<lb break="no"/>lin</orig><reg>Gemahlin</reg></choice>
in langwiriger Geſundheit vnd gutem Friede erhalten.</p>
   <lb/><dateline>Datum Arnſtadt/ am tage Jocobi den 25. Julij Anno
      <lb/>1594.</dateline>
   <lb/><closer><abbr>E. Churf. G.</abbr>
      <lb/>Vnterthenigſter vnd
      <lb/>Dienſtwilliger
      <lb/>Graͤffliche <choice><orig>Schwartzbur-<lb break="no"/>giſcher</orig><reg>Schwartzburgiſcher</reg></choice>
Hoff vnd Stadt
      <lb/>Medicus zu Arnſtadt.
      <lb/><signed rend="antiqua"><abbr>M.</abbr> Iohannes
         <lb/>VVittichius.</signed></closer>
</body>
</text>
</TEI>