<?xml version="1.0" encoding="UTF-8"?>
<?xml-model href="http://www.tei-c.org/release/xml/tei/custom/schema/relaxng/tei_lite.rng" type="application/xml" schematypens="http://relaxng.org/ns/structure/1.0"?>
<?xml-model href="http://www.tei-c.org/release/xml/tei/custom/schema/relaxng/tei_lite.rng" type="application/xml"
	schematypens="http://purl.oclc.org/dsdl/schematron"?>
<TEI xmlns="http://www.tei-c.org/ns/1.0">
<teiHeader>
<fileDesc>
 <titleStmt>
<title><foreign xml:lang="Latin" rend="antiqua">DE <choice><orig>CURATIO-<lb break="no"/>NIBUS</orig><reg>CURATIONIBUS</reg></choice>
 Gravidarum, Puerperarum, &#38;
 <lb/>Infantum.</foreign>
 <lb/>New Frawen Zimmer/
 <lb/>vnd gruͤndtliche vnterrichtung von
 <lb/>den Schwangern Frawen vnd <choice><orig>Kindel-<lb break="no"/>betterinnen</orig><reg>Kindelbetterinnen</reg></choice>/
 was jhnen/ Vor/ In/ Vnd
 <lb/>Nach der Geburt zu wiſſen von
 <lb/>noͤthen ſey.
 <lb/>Auch von vielen Kranckheiten der
 <lb/>Jungen Kinder/
 <lb/>Zum Vierdten mal wieder <choice><orig>vberſe-<lb break="no"/>hen</orig><reg>vberſehen</reg></choice>/
 vnd an etlichen hundert oͤrtern mit vielen
 <lb/>heimlichen bewerten Kunſt ſtuͤcken vnd <choice><orig>Experimen-<lb break="no"/>ten</orig><reg>Experimenten</reg></choice>/
 Auch etlichen gantz newen <choice><orig>Capit-<lb break="no"/>teln</orig><reg>Capitteln</reg></choice>
 gezieret vnnd <choice><orig>ver-<lb break="no"/>mehret</orig><reg>vermehret</reg></choice>.
 Vnd jtzo wiederumb in den Druck gegeben/
 <lb/>Durch
 <lb/><foreign xml:lang="Latin" rend="antiqua">Doctorem</foreign> <hi rend="antiqua">Davidem Herlicium</hi> von Zeitz/
 <lb/><foreign xml:lang="Latin" rend="antiqua">Medicum</foreign> zu Luͤbeck.
 <lb/><bibl>Gedruͤckt zu Alten Stettin/ durch Jochim Rheten
<lb/>Seligen Erben.
<lb/><date rend="antiqua">M. DC. XII.</date></bibl>
</title>
<author>David Herlitz</author>
 </titleStmt>
 <editionStmt>
<edition>Digital Facsimile from Staats- und Universitätsbibliothek Dresden</edition>
<respStmt><resp>transliterator, TXT and XML encoder</resp>
 <name>Whitt, Richard J.</name></respStmt></editionStmt>
 <publicationStmt>
<p>Place of Publication: Stettin</p>
<p>Year: <date>1612</date></p>
<p>Extract: Dedication and Preface (pp. A ij.r-A iiij.v)</p>
 </publicationStmt>
 <sourceDesc>
<bibl>URL: http://digital.slub-dresden.de/werkansicht/dlf/4014/1/cache.off</bibl>
 </sourceDesc>
</fileDesc>
</teiHeader>
<text>
<body>
 <pb n="A ij.r"/>
  <div type="dedication"><p>Dem Geſtrengen/ Edlen/ Ehrnvheſten/ <choice><orig>Achtba-<lb break="no"/>ren</orig><reg>Achtbaren</reg></choice>/
    vnd Hochweiſen Herren
    <lb/>Henrico von Olenbrock/
    <lb/>Buͤrgermeiſter der Koͤniglichen Kauff vnd
    <lb/>ſeeſtadt Riga in Liefflandt/ meinem <choice><orig>großguͤn-<lb break="no"/>ſtigem</orig><reg>großguͤnſtigem</reg></choice>
    Herren vnd mechtigem <choice><orig>Fuͤrde-<lb break="no"/>rer</orig><reg>Fuͤrderer</reg></choice>/
    Dienſtlich
    <lb/>Auch ſeiner Hertzlieben Ehelichen <choice><orig>Haußfraw-<lb break="no"/>en</orig><reg>Haußfrawen</reg></choice>/
    der Erbaren vnd viel <choice><orig>Ehrentugent-<lb break="no"/>ſamen</orig><reg>Ehrentugentſamen</reg></choice>
 Frawen/
    <lb/>Anna Friedrichs/
    <lb/>meiner viel guͤnſtigen <choice><orig>gu-<lb break="no"/>ten</orig><reg>guten</reg></choice>
    Freundin.</p></div>
 <pb n="A ij.v"/>
 <div type="preface"><head>Gottes Gnad vnd ſegen zu Zeitlicher vnd
    <lb/>Ewiger wolfahrt.</head>
 <p>GEſtrenger Edler Ehrnvheſter
   <lb/>Achtbarer vnd Hochweiſer Herr <choice><orig>Bur-<lb break="no"/>germeiſter</orig><reg>Burgermeiſter</reg></choice>/
   Großguͤnſtiger lieber Herr/
    <lb/>vnd mechtiger fuͤrderer/ Auch Erbare viel
   <lb/>Ehrentugentſame Fraw/ vnd <choice><orig>Vielguͤn-<lb break="no"/>ſtige</orig><reg>Vielguͤnſtige</reg></choice>
gute Freundin.</p>
<p>Es gibts leider die betruͤbte Erfahrung/ wie die Edle
   <lb/><foreign xml:lang="Latin" rend="antiqua">Medicina</foreign> oder Artzney Kunſt/ zu dieſen vnſeren zeiten/
   <lb/>in ſo grewlichen mißbrauch vnd ſchedliche vorfelſchung
   <lb/>gerhaten/ das ſo viel vnbeſonnene Kuͤhne Leute/ vnter
   <lb/>Maͤnlichen vnd Frewlichen Geſchlechte/ ſich dieſer Kunſt
  <lb/>vnterfahen/ vnnd/ ohn einige wiſſenſchafft oder <choice><orig>Er-<lb break="no"/>fahrung</orig><reg>Erfahrung</reg></choice>/
  Auch zu den ſchwerſten vnnd <choice><orig>gefaͤhrlich-<lb break="no"/>ſten</orig><reg>gefaͤhrlichſten</reg></choice>
 Kranckheiten/ Rhat zu geben/ ſich vnterſtehen
   <lb/>duͤrffen/ Daher denn vnzehlich viel Menſchen das
   <lb/>liebe Leben/ welches ſie ſonſten/ durch Ordentliche
   <lb/>vnd gegruͤndete Mittel der Artzney/ wol erhalten vnnd
   <lb/>vorlengern hetten koͤnnen/ Jemmerlich verlieren/ vnd
   <lb/>alſo der Welt/ in welcher ſie noch viel gutes ſchaffen
   <lb/>moͤgen/ alzubald/ entzogen werden. Ja es geſchicht auch
   <lb/>offt vnter den gelerten/ daß die jenigen/ ſo viel ein andere
   <lb/><hi rend="antiqua">Profeſſion</hi> oder beſtallung haben/ gleichwol ſich in die
   <lb/><foreign xml:lang="Latin" rend="antiqua">Medicinam</foreign> mengen/ vñ jeder manne Raht geben wollen.
   <lb/>Fuͤrnemblich aber vnd inſonderheit iſt zubeklagen/ das
 <pb n="A iij.r"/>
 mit denen Kranckheiten/ welche die ſchwangern <choice><orig>Fra-<lb break="no"/>wen</orig><reg>Frawen</reg></choice>
vnd Kindelbetterinnen anzugreiffen pflegen/ ſo ein
   <lb/>groſſer Vnverſtand/ Mißbrauch vnd Frevel geuͤbet
   <lb/>wird/ daß vnzehlich viel gedachter Frawesperſonen
  <lb/>jemmerlich auß dieſſem Leben entweder gar <choice><orig>weggeraf-<lb break="no"/>fet</orig><reg>weggeraffet</reg></choice>/
  oder in die Kranckheiten noch viel tieffer geſtack <choice><orig>wer-<lb break="no"/>den</orig><reg>werden</reg></choice>.
  Solchen ſchedlichen vnd ſchendlichen Mißbrauch
   <lb/>der Artzney beklagen alle gelehrte <foreign xml:lang="Latin" rend="antiqua">Medici</foreign>, vnd wuͤnſchen
   <lb/>hertzlich/ das die hohe Obrigkeit in diſſem Punct ein
  <lb/>mal eine ernſtliche <hi rend="antiqua">Reformation</hi> vnd Ordnung <choice><orig>anrich-<lb break="no"/>ten</orig><reg>anrichten</reg></choice>
  moͤchte/ weil man ſonſten in andern Weltlichen <choice><orig>ſa-<lb break="no"/>chen</orig><reg>ſachen</reg></choice>
guter Ordnung ſich Zimlich befleiſſiget.</p>
   <p>Vnter deß haben ſich gedachte rechte <foreign xml:lang="Latin" rend="antiqua">Medici</foreign> in <choice><orig>ſon-<lb break="no"/>derheit</orig><reg>ſonderheit</reg></choice>
     die Kranckheiten/ ſo dem Frewlichem <choice><orig>Geſchlech-<lb break="no"/>te</orig><reg>Geſchlechte</reg></choice>/
     vnd zuuor auß den ſchwangern vnd <choice><orig>Kindelbette-<lb break="no"/>rinnen</orig><reg>Kindelbetterinnen</reg></choice>/
     anhengig ſint/ zum hoͤchſten angelegen ſein <choice><orig>laſ-<lb break="no"/>ſen</orig><reg>laſſen</reg></choice>/
     vnd dauon/ in Griechſcher/ Lateiniſcher vnd <choice><orig>Deut-<lb break="no"/>ſcher</orig><reg>Deutſcher</reg></choice>
     ſprachen/ viel herliche nuͤtzliche Buͤcher <choice><orig>geſchrie-<lb break="no"/>ben</orig><reg>geſchrieben</reg></choice>/
     damit/ in ſolchen vmbſtenden deß Weiblichen <choice><orig>Ge-<lb break="no"/>ſchlechtes</orig><reg>Geſchlechtes</reg></choice>/
     Etwas wahres nuͤtzliches heylſames vnnd
   <lb/>grundliches moͤchte gelehret vnd gewieſen werden/ vnd
     <lb/>alſo dem Frevel vnd Kuͤhnheit anderer fuͤr witziger <choice><orig>geld-<lb break="no"/>ſuͤchtiger</orig><reg>geldſuͤchtiger</reg></choice>
     Leute/ die in dieſe herliche Kunſt ſich auch <choice><orig>mi-<lb break="no"/>ſchen</orig><reg>miſchen</reg></choice>/
     ein wieder ſtandt geſchehen moͤchte. Alſo hab
   <lb/>auch ich/ nach dem Pfunde/ welches der liebe Gott mir
<pb n="A iij.v"/>
     in Gnaden verliehen/ von dieſen ſachen mein <choice><orig>Beden-<lb break="no"/>cken</orig><reg>Bedencken</reg></choice>
 eroͤffnen/ vnd diß nachfolgende Buch/ welches nun
     <lb/>zum Vierden mal augiert/ vermehrt/ vnd an <choice><orig>vielenhun-<lb break="no"/>dert</orig><reg>vielenhundert</reg></choice>
     Ortern von <date>Anno 1584.</date> <date>1597.</date> vnd <date>1602.</date> <choice><orig>verbeſ-<lb break="no"/>ſert</orig><reg>verbeſſert</reg></choice>
     wurden/ vff bitte vnd begehr fuͤrnemer Leute/ <choice><orig>wieder-<lb break="no"/>umb</orig><reg>wiederumb</reg></choice>
   in den Druck verſchaffen/ vnd auß getrewen <choice><orig>Her<lb break="no"/>tzen</orig><reg>Hertzen</reg></choice>/
     die Mittel/ ſo ich/ vber die <num>30.</num> Jahr/ in ſolchen <choice><orig>zu-<lb break="no"/>fellen</orig><reg>zufellen</reg></choice>
     vnd vngelegenheiten der ſchwangern/ vnd <choice><orig>Kin-<lb break="no"/>delbetterinnen</orig><reg>Kindelbetterinnen</reg></choice>/
     wie auch der Jungenkinder/ Gott lob/
 <lb/>nuͤtzlich vnd ruhmlich gebrauchet/ an den Tag geben/
   <lb/>vnd jedermann liberaliter offenbaren wollen/ auff daß
     <lb/>hiedurch andern loſen nichtigen Rathgebern etwas <choice><orig>ge-<lb break="no"/>wehret</orig><reg>gewehret</reg></choice>/
     vnd alſo manch from Hertz beim Leben errettet
   <lb/>wuͤrde.</p>
 <p>Weil dann/ Hochweiſer Herr Burgmeiſter/ auch
    <lb/>vieltugentſame Frawe Burgermeiſterin/ diß Buch/
    <lb/>wegen mangelung der Exemplarien/ wiederumb in den
    <lb/>offenen Druck hat vffgelegt muͤſſen werden/ vnd ich zu
   <lb/>ewren Perſonen ſonderlich ein gut Hertz getragen/ <choice><orig>wiſ-<lb break="no"/>ſende</orig><reg>wiſſende</reg></choice>/
   das dieſelben meinẽ ſtudiis gantzguͤnſtig gewogen/
    <lb/>auch der Herr vnd ſeine Vielgeliebte Hausfrawe/ nicht
   <lb/>alleine/ wegen jhres Loͤblichen/ Hochberuͤmbten/ <choice><orig>An-<lb break="no"/>ſehnlichen</orig><reg>Anſehnlichen</reg></choice>
 vnd Vhralten Geſchlechts/ welches mit den
    <lb/>hoͤchſten digniteten vnd Embtern viel lange Jahr doher/
 <pb n="A iiij.r"/>
   von Gott vnd der hohen Obrigkeit/ in ewrem <choice><orig>Stadt-<lb break="no"/>Regiment</orig><reg>StadtRegiment</reg></choice>
iſt gezieret worden: ſondern auch/ das ſie
    <lb/>die Kuͤnſte/ durch welche das Menſchliche Leben erhalten
    <lb/>wird/ ſonderlich belieben/ vnd großguͤnſtig befuͤrdern:
    <lb/>wol werth vnd wirdig von mir <hi rend="antiqua">cenſiert</hi> oder geachtet
    <lb/>wurden/ das jhr ehrlicher vnd Ruͤhmlicher Namen auch
    <lb/>durch mich ein mal oͤffentlich gedacht wurde/ vnd alſo/
    <lb/>mit dieſer gelegenheit in jhre Freundſchafft ich beſſer
    <lb/>mich <hi rend="antiqua">inſinuieren</hi> vñ bringen/ vñ demnach durch dis nicht
    <lb/>vnnuͤtzliche Buch/ Ewre <foreign xml:lang="Latin" rend="antiqua">Patrocinium</foreign> beſchuͤtzung vnd
    <lb/>befuͤrderung meiner <foreign xml:lang="Latin" rend="antiqua">Studiorum</foreign> erlangen moͤchte: Alß
    <lb/>iſt mein dienſtliches demuͤtiges vnd hochfleiſſiges bitten/
    <lb/>der Herr Burgermeiſter/ neben ſeiner Vieltugentſamen
    <lb/>geliebten Haußfrawen/ wolten diß Buch/ in jhren <choice><orig>Na-<lb break="no"/>men</orig><reg>Namen</reg></choice>
   wolmeinend von mir <hi rend="antiqua">publiciert</hi>, großgunſtig <choice><orig>an-<lb break="no"/>nemen</orig><reg>annemen</reg></choice>/
   vnd dieſe <hi rend="antiqua">Dedication</hi> jhnen nicht zu wieder ſein
    <lb/>laſſen/ ſondern gentzlich dafuͤr halten/ das ſolches jhnen
   <lb/>beyden/ zu ſonderlichen Ehren vnd in guter <choice><orig>Freundt-<lb break="no"/>ſchafft</orig><reg>Freundtſchafft</reg></choice>/
   zugeordnet/ zugeſchrieben/ vnd zu eigen <choice><orig>gege-<lb break="no"/>ben</orig><reg>gegeben</reg></choice>
wurden: Vnd das ich anderer Hochgelarter vnnd
    <lb/>Weitberuͤmbter <foreign xml:lang="Latin" rend="antiqua">Medicorum</foreign> Exempla/ die mit ſolchen
   <lb/><foreign xml:lang="Latin" rend="antiqua">Materiis</foreign>, als dieſe ſint/ gleichergeſtalt/ Fuͤrnehme <choice><orig>Hoch-<lb break="no"/>weiſe</orig><reg>Hochweiſe</reg></choice>
Verſtendige Herren/ vnd Zuͤchtige Tugentſame
    <lb/>Frawen angeredet vnd erſuchet haben/ nachfolgen <choice><orig>wol<lb break="no"/>len</orig><reg>wollen</reg></choice>.
   Hiemit dem lieben Gott zu aller Zeitlichen vnd
<pb n="A iiij.v"/>
 Ewigen wolfart/ trewlich befolen/ neben Hertzlicher
 <lb/>wuͤnſchung/ das derſelbe dieſen ewren jtzigen Eheſtandt
   <lb/>mit geſunden vnd froͤlichen Leibsfruͤchten gnedig <choice><orig>ge-<lb break="no"/>ſegnen</orig><reg>geſegnen</reg></choice>
   wollte/ Amen/ Amen.<date>Datum <choice><orig>Luͤ-<lb break="no"/>begk</orig><reg>Luͤbegk</reg></choice>
     den 1. Junij/ Anno <choice><orig>Chri-<lb break="no"/>ſti</orig><reg>Chriſti</reg></choice>
 1612.</date></p>
 <closer>Deß Herren Buͤrgermeiſters/ vnd
    <lb/>ſeiner Vieltugentſamen Hertzlieben
    <lb/>Hauſfrawen/
    <lb/>Dienſtwilliger
    <lb/><signed rend="antiqua"><abbr>D.</abbr> David Herlicius.</signed></closer></div>
</body>
</text>
</TEI>