<?xml version="1.0" encoding="UTF-8"?>
<?xml-model href="http://www.tei-c.org/release/xml/tei/custom/schema/relaxng/tei_lite.rng" type="application/xml" schematypens="http://relaxng.org/ns/structure/1.0"?>
<?xml-model href="http://www.tei-c.org/release/xml/tei/custom/schema/relaxng/tei_lite.rng" type="application/xml"
	schematypens="http://purl.oclc.org/dsdl/schematron"?>
<TEI xmlns="http://www.tei-c.org/ns/1.0">
  <teiHeader>
      <fileDesc>
         <titleStmt>
            <title>Hebammen Buch/
               <lb/>Darinn von Fruchtbarkeit vnd <choice><orig>Vn-<lb break="no"/>fruchtbarkeit</orig><reg>Vnfruchtbarkeit</reg></choice>
               der Weiber/ zeitigen vnd <choice><orig>vnzei-<lb break="no"/>tigen</orig><reg>vnzeitigen</reg></choice>
               Geburt/ Zuſtand der Frucht in vnd <choice><orig>auſſer-<lb break="no"/>halb</orig><reg>auſſerhalb</reg></choice>
               Mutterleib/ zufaͤlligen Kranckheiten ſo wol der
               <lb/>Kindbetterin als deß Kindes/ wie auch dero Chur vnd Mittein/ <choice><orig>zu-<lb break="no"/>ſampt</orig><reg>zuſampt</reg></choice>
               dem Ampt einer Wehemutter oder <choice><orig>Hebam-<lb break="no"/>men</orig><reg>Hebammen</reg></choice>
               weitlaͤufftig gehandelt
               <lb/>wird.
               <lb/>Erſtmals durch Fraw <hi rend="antiqua">LOUYSE BOURGEOIS</hi>,
               <lb/>der alten Koͤnigin in Franckreich/ beſtellten <choice><orig>Am-<lb break="no"/>me</orig><reg>Amme</reg></choice>/
               in Frantzoͤſiſcher Sprach
               <lb/>beſchrieben/
               <lb/>Hernach aber allen ehrliebenden Matronen/ <choice><orig>Hauß-<lb break="no"/>muͤttern</orig><reg>Haußmuͤttern</reg></choice>/
               geſchwornen vnd andern Ammen/ zum beſten in die Teutſche
               <lb/>Sprach/ getrewlich vnd fleiſſig vberſetzt/ vnd nach der Fraw <choice><orig>Vr-<lb break="no"/>herberin</orig><reg>Vrherberin</reg></choice>
               corrigirtem vnd vermehrtem Exemplar wider
               <lb/>von newem auffgelegt.
               <lb/>Mit ſeinem zugehoͤrigen Kupfferſtuͤcken.
               <lb/><bibl rend="antiqua">Getruckt zu Hanaw in Verlegung
                  <lb/><hi rend="antiqua">Matthæi Merian</hi>.</bibl>
            </title>
            <author>Louise Bourgeois</author>
         </titleStmt>
         <editionStmt>
            <edition>Digital Facsimile from Staats- und Universitätsbibliothek Göttingen</edition>
            <respStmt><resp>transliterator, TXT and XML encoder</resp>
               <name>Whitt, Richard J.</name></respStmt></editionStmt>
         <publicationStmt>
            <p>Place of Publication: Hanau</p>
            <p>Year: <date>1652</date></p>
            <p>Extract: Prefaces by Matthäus Merian and Louise Bourgeois (pp. 3-18)</p>
         </publicationStmt>
         <sourceDesc>
            <bibl rend="antiqua">URL: http://gdz.sub.uni-goettingen.de/dms/load/img/?PPN=PPN610593498</bibl>
         </sourceDesc>
      </fileDesc>
  </teiHeader>
  <text>
      <body>
         <pb n="3"/>
<div type="preface"><head><hi rend="antiqua">MATTHÆI MERIANS.</hi>
<lb/>Vorrede an den Leſer.</head>
   <p>ES iſt allen Gelehrten/ vñ der <choice><orig>frey-<lb break="no"/>en</orig><reg>freyen</reg></choice>
      loͤblichen Kuͤnſten Liebhabern
      <lb/>genugſam bewuſt/ was groſſes
      <lb/>Fleiß/ ohnſaͤglicher Muͤhe vnd
      <lb/>Arbeit/ vnd vnglaublichen <choice><orig>Ko-<lb break="no"/>ſtens</orig><reg>Koſtens</reg></choice>
      mein lieber Schweher <choice><orig>Vat-<lb break="no"/>ter</orig><reg>Vatter</reg></choice>
   Seeliger <hi rend="antiqua">Iohann Theodor de
      <lb/>Bry</hi>, Weyland Buͤrger vnd Kunſtſtecher/ auch <choice><orig>Vorle-<lb break="no"/>ger</orig><reg>Vorleger</reg></choice>
      zu Franckfurt am Mayn/ angewandt/ durch <choice><orig>aller-<lb break="no"/>hand</orig><reg>allerhand</reg></choice>
   fuͤrtreflich nuͤtzliche Buͤcher/ ſo durch jhne an Tag
      <lb/>kommen/ vnd beydes zur Zier vnd Nutz mit <choice><orig>mancher-<lb break="no"/>ley</orig><reg>mancherley</reg></choice>
      ſchoͤnen Kunſtſtuͤcken gezieret worden/ ſeine <choice><orig>wolmei-<lb break="no"/>nende</orig><reg>wolmeinende</reg></choice>
   Affection/ ſo er zu allen guten loͤblichen Kuͤnſten
      <lb/>getragen/ zuerklaͤren.</p>
   <p>Wann aber ich ſo viel Gnad vnd Gaben von dem
      <lb/>Allmaͤchtigen erlangt/ daß ich nicht allein theils ſeines
      <lb/>handels/ ſonder auch ſeiner edlen Kunſt ein Erb wordẽ/
      <lb/>als hab ich mir nach ſeinẽ Abſcheid auß dieſem Leben/
      <pb n="4"/>
      liebers ſeyn laſſen/ dann daß ich gleiche Affection vnd
      <lb/>Lieb/ ſo ich zu Fuͤrderung guter Kuͤnſten nicht weniger
      <lb/>als er getragen/ maͤnniglich entdecken vnd offenbaren
      <lb/>moͤchte.</p>
   <p>Vnd zwar ſolches vmb ſo vielmehr/ weil der <choice><orig>meiſte-<lb break="no"/>theil</orig><reg>meiſtetheil</reg></choice>
      der Mediciniſchen Werck/ vnd vnder denſelben die
      <lb/>ſchrifften deß Weyland hochberuͤmten Herrn <hi rend="antiqua">Caſpari
         <lb/>Bauhini</hi> ſeeligen/ vnnd fuͤrtrefflichen <foreign xml:lang="Latin" rend="antiqua">Chirurgi</foreign>, Herrn
      <lb/><hi rend="antiqua">VVilhelmi Fabricii</hi>, zuſampt andern an mich <choice><orig>gelan-<lb break="no"/>get</orig><reg>gelanget</reg></choice>/
      vnder welchen auch keines wegs zuverachten/ das
      <lb/>ſehr nutzliche Hebammen Buch/ Frawen <hi rend="antiqua">Louyſe <choice><orig>Bur-<lb break="no"/>geois</orig><reg>Burgeois</reg></choice></hi>, 
      ſo auß dem Frantzoͤſiſchen in vnſer hochteutſche
      <lb/>Sprach uͤbergeſetzt worden. Dann daſſelbe ſolcher <choice><orig>ge-<lb break="no"/>ſtalt</orig><reg>geſtalt</reg></choice>
      nutzlich befunden/ vnd alſo begeret worden/ dz ſich
      <lb/>die <foreign xml:lang="Latin" rend="antiqua">Exemplaria</foreign> verkauft vñ demnach eine Notturft <choice><orig>ge-<lb break="no"/>weſt</orig><reg>geweſt</reg></choice>/
      ſolches von newem auffzulegen/ in welchem wir
      <lb/>vns befliſſen dieſen truck dem newen zu Pariß kuͤrtzlich
      <lb/>verfertigtem <hi rend="antiqua">Exemplar</hi>, ſo an vielen Orten corrigirt
      <lb/>vnd vermehrt/ gleichfoͤrmig an Tag zubringen.</p>
   <p>Wir haben aber dieſe Arbeit vnd Coſten vmb ſo viel
      <lb/>deſto lieber vber vns genommen/ weil wir vns nit <choice><orig>erjn-<lb break="no"/>nern</orig><reg>erjnnern</reg></choice>
      koͤnnen/ ob jemals etwz ſolches in vnſer <choice><orig>hochteut-<lb break="no"/>ſchen</orig><reg>hochteutſchen</reg></choice>
Sprach außgangen/ daß in dieſer Materi vnd
      <lb/>Vorhaben haͤtte paſſiren/ vnd die Prob halten moͤgen:
      <lb/>alſo dz vns beduncken wollen/ es mangle demſelben <choice><orig>vn-<pb break="no" n="5"/>ſerm</orig><reg>vnſerm</reg></choice> 
      Vatterland noch biß auf dieſe Zeit an einẽ ſolchen
      <lb/>Werck/ darinnen vielen armen einfaͤltigen Weibern/ die
      <lb/>ſich gleichwol Hebam̃en ſchelten/ vnd dazu gebrauchen
      <lb/>laſſen/ jr Ampt vnd Gebuͤr mit gutem Grund vnd <choice><orig>Wiſ-<lb break="no"/>ſenſchafft</orig><reg>Wiſſenſchafft</reg></choice>
fuͤrgebildet/ vnd ſie eines beſſern vnterrichtet
      <lb/>werden koͤnnen. Dann daß etliche auß dem gemeinen
      <lb/>Hauffen meinen moͤchten/ diß lernete ſich nicht auß den
      <lb/>Buͤchern/ man muͤſte es auß d’ Vbung vnd Erfahrung
      <lb/>haben/ hat zwar einen feinen Schein/ aber wie manche
      <lb/>ehrliche Mutter vnd Kind muß daruͤber den Kuͤrtzern
      <lb/>ziehen/ vnd das beſte Pfand zuſetzen/ biß dz die Weiber
      <lb/>die Erfahrũg vnd Praxin zuwegen bringen? Wer wolte
      <lb/>gern einen vngeſchickten Lehrjungen an ſeinem Leib zũ
      <lb/>Meiſter werden laſſen? Was võ etlichen plumpen/ vnd
      <lb/>allein mit Nahmen <foreign xml:lang="Latin" rend="antiqua">Medicis</foreign> im Sprichwort <choice><orig>ſchimpfs-<lb break="no"/>weiß</orig><reg>ſchimpfsweiß</reg></choice>
geſagt wird/ daß ihr jeder einen newen Kirchhoff
      <lb/>haben muͤſſe/ das ſagt eben dieſe weiſe Frau vñ <choice><orig>Vrhebe-<lb break="no"/>rin</orig><reg>Vrheberin</reg></choice>
dieſes Buchs/ von den doͤlpiſchen Am̃en/ ſprechend
      <lb/>es ſeyen Huͤbeln vnd Graͤber genug auff dem Kirchhoff
      <lb/>zu Pariß/ die Am̃en doͤrffen deren nicht mehr machen/
      <lb/>das kan man meines Erachtens viel beſſer von vnſerm
      <lb/>Teutſchland ſagen. Sie klagt an einem Orth in dieſem
      <lb/>jhrem Buͤchlein/ es ſeyen viel Ammen mit dem bloſſen
      <lb/>Namen/ aber die Verrichtung Kunſt vnd <choice><orig>geſchicklich-<lb break="no"/>keit</orig><reg>geſchicklichkeit</reg></choice>
ſey fern von ihnen: Aber ſie mag wol ſtillſchweigen
<pb n="6"/>
vnd vns dieſes Klagen laſſen. Man ſagt ins gemein/
      <lb/>Wanns recht zugehe/ ſey ein jede ein Amme. Aber ſie
      <lb/>ſagt/ das ſey ein Amme/ die Huͤlff vnd Raht thun vnd
      <lb/>ſich gebrauchen koͤnne/ wanns vnrecht zugehet/ vnnd
      <lb/>welches das beſte iſt/ ſie ſagt es nicht allein/ ſondern <choice><orig>leh-<lb break="no"/>ret</orig><reg>lehret</reg></choice>
auch/ wie man es machen ſolle. Nun der groſſe
      <lb/>Jammer der ſich hin vnd wider bey vielen armen <choice><orig>Kind-<lb break="no"/>betterin</orig><reg>Kindbetterin</reg></choice>
      vnd vnſchuldigen Kindern ereyget/ die <choice><orig>vielfalti-<lb break="no"/>ge</orig><reg>vielfaltige</reg></choice>
      Faͤhler vnd ſchaͤdliche Irrungen/ die ſich auß <choice><orig>Man-<lb break="no"/>gel</orig><reg>Mangel</reg></choice>
guter Vnterweiſung bey den Ammen begeben/ vnd
      <lb/>die darauß entſtehende Noht/ haben vnter andern/ in
      <lb/>Anſehung deß gemeinen Nutzen/ auch denjenigen ſo
      <lb/>dieſes Buͤchlein auß dem Frantzoͤſiſchen <hi rend="antiqua">tranſferirt</hi>
      <lb/>dahin bewogen/ daß er ſich in dieſer Matery/ die ſonſt
      nicht jeder<lb/>mans Ding iſt/ zubemuͤhen/ vermoͤgen <choice><orig>laſ-<lb break="no"/>ſen</orig><reg>laſſen</reg></choice>.
      Dann es werden alle recht verſtaͤndige dieſes gern
      <lb/>geſtehen/ die jrgend ein Werck der Natur ſey/ da Kunſt/
      <lb/>Geſchicklichkeit/ Fleiß/ Auffſicht/ Gebett/ Segen vnd
      <lb/>Huͤlff vonnoͤthen/ ſo ſey es gewißlich das/ da d’ Menſch
      <lb/>võ ſeiner Mutterleib zu dieſem ſterblichen Leben/ in die
      <lb/>Welt gebohren wird Der erſte Abriß vnnd Entwurff
      <lb/>deß Menſchen in dem Leib ſeiner Mutter/ deſſen <choice><orig>For-<lb break="no"/>mation</orig><reg>Formation</reg></choice>
vnd Bildung/ Vnterhalt/ Zunehmen biß zur
      <lb/>Vollkommenheit/ vnd die vnbegreifliche Ordnung der
      <lb/>Natur/ ſo ſie in dieſem Werck haͤlt/ hat auch die <choice><orig>vn-<pb break="no" n="7"/>glaubigen</orig><reg>vnglaubigen</reg></choice> 
      Heydniſchen Philoſophus zu hoͤchſten <choice><orig>Ver-<lb break="no"/>wunderung</orig><reg>Verwunderung</reg></choice>/
      vnd nicht vnbillig/ gebracht/ daß ſie/ ſo viel
      <lb/>jhnen auß dem Liecht der Natur muͤglich geweſt/ erſtlich
      <lb/>daß ein Gott ſey/ darnach daß ſeine Vorſehung ſich in
      <lb/>dieſem edlen Geſchoͤpff deß Menſchen inſonderheit <choice><orig>er-<lb break="no"/>zeige</orig><reg>erzeige</reg></choice>/
      erkandt haben. Aber wann man die Warheit <choice><orig>be-<lb break="no"/>kennen</orig><reg>bekennen</reg></choice>
      wil/ erweiſet ſich die allmaͤchtige Weißheit/ <choice><orig>Guͤ-<lb break="no"/>te</orig><reg>Guͤte</reg></choice>
vnd wunderbare Vorſehung des ewigen Gotes nit
      <lb/>weniger darinn/ dz der Menſch zu ſeiner Zeit auß dem
      <lb/>Leib der Mutter an dz Liecht dieſer Welt geboren wird.
      <lb/>In der Bildung vnd Formierung deß Menſchen/ wird
      <lb/>GOtt dem hoͤchſten Werckmeiſter/ vnd der Natur der
      <lb/>gantze Handel allein heimgeſtellt/ vnd ſtehen nicht in der
      <lb/>Eltern Wilkuͤhr/ etwas weiters zur Sachen zuthun.
      <lb/>Aber was die Geburt anbelanget/ will beneben der
      <lb/>Huͤlf vnd Gnaden deß Allmaͤchtigen/ zuſampt der <choice><orig>Na-<lb break="no"/>tur</orig><reg>Natur</reg></choice>
Wuͤrckung/ welche in dieſem Theil keines Wegs
      <lb/>muͤſſig iſt/ auch groſſer Fleiß vnnd obacht/ ſampt <choice><orig>Be-<lb break="no"/>ſcheidenheit</orig><reg>Beſcheidenheit</reg></choice>
vnd Geſchicklichkeit vonnoͤthen ſeyn. Aber
      <lb/>man ſihet es leider/ vñ gibt es der trawrige erbaͤrmliche
      <lb/>Augenſchein/ bevorab auf dem Lande/ wie weit es noch
      <lb/>dem meiſten theil Wehemuͤttern an dieſem Stuͤck <choice><orig>man-<lb break="no"/>gelt</orig><reg>mangelt</reg></choice>.
      Vnd zwar es muß wol mangeln/ wo keine <choice><orig>fuͤrge-<lb break="no"/>ſchriebene</orig><reg>fuͤrgeſchriebene</reg></choice>
      Geſetz/ Ordnung od’ Lehre iſt/ die Maß <choice><orig>ge-<lb break="no"/>ben</orig><reg>geben</reg></choice>
      kan/ da man den Handel alſo plumpsweiß/ <choice><orig>vnver-<pb break="no" n="8"/>ſtaͤndig</orig><reg>vnverſtaͤndig</reg></choice>/
      vnd dazu <foreign xml:lang="Latin" rend="antiqua">ex falſis principiis</foreign>, von Waͤhnen/
      <lb/>Gutduͤncken/ vnd hoͤren ſagen/ auffs geraht wohl <choice><orig>an-<lb break="no"/>greifft</orig><reg>angreifft</reg></choice>.
      Darumb ſich dann verhoffentlich niemand/ der
      <lb/>die Sache in Gottes Forcht vnd nach Notturft reiflich
      <lb/>erwiegt/ ſo hoch befrembden wird/ warumb dieſer <choice><orig>Tra-<lb break="no"/>ctat</orig><reg>Tractat</reg></choice>
oder Hebammen Buch verteuſcht vnd in Truck
      <lb/>verfertigt worden ſey. Bey frommen Gottſeligen/ <choice><orig>keu-<lb break="no"/>ſchen</orig><reg>keuſchen</reg></choice>
      Hertzen/ bey ehrlichen Haußvaͤttern vnd <choice><orig>Matro-<lb break="no"/>nen</orig><reg>Matronen</reg></choice>/
      hoffen wir deſſen Danck vnd Lob zuhaben. Viel
      <lb/>werden herauß Bericht einnemen/ wo es ihnen etwa
      <lb/>vor der Zeit gemangelt/ vnd wuͤnſchen/ daß ſie ſich <choice><orig>die-<lb break="no"/>ſer</orig><reg>dieſer</reg></choice>
Schrifft lang zuvor haͤtten moͤgen erfrewen. Die
      <lb/>Speyvoͤgel aber vnd Garſthaͤmmel/ welche beydes
      <lb/>Gott/ dem Schoͤpffer/ vñ der Natur als ſeinem Werck
      <lb/>vnd Geſchoͤpf Hohn zuſprechen/ ſich geluͤſten laſſen/ <choice><orig>ge-<lb break="no"/>hen</orig><reg>gehen</reg></choice>
vns nicht an/ ſo wenig als den Teuffel die Spruͤch
      <lb/>der heiligen Schrift/ vnd die Perlen die Saͤw. Wollen
      <lb/>ſie die Ordnung vnnd Geſchoͤpff GOttes tadeln vnd
      <lb/>verbeſſern/ wie dieſe ſaubere Geſellen meinen/ ſo moͤgen
      <lb/>ſie mit <foreign xml:lang="Latin" rend="antiqua">Deucalione</foreign> Leute auß Steinen ſchmiden/ oder
      <lb/>mit <foreign xml:lang="Latin" rend="antiqua">Æaco</foreign> auß Omeiſen bilden/ oder mit <foreign xml:lang="Latin" rend="antiqua">Cadmo</foreign> auß
      <lb/>Drachenzaͤhnen Kriegsleut haͤmmern/ oder mit jenem
      <lb/>naͤrriſchen falſchgenandten Alchimiſten/ Menſchen im
      <lb/>Diſtillier Kolben/ oder Egyptiſchen Backofen <choice><orig>außbruͤ-<lb break="no"/>ten</orig><reg>außbruͤten</reg></choice>.
      Vnd wann ſie dann fertig ſeyn/ moͤgen ſie mit jren
<pb n="9"/>
Creaturen an der Juͤden Schemhamphoras <hi rend="antiqua">Looſen</hi>
      <lb/>ſaugen/ dann ſie beſſers nicht werth ſind.</p>
<p>Es ſchewet ſich der Sohn Gottes/ vnnd die heilige
   <lb/>Schrifft nicht/ von dieſem ſonderlichen wunderſamen
   <lb/>Werck Gottes/ der Geburt des Menſchen/ (deſſen er
   <lb/>gleicher maſſen/ wiewol ohne Suͤnde theilhafftig <choice><orig>wor-<lb break="no"/>den</orig><reg>worden</reg></choice>)
   hin vnd wider Gleichnuͤſſen zunemmen/ als <bibl rend="antiqua"><abbr>Ioh.</abbr> 6.</bibl>
   <lb/><bibl rend="antiqua"><abbr>Pſalm.</abbr> 22.</bibl> <bibl rend="antiqua"><abbr>Iob.</abbr> 10.</bibl> <bibl rend="antiqua"><abbr>Eſ.</abbr> 37.</bibl> <bibl rend="antiqua">2. <abbr>Reg.</abbr> 19.</bibl> <bibl rend="antiqua"><abbr>Ezech.</abbr> 16.</bibl> im
   <lb/><bibl>Buch der Weißheit am 7. Cap</bibl> vnd an andern viel <choice><orig>Or-<lb break="no"/>ten</orig><reg>Orten</reg></choice>
   mehr/ redet der heilige Geiſt ohne Schewe davon/
   <lb/>als einem Werck vnnd Verordnung des Allerhoͤchſten/
   <lb/>daß keine Creatur enden kan. Daß wir nun fuͤrters <choice><orig>die-<lb break="no"/>ſes</orig><reg>dieſes</reg></choice>
Buch oder Schrifft viel loben ſollen/ iſt weder vnſers
   <lb/>Fuͤrhabens noch noͤhtwendig. Es iſt nunmehr eine <choice><orig>ge-<lb break="no"/>raume</orig><reg>geraume</reg></choice>
Zeit ein Buͤchlein vnter dem Nahmen <hi rend="antiqua">Alberti
   <lb/>Magni</hi> vnter den Leuten herumb gangen/ deſſen erſter
   <lb/>Theil/ ſo kaum <num>15.</num> oder <num>16.</num> Blaͤtterjnnhielt/ eine <choice><orig>Vnter-<lb break="no"/>weiſung</orig><reg>Vnterweiſung</reg></choice>
   ſeyn ſolte/ deren ſich die Hebammen bey <choice><orig>gebaͤh-<lb break="no"/>renden</orig><reg>gebaͤhrenden</reg></choice>
   Weibern zubequemen. Aber es wirt <choice><orig>verſehend-<lb break="no"/>lich</orig><reg>verſehendlich</reg></choice>
niemand ſeyn/ der es geleſen vnd nicht ſehen ſolte/ wie
   <lb/>elende lame Boſſen in demſelben begriffen ſeyen/ vnd den
   <lb/>Verſtaͤndigen gantz vnd gar kein Benuͤgen dardurch <choice><orig>ge-<lb break="no"/>leiſtet</orig><reg>geleiſtet</reg></choice>
werde. Diß aber wird viel heller erſcheinen/ vnnd
   <lb/>ſich auſſer allem Zweiffel ſetzen/ wann dieſelbe Scarteck
   <lb/>mit dieſem vnſerm Buch verglichen/ vnnd gegen <choice><orig>einan-<pb break="no" n="10"/>der</orig><reg>einander</reg></choice> 
   gehalten wird/ da ſich dann der Vnterſcheid Sonnen
   <lb/>klar wird erweiſen. Aber wie geſagt/ weil das Werck den
   <lb/>Meiſter lobt/ vnd gute Wahr nicht viel Außruffens <choice><orig>be-<lb break="no"/>darff</orig><reg>bedarff</reg></choice>/
   als wollen wir das Buch ſich ſelbſten ruͤhmen <choice><orig>laſ-<lb break="no"/>ſen</orig><reg>laſſen</reg></choice>/
   vnd zwar anfaͤnglich hoͤren/ was die Fraw <choice rend="antiqua"><orig>Bour-<lb break="no"/>geois</orig><reg>Bourgeois</reg></choice>
   in jhrer Vorrede ſelbſten darvon haͤlt vnnd <choice><orig>vr-<lb break="no"/>theilet</orig><reg>vrtheilet</reg></choice>.</p></div>
<gap/>
<pb n="13"/>
<div type="address" ><head>An den Leſer.</head>
   <lg><l>DEr Kuͤnſtler/ Mahler/ Kupfferſtecher hoͤchſte Klag</l>
      <l>Iſt dieſe/ daß jhr Kunſt vnd Fleiß nichts mehr vermag/</l>
      <l>Dann nur allein deß Leibs Geſtallt vnd Angeſicht</l>
      <l>Zu bilden ab/ vnd fuͤrzuſtellen/ doch gar nicht</l>
      <l>Die Tugend/ Kunſt/ Geſchicklichkeit/ Geiſt vnd Verſtand/</l>
      <l>Dadurch deß Menſchen Seel geſpeiſt wird vnd erkand.</l>
      <l>De Bry aber den Mangel ſeiner Kunſt erſtatt/</l>
      <l>Dann es mit ſeinem Thun ein andere Meinung hat:</l>
      <l>Die euſſerlich Geſtallt zwar fuͤr Augen ſtellt/</l>
      <l>Kuͤnſtlich/ durch Bildnus nach dem Leben/ wie ſichs haͤllt.</l>
      <l>Aber darneben der Perſon jnwendig Gab/</l>
      <l>Mag man auß jhren Schrifften klaͤrlich nemmen ab:</l>
      <l>Dann was die ſtumme Bildnus nicht verrichten kan</l>
      <l>Bey dieſer Frawen/ zeigen dir jhr Buͤcher an.</l>
      <l>Derſelben dich gebrauch/ verſtaͤndig/ vnd mit Fleiß/</l>
      <l>Den lieben Gott in ſeinem Wunderwercken preiß.</l></lg></div>
         <pb n="14"/>
         <div type="preface"><head>Vorrede der Frawen <hi rend="antiqua">Louyſe <choice><orig>Bour-<lb break="no"/>geois</orig><reg>Bourgeois</reg></choice></hi>
            an den Leſer.</head>
<p>GOnſtiger lieber Leſer. Gegenwertig
   <lb/>mein Buch/ welches ich mit Fug
   <lb/>eine fruͤhe zeitige Geburt meines
   <lb/>Ingenii vnnd Verſtandts nennen
   <lb/>kan/ preſentire vnnd ſtelle ich dir vor
   <lb/>Augen/ nicht zu dieſem Ende/ daß
   <lb/>ich mit vielen muͤſſigen Worten/ vnd
   <lb/>eytelem Geſchwaͤtz/ das Lob der Wolredenheit <choice><orig>zuerja-<lb break="no"/>gen</orig><reg>zuerjagen</reg></choice>
gemeint waͤre/ in maſſen jhr viel zu vnſern Zeiten
   <lb/>thun. Dann es mein Will vnnd Meinung gar nicht iſt/
   <lb/>dich durch geſchmirte glatte Reden/ hinder das Liecht/
   <lb/>vnd am Seil zu fuͤhren/ ohne fruchtbarlichen Nutz vnd
   <lb/>Wirckung. Einig vnd allein ſuche ich diß damit/ das <choice><orig>ge-<lb break="no"/>meinẽ</orig><reg>gemeinẽ</reg></choice>
Nutzen zum beſten/ die Warheit an Tag gebracht/
   <lb/>vnd vielen Weibern vnd Matronen gedienet werden/ <choice><orig>wel-<lb break="no"/>che</orig><reg>welche</reg></choice>
an vnd bey ſich ſelbſten/ wol befinden werden/ daß ich
   <lb/>nichts dann die lautter Warheit/ in dieſem meinem
   <lb/>Buͤchlein geſchrieben vnnd verzeichnet habe. Derwegen
<pb n="15"/>
ich auch gar nicht zweiffele/ daß jhnen meine Arbeit nicht
   <lb/>annemlich ſeyn/ vnnd ſie mir dancken werden. Vnnd
   <lb/>weil ich hierinnen nichts anders/ als neben guten <choice><orig>Gruͤn-<lb break="no"/>den</orig><reg>Gruͤnden</reg></choice>/
   auß der <hi rend="antiqua">Medicin</hi> genommen/ die Erfahrung zum
   <lb/>Lehrmeiſter gehabt/ veracht ich kecklich vnnd mit <choice><orig>vner<lb break="no"/>ſchrockenem</orig><reg>vnerſchrockenem</reg></choice>
Muht/ alle Verkleinerung/ Neyd/ boͤſe
   <lb/>Nachrede vnd Naſenruͤmpffen/ der jenigen/ ſo durch <choice><orig>lau-<lb break="no"/>tere</orig><reg>lautere</reg></choice>
Mißgunſt getrieben/ alle gute loͤbliche Vorhaben
   <lb/>vnd Beginnen/ anzubellen vnnd zu <hi rend="antiqua">calumniren</hi> ſich <choice><orig>vn-<lb break="no"/>terſtehen</orig><reg>vnterſtehen</reg></choice>
   Vnd bin deſſen verſichert/ daß die/ ſo die <choice><orig>vor-<lb break="no"/>habende</orig><reg>vorhabende</reg></choice>
   <lb/>Matery recht vnnd wol betrachten/ diß mein
   <lb/>Fuͤrnemmen jhnen werden belieben laſſen/ vnnd beneben
   <lb/>mir geſtehen/ daß ich hierinn nichts gethan/ eigen Lob
   <lb/>oder Ruhm zuerlangen/ ſonder vielmehr durch die gute
   <lb/>Zuneygung/ die ich von Natur je vnnd allezeit getragen/
   <lb/>maͤnniglich/ wo ich kondte/ bedienet zuſeyn/ wie auch
   <lb/>durch vielfaltig erbaͤrmbde/ die ich mit den armen <choice><orig>Kind-<lb break="no"/>betterinnen</orig><reg>Kindbetterinnen</reg></choice>
gehabt/ da ich dann den Jammer ſelbſt mit
   <lb/>meinen Augen geſehen vnd den Ohren gehoͤret/ <choice><orig>bezwun-<lb break="no"/>gen</orig><reg>bezwungen</reg></choice>
vnnd gleichſamb vberwunden worden/ dieſen/ ſo viel
   <lb/>deſſen an mir iſt/ zurhaten.</p>
<p>So iſt nun dieſes mein Buch nichts anders/ als ein
   <lb/>Form vnnd Muſter meiner vervbten <hi rend="antiqua">Practic</hi> vnnd <choice><orig>Be-<lb break="no"/>ruffs</orig><reg>Beruffs</reg></choice>/
   da die Kunſt der Artzney/ mit dem Fleiß/ Ampt
   <lb/>vnnd Gebuͤr einer Hebammen vereinbaret/ einem jeden
<pb n="16"/>
jhre wunderbare Krafft vnd Wirckung zuerkennen gibt.
   <lb/>Die Mittel vnd Recept/ ſo ich daher verzeichnet vnd mit
   <lb/>gutem gluͤcklichen Außgang practiciret habe/ erfordern <choice><orig>be-<lb break="no"/>queme</orig><reg>bequeme</reg></choice>
Perſonen/ vnnd ſeynd meiſtentheils vmb derer
   <lb/>Willen herbey gefuͤget/ da es weder der Orth/ noch die
   <lb/>Zeit vnd Gelegenheit leiden will/ <foreign xml:lang="Latin" rend="antiqua">Medicos</foreign> oder Artzte
   <lb/>zur Stelle zuhaben. Damit ich dich aber goͤnſtiger Leſer
   <lb/>vber die Zeit nicht auffhalte/ will ich dich gebetten haben/
   <lb/>du wolleſt gedencken/ dz ſich allhie ein Weibsperſon ſtellt
   <lb/>vnnd <hi rend="antiqua">præſentiret</hi>, die allen andern ehrlichen Weibern in
   <lb/>jrem Stand vnnd Beruff zu dienen vrbuͤtig iſt/ deren es
   <lb/>zwar an zierlicher gebluͤmbter Rede wol kan mangeln/
   <lb/>aber daneben an guten Gruͤnden/ Mitteln/ vnd der <choice><orig>War-<lb break="no"/>heit</orig><reg>Warheit</reg></choice>
nicht gebreſten wirt. Wolleſt demnach dieſe meine
   <lb/>Schrifft vnd Muͤhe mit ſolchem Gemuͤht vnd Affection
   <lb/>an vnd auffnemmen/ wie ich von Hertzen bitt vnnd <choice><orig>wuͤn-<lb break="no"/>ſche</orig><reg>wuͤnſche</reg></choice>/ 
   daß alle die jenigen/ welche ſich der hierinn <choice><orig>verzeich-<lb break="no"/>neten</orig><reg>verzeichneten</reg></choice>
Mittel vnd Rahts gebrauchen/ warhafftig ſagen
   <lb/>koͤnnen.
<lg><l>In einem Gaͤrtlein ringgeacht/</l>
<l>Vngleich Gebawt/ ohn allen Pracht/</l>
<l>Schlecht vnd gerecht/ ohn alle Hoffart/</l>
<l>Die beſte Blum zu Theil mir ward.</l>
<l>Dann ich daſelbſt gefunden hab/</l>
<l>Mein Geſundheit/ die edelſte Gab.</l>
<l>Die ich nicht geb vmb alles Gelt.</l>
<l>Vmb Gut vnd Reichthumb dieſer Welt.</l></lg></p>
<pb n="17"/>
            <p>Was dieſen erſten Truck anlanget/ will ich dich/ <choice><orig>guͤn-<lb break="no"/>ſtiger</orig><reg>guͤnſtiger</reg></choice>
Leſer/ fleiſſig erſucht vnd gebetten haben/ das beſte
               <lb/>fuͤr zuwenden. Dann es mir damit gangen/ wie einem
               <lb/>der das Obs oder Baumfruͤchte zu baldt/ vnnd ehe ſie
               <lb/>durchauß zeitig ſind/ abbricht/ weil ich wegen kuͤrtze der
               <lb/>Zeit/ vnd vieler Verhinderungen/ wie auch meiner <choice><orig>Ge-<lb break="no"/>ſchefften</orig><reg>Geſchefften</reg></choice>/
               die mir wenig Ruhe laſſen/ nicht derweil <choice><orig>ge-<lb break="no"/>habt</orig><reg>gehabt</reg></choice>/
               ſolches zu voller Zeitigung vnnd endlicher <choice><orig>Voll-<lb break="no"/>kommenheit</orig><reg>Vollkommenheit</reg></choice>
               zubringen/ zu dem daß mir auch der <choice><orig>Tru-<lb break="no"/>cker</orig><reg>Trucker</reg></choice>
kein Ruhe gelaſſen/ deſſen ſtetigen Anhalten ich
               <lb/>willfahren muͤſſen/ vnnd daß ich den Laͤſtermaͤulern <choice><orig>be-<lb break="no"/>gegnete</orig><reg>begegnete</reg></choice>/
               welche mich nach jhrem Model vnd Form <choice><orig>meſ-<lb break="no"/>ſen</orig><reg>meſſen</reg></choice>
wollen. Da nun Wider verhoffen/ in einem oder dem
               <lb/>andern Theil/ etwas verſehen worden were/ wie ich gern
               <lb/>geſtehe/ daß wir alle Menſchen ſind/ vnnd fehlen koͤnnen/
               <lb/>hoffe ich doch/ ſo fern mir der Allerhoͤchſte Leben vnnd
               <lb/>Gnad verleyhet/ daſſelbig durch ſonderbare Muͤhe/ Fleiß
               <lb/>vnnd Vorſorg zu verbeſſern/ bevorab wann ich <choice><orig>vernem-<lb break="no"/>men</orig><reg>vernemmen</reg></choice>
ſolte/ daß dir dieſe meine Arbeit nicht vnangenehm
               <lb/>ſeyn werde. Gott befohlen.</p></div>
<pb n="18"/>
<div type="address"><head>An die Spoͤtter.</head>
   <lg><l>Wer Gottes Ordnung vnd Geſchoͤpff verlachet/</l>
      <l>Vnd auß der Natur Schimpff vnd Poſſen machet/</l>
      <l>Vnd ſich daruͤber duͤncken laͤſt/</l>
      <l>Der ſolt mit den Luſitaniſchen Pferden/</l>
      <l>Von boͤſem Spaniſchen Lufft empfangen werden/</l>
      <l>Vnter den Looſen die aller groͤſt/</l>
      <l>Die man im gantzen Böhmer Wald mag finden/</l>
      <l>Solt jhn ſaͤugen ſampt andern jhren Kindern/</l>
      <l>Das waͤr für jhn das allerbeſt.</l></lg></div>         
      </body>
  </text>
</TEI>