<?xml version="1.0" encoding="UTF-8"?>
<?xml-model href="http://www.tei-c.org/release/xml/tei/custom/schema/relaxng/tei_lite.rng" type="application/xml" schematypens="http://relaxng.org/ns/structure/1.0"?>
<?xml-model href="http://www.tei-c.org/release/xml/tei/custom/schema/relaxng/tei_lite.rng" type="application/xml"
	schematypens="http://purl.oclc.org/dsdl/schematron"?>
<TEI xmlns="http://www.tei-c.org/ns/1.0">
<teiHeader>
<fileDesc>
 <titleStmt>
<title>Die Chur-Brandenburgiſche
 <lb/>Hoff-Wehe-Mutter/
 <lb/>Das iſt:
 <lb/>Ein hoͤchſt-noͤthiger
 <lb/>Unterricht/
 <lb/>Von ſchweren und unrecht-ſtehenden
 <lb/>Geburten/
 <lb/>In einem Geſpraͤch vorgeſtellet/
 <lb/>Wie nehmlich/ durch Goͤttlichen Beyſtand eine
 <lb/>wohl-unterrichtete und geuͤbte
 <lb/>Wehe-Mutter/
 <lb/>Mit Verſtand und geſchickter Hand/ dergleichen verhuͤten/
 <lb/>oder wanns Noth iſt/ das Kind wenden koͤnne
 <lb/>Durch vieler Jahre Ubung/ ſelbſt erfahren und wahr befunden/
 <lb/>Nun aber/
 <lb/>GOtt zu Ehren und dem Nechſten zu Nutz/
 <lb/>Auch/ auf Gnaͤdigſt- und inſtaͤndiges Verlangen/ <choice><orig>Durch-<lb break="no"/>lauchtigſt</orig><reg>Durchlauchtigſt</reg></choice>-
 und vieler hohen Standes-Perſonen
 <lb/>Nebſt Vorrede/ Kupfer-Bildern/ und noͤthigem Regiſter
 <lb/>auf eigene Unkoſten zum Druck befoͤrdert/
 <lb/>Von
 <lb/>Juſtinen Siegemundin/ gebohrner Dittrichin/
 <lb/>von Ronnſtock aus Schleßien/ im Jauriſchen Fuͤrſtenth. gelegen.
 <lb/>Mit <abbr>Roͤm. Kaͤyſerl. Mayt.</abbr> auch <abbr>Chur-Saͤchſ.</abbr> und Chur-
 <lb/>Brandenburgiſchen/ <hi rend="antiqua">Special PRIFILEGIEN</hi>.
 <lb/><bibl>Coͤlln an der Spree/
<lb/>Gedruckt bey Ulrich Liebperten/ <abbr>Churfl. Brandenb. Hofbuchdr.</abbr> <date>1690.</date></bibl>
</title>
<author>Justina Siegemund</author>
 </titleStmt>
 <editionStmt>
<edition>Digital Facsimile from Herzog August Bibliothek Wolfenbüttel</edition>
<respStmt><resp>transliterator, TXT and XML encoder</resp>
 <name>Whitt, Richard J.</name></respStmt></editionStmt>
 <publicationStmt>
<p>Place of Publication: Neukölln</p>
<p>Year: <date>1690</date></p>
<p>Excerpt: Dedications and Preface (through p. ):():():():( 4.r)</p>
 </publicationStmt>
 <sourceDesc>
<bibl>URL: http: http://diglib.hab.de/drucke/xb-8483/start.htm</bibl>
   <bibl>URL: http://www.deutschestextarchiv.de/book/show/siegemund_unterricht_1690 (DTA text version used as base, but reformatted re-encoded for corpus)</bibl>
 </sourceDesc>
</fileDesc>
</teiHeader>
<text>
<body>
 <pb/>
 <div type="epigraph"><bibl rend="antiqua"><abbr>Exod.</abbr> I, 20. 21.</bibl>
<lb/><q>GOtt that den Wehe-Muͤttern
 <lb/>gutes. Weil die Wehe-Muͤtter
 <lb/>GOtt fuͤrchteten/ bauete Er ihnen
 <lb/>Haͤußer.</q>
<p>Das iſt:
 <lb/>Er ſegnet ſie in ihrem Beruff und belohnet
 <lb/>ihre Treue.</p></div>
 <pb/>
<div type="dedication"><opener>Der
 <lb/>Durchlauchtigſten Fuͤrstinn
 <lb/>und Frauen/
 <lb/>Frauen
 <lb/>Eliſabeth Albertinen
 <lb/>Hertzoginn zu Sachſen/ Juͤlich/
 <lb/>Cleve und Berge/
 <lb/>Landgraͤfin in Thüringen/
 <lb/>Marggraͤfin zu Meiſſen/ Befuͤrſteten
 <lb/>Graͤfin zu Henneberg/ Gebohrner Fuͤrſtin zu
 <lb/>Anhalt/ Hertzogin zu Sachſen/ Engern
 <lb/>und Weſtphalen/
 <lb/>Gräfin zu Aſcanien/ der Marck
 <lb/>Ravensberg und Barby <abbr>rc.</abbr>
 <lb/>Meiner gnaͤdigſten Fuͤrſtin
 <lb/>und Frauen.</opener></div>
 <pb/>
<div type="dedication"><opener>Durchlauchtigſte
 <lb/>Hertzoginn/
 <lb/>Gnaͤdigste Frau/</opener>
<p>NAchdem ich die Gnade
 <lb/>gehabt/ <abbr>Ew. Durchl.</abbr>
 <lb/>bey gluͤcklicher Niederkunfft mehr
<pb/>
 als einmahl unterthaͤnigſt zu <choice><orig>die-<lb break="no"/>nen</orig><reg>dienen</reg></choice>/
 und jederzeit verſpuͤret/ daſz
 <lb/>Sie an dieſem Buch/ daſz zu der
 <lb/>Zeit unterhanden hatte und <choice><orig>zuſam-<lb break="no"/>men</orig><reg>zuſammen</reg></choice>
 ſchrieb/ ein gnaͤdigſtes <choice><orig>Ge-<lb break="no"/>fallen</orig><reg>Gefallen</reg></choice> 
 genommen/ habe ich <choice><orig>daſſel-<lb break="no"/>be</orig><reg>daſſelbe</reg></choice>
unter dero hohen Namen/ <abbr>Ew.
 <lb/>Durchl.</abbr> wollen antragen/ in der
 <lb/>Zuverſicht/ Sie werde es als eine
 <lb/>unterthaͤnigſte Bezeugung <choice><orig>mei-<lb break="no"/>nes</orig><reg>meines</reg></choice>
 danckbaren Gemuͤhtes <choice><orig>anneh-<pb break="no"/>men</orig><reg>annehmen</reg></choice>/
 daſz ſo lange ich lebe/ für
 <lb/><abbr>Ew. Durchl.</abbr> hohen Auffnehmen
 <lb/>und beſtaͤndige Wolfahrt GOtt
 <lb/>anzuflehen nie wird unterlaſſen/
 <lb/>als
 <lb/><abbr>Ew. Durchl.</abbr></p>
<closer>Meiner gnaͤdigſten Fuͤrſtinn
 <lb/>und Frauen
 <lb/><dateline>Berlin/ den
<lb/><hi rend="antiqua">11. <abbr>Febr.</abbr></hi> 1690.</dateline>
 <lb/>Unterthaͤnigſte</closer>
 <lb/><signed>Juſtina Siegmundin.</signed></div>
<pb n="):( 2.r"/>
<div type="preface"><head>Noͤthiger Vor-Bericht/
 <lb/>An den geneigte Leſer.</head>
 <p>WEil es gebraͤuchlich/ ins gemein
<lb/>den Buͤchern eine Vorrede <choice><orig>vorzuſe-<lb break="no"/>tzen</orig><reg>vorzuſetzen</reg></choice>/
in welchen der Leſer von einem
<lb/>und dem andern Nachricht haben/
<lb/>und deſto mehr Luſt zu dem Buche
<lb/>selbſt nehmen moͤge/ habe ich auch <choice><orig>mei-<lb break="no"/>nem</orig><reg>meinem</reg></choice>
einfaͤltigem doch gruͤndlichem Geſpraͤch von <choice><orig>ſchwe-<lb break="no"/>ren</orig><reg>ſchweren</reg></choice>
Geburten/ und wie denſelben durch Gottes <choice><orig>Gna-<lb break="no"/>de</orig><reg>Gnade</reg></choice>
und Segen/ vermittelſt einer geſchickten Hand/ <choice><orig>moͤ-<lb break="no"/>ge</orig><reg>moͤge</reg></choice>
gerathen werden/ dieſen Vorbericht/ an ſtatt einer
<lb/>Vorrede/ vorſetzen wollen; Nehmlich:</p>
 <p>Wie ich zu dieſem Beruff und dieſer <choice><orig>Wiſ-<lb break="no"/>ſenſchafft</orig><reg>Wiſſenſchafft</reg></choice>
gebracht ſey: Was Urſachen mich <choice><orig>be-<lb break="no"/>wogen</orig><reg>bewogen</reg></choice>
 dieſen Unterricht zu ſchreiben/ und an
 <pb n="):( 2.v"/>
 das TagesLicht zu ſtellen/ und was drunter ich
<lb/>fuͤr ein Abſehen und Zweck habe.
<lb/>Zu dem Ende/ damit der begierige Leſer deſto mehr
<lb/>Luſt/ zu den Leſen; die aber zum Zweiffeln nnd <choice><orig>Wider-<lb break="no"/>ſprechen</orig><reg>Widerſprechen</reg></choice>
 gneigt/ einige Uberzeugung finden mögen.</p>
 <div type="section" n="1"><head>I.</head>
 <p>Was das Erſte anlanget: wie ich zu dieſem
<lb/>Beruff und dieſer Wißenſchafft gelanget. So
<lb/>kan ich nicht anders/ als GOtt die Ehre geben/ der
<lb/>mich wunderbahrlich darzu beruffen/ und reichlich <choice><orig>da-<lb break="no"/>bey</orig><reg>dabey</reg></choice>
 geſegnet: daß ob ich ſelbſt zwar kein Kind getragen/
<lb/>viel weniger zur Welt gebracht/ dennoch durch Gottes
<lb/>Gnade manchen bey ſchweren Geburten helffen <choice><orig>muͤſ-<lb break="no"/>ſen</orig><reg>muͤſſen</reg></choice>;
Welches dann/ den Kluͤglingen/ bald zu Anfangs
<lb/>fuͤrſtelle/ um ihrem Vorwurff zu begegnen/ da ſie <choice><orig>mei-<lb break="no"/>nen</orig><reg>meinen</reg></choice>:
daß eine/ die ſelbſt nie das Kreißen ausgeſtanden/
<lb/>von ſchweren Geburten und gefaͤhrlichen Kreiſſen nicht
<lb/>gruͤndlich ſchreiben koͤnne/ und dannenhero ſich <choice><orig>einbil-<lb break="no"/>den</orig><reg>einbilden</reg></choice>: 
mein Unterricht habe keinen Grund; ja
<lb/>ſich wohl unterſtehen/ dieſes andern einzureden. Wer
<lb/>aber mit Vernunfft dieſen Vorwurff uͤberleget/ wird
<lb/>leicht finden/ daß er entweder aus Mißgunſt oder <choice><orig>Un-<lb break="no"/>verſtand</orig><reg>Unverſtand</reg></choice>
 herruͤhre: Angeſehen/ es ja nicht noͤthig: daß
<lb/>einer alle dergleichen Faͤlle an ſeinem eigenem Leibe muͤße
<lb/>erfahren haben/ in welchen er anderen wolle rathen/ <choice><orig>o-<lb break="no"/>der</orig><reg>oder</reg></choice>
 behuͤlfflich ſeyn. Wie unvernuͤnfftig wuͤrde man
 <pb n="):( 3.r"/>
ſchlieſſen von einem <foreign xml:lang="Latin" rend="antiqua">Medico</foreign>: daß er nicht koͤnne in <choice><orig>ge-<lb break="no"/>faͤhrlichen</orig><reg>gefaͤhrlichen</reg></choice>
 Kranckheiten gute Artzney und Rath geben;
<lb/>darum weil er ſelbſt an dergleichen nie kranck geweſen/
<lb/>als wann er nicht durch unverdroßenen Fleiß/ <choice><orig>lang-<lb break="no"/>wierige</orig><reg>langwierige</reg></choice>
Erfahrung an vielen Krancken/ und <choice><orig>vielfaͤlti-<lb break="no"/>ge</orig><reg>vielfaͤltige</reg></choice>
 Ubung durch Gottes Gnade und Segen/ (ob er
<lb/>nie gleich Schwind-Waſſerſucht/ Fieber/ oder andere
<lb/>Kranckheiten ausgeſtanden/) gluͤcklich <hi rend="antiqua">curir</hi>en koͤnte.
    <lb/>Wie offt weiß ein <foreign xml:lang="Latin" rend="antiqua">Medicus</foreign> einem <hi rend="antiqua">patient</hi>en ſeine <choice><orig>Zufaͤl-<lb break="no"/>le</orig><reg>Zufaͤlle</reg></choice>
gantz deutlich zu beſchreiben/ die er doch nicht <choice><orig>ge-<lb break="no"/>fuͤhlet</orig><reg>gefuͤhlet</reg></choice>;
ſondern/ entweder aus der Wiſſenſchafft/ oder
    <lb/>von andern fleißig angemercket hat. Iſt es denn nicht
    <lb/>eben ſo möglich; daß eine Heb-Am̃e/ ob ſie gleich kein
    <lb/>Kind gebohren/ doch durch fleißiges Nachfragen/
    <lb/>Handgriff und Nachſiñen/ nicht allein ſo wohl/ ſondern
    <lb/>beſſer; als die Kinder zur Welt gebracht/ <choice><orig>ur-<lb break="no"/>theilen</orig><reg>urtheilen</reg></choice>
und rathen koͤnne. Wie ungereimt <choice><orig>wuͤr-<lb break="no"/>de</orig><reg>wuͤrde</reg></choice>
 man ſchließen/ von einem <foreign xml:lang="Latin" rend="antiqua">Chirurgo</foreign>: er koͤnte keine
    <lb/>Wunde heilen/ keinen Bein- oder Arm-Bruch zu recht
    <lb/>bringen/ kein erſtorbenes Glied abloͤſen/ weil er davon
    <lb/>keine Erfahrung an ſeinem eigen Leibe gehabt: da er
    <lb/>doch zu dieſem geſchicket/ wann er gnungſam <choice><orig>Wiſſen-<lb break="no"/>ſchafft</orig><reg>Wiſſenſchafft</reg></choice>
 hat von dem Schaden/ und verſtehet die Mittel/
    <lb/>ſonderlich/ durch vielfaͤltige Erfahrung in dergleichen
    <lb/>Schaͤden den rechten Grund gefaſſet.</p>
 <p>Was dann in dergleichen Faͤlle der Augenſchein und die
    <lb/>Erfahrung taͤglich giebet/ (daß auch <foreign xml:lang="Latin" rend="antiqua">Medici</foreign>, die wenig <choice><orig>ge-<pb break="no" n="):( 3.v"/>krancket</orig><reg>gekrancket</reg></choice>/
<foreign xml:lang="Latin" rend="antiqua">Chirurgi</foreign>, die niemahln Wunden gehabt/ doch <choice><orig>an-<lb break="no"/>deren</orig><reg>anderen</reg></choice>
 Kranckheiten koͤnnen rathen/ und Wunden heilen/
    <lb/>durch Gottes Gnade/ vermittelſt ihrer Wiſſenſchafft
    <lb/>und Erfahrung) kan alles Widerreden und Gruͤbeln
    <lb/>aufheben/ daß nehmlich: eine Heb-Amme/ ob ſie
    <lb/>GOtt zwar nie zu Kinder zu gebaͤhren in <choice><orig>ih-<lb break="no"/>rem</orig><reg>ihrem</reg></choice>
 Eheſtande hat beruffen wollen/ doch durch
    <lb/>vieler Jahren Erfahrung/ ſchweren Geburten zu rathen
    <lb/>geſchickt und tuͤchtig machen koͤnne. Haben wir nicht
    <lb/>Exempel/ daß kluge und verſtaͤndige <foreign xml:lang="Latin" rend="antiqua">Medici</foreign> und <foreign xml:lang="Latin" rend="antiqua"><choice><orig>Chirur-<lb break="no"/>gi</orig><reg>Chirurgi</reg></choice></foreign>,
durch gruͤndliche Wiſſenſchafft und Erfahrung in
    <lb/>ſchweren Geburten ſelbſt Hand anlegen/ und die <choice><orig>Kreiſ-<lb break="no"/>ſenden</orig><reg>Kreiſſenden</reg></choice>
 gluͤcklich erloͤſen helffen; Wo bleibt dann der
    <lb/>grundloſe Vorwurff: Die ſelbſt keine Kinder <choice><orig>ge-<lb break="no"/>bohren</orig><reg>gebohren</reg></choice>/
kan auch nicht in ſchweren Geburten
    <lb/>helffen: Den Einfaͤltigen habe ich dieſes ſo deutlich
    <lb/>muͤſſen vorſtellen/ daß ſie ſich durch die alberne Reden
    <lb/>der Eigenſinnigen nicht laſſen irre machen.</p> 
 <p>Was noch mehr: Ich ſetze den Fall; Es habe eine Frau
    <lb/>GOtt in ihrem Eheſtande zehen/ zwoͤlff und mehr mahlen
    <lb/>geſegnet und Kinder gebaͤhren laſſen/ wuͤrde drauß folgen/
    <lb/>dieſe waͤre darum geſchickt/ in ſchweren Geburthen zu
    <lb/>rathen/ und Hand anzulegen/ wann ſie ſonſt davon <choice><orig>kei-<lb break="no"/>ne</orig><reg>keine</reg></choice>
 Wiſſenſchafft und Erfahrung haͤtte. Entweder ſie
    <lb/>hat leichte Geburten gehabt/ wie kan ſie denn von <choice><orig>ſchwe-<lb break="no"/>ren</orig><reg>ſchweren</reg></choice>
 urtheilen/ wie es dann mehrentheils geſchicht/ daß
    <lb/>die ſo leicht gebaͤhren/ offt nicht glauben noch begreiffen
 <pb n="):( 4.r"/>
wolten die Gefahr der ſchweren Geburten; <choice><orig>ſondernur-<lb break="no"/>theilen</orig><reg>ſondernurtheilen</reg></choice>
 von andern nach ihrer Erfahrung; oder haben
    <lb/>ſie ſchwere und unrechte Geburten/ ſo werden ſie aus
    <lb/>ihren eigenen Schmertzen nicht klug werden/ viel <choice><orig>we-<lb break="no"/>niger</orig><reg>weniger</reg></choice>
andern rathen koͤnnen; dieweil offt die <choice><orig>Schmer-<lb break="no"/>tzen</orig><reg>Schmertzen</reg></choice>
 ſo groß/ die Zufaͤlle ſo hefftig/ daß ſie nicht wißen/
    <lb/>wie ihnen geſchiehet; vielweniger draus lernen/ und bey
    <lb/>andern uͤben können/ wie ein Kind zu wenden/ oder
    <lb/>unrechte Geburten zu handthieren/ ob ſie es gleich an
    <lb/>ihren Leibe ausſtuͤnden: wo ſie nicht hernach zum <choice><orig>Hand-<lb break="no"/>griff</orig><reg>Handgriff</reg></choice>
 angewieſen werden. Zweifel ich alſo nicht/ denen
    <lb/>die bishero Luſt haben zu zweifeln/ oder mit dieſem
    <lb/>Vorwurff meinen Unterricht zu widerſprechen/ ſcheine
    <lb/>hier Licht gnug zu ihrer Vernunfft/ und wann ſie <choice><orig>die-<lb break="no"/>ſes</orig><reg>dieſes</reg></choice>
 nicht ſehen wollen/ kan ich ihnen nicht rathen/ ſie
    <lb/>moͤgen ſagen was ſie wollen. Ich weiß daß ich hierinnen
    <lb/>aller verſtaͤndigen <foreign xml:lang="Latin" rend="antiqua">Medicorum</foreign>, derer mich <choice><orig>unterſchied-<lb break="no"/>liche</orig><reg>unterſchiedliche</reg></choice>
 in meinem Beruff und Erfahrung geſtaͤrcket; ja
    <lb/>aller Chriſtlich- und unpaßioniert-geſinneten Leſer <choice><orig>Bey-<lb break="no"/>fall</orig><reg>Beyfall</reg></choice>
 fall finden werde: Daß auch eine Heb-Amme/ ob
    <lb/>ſie gleich nie Geburts-Schmertzen <choice><orig>ausge-<lb break="no"/>ſtanden</orig><reg>ausgeſtanden</reg></choice>/
durch Kinder gebaͤhren/ doch durch
    <lb/>Gottes Gnade/ vermitelſt fleiſiges Nachſinnen und
    <lb/>vieler Jahren Ubung/ ſonderlich/ wann ſie in <choice><orig>die-<lb break="no"/>ſem</orig><reg>dieſem</reg></choice>
 Beruff GOtt fleißig anruffet/ und unverdroſſen
    <lb/>denſelben nachhaͤnget/ den Kreißenden in den
    <lb/>ſchwereſten Geburten beyhuͤlffig und dienlich
 <pb n="):( 4.v"/>
 ſeyn kan; allermeiſt/ wann ſie uͤberzeuget/ daß GOtt
    <lb/>ſie durch ſonderbahre Schickung darzu hat beruffen
    <lb/>wollen/ wie ich denn an mir/ GOtt zur Ehre muß <choice><orig>er-<lb break="no"/>kennen</orig><reg>erkennen</reg></choice>
und bekennen. Darum ich den Leſer hiemit <choice><orig>be-<lb break="no"/>richte</orig><reg>berichte</reg></choice>/
wie ich zu dieſer Wiſſenſchafft durch gewiſſe
    <lb/>Stuffen gefuͤhret ſey.</p>
 <p>Mein ſeliger Vater/ Elias Dittrich/ Pfarrherr
    <lb/>zum Ronnſtock im Jauriſchen Fuͤrſtenthum/ war mir
    <lb/>zeitlich geſtorben/ und ich von meiner nun auch ſeligen
    <lb/>Mutter zu allen Guten in der Einſamkeit erzogen/ biß
    <lb/>zum neun zehenten Jahre meines Alters/ da ich <choice><orig>ver-<lb break="no"/>heurathet</orig><reg>verheurathet</reg></choice>
ward/ an meinem noch lebenden Mann/
    <lb/>der zu der Zeit Renth-Schreiber war/ in Vilgutſchem
    <lb/>Ampte/ in Bernſtaͤdtſchen Fuͤrſtenthum/ in <choice><orig>Schle-<lb break="no"/>ſien</orig><reg>Schleſien</reg></choice>:
In dem 21ten Jahre ward ich von allen Wehe-
    <lb/>Muͤttern ſchwanger gehalten/ und wie man mit mir
    <lb/>die <num>40.</num> Wochen hatte ausgerechnet/ ſolte und muͤſte
    <lb/>ich gebaͤhren/ oder mich zu der Geburt ſchicken/ die <choice><orig>We-<lb break="no"/>he-Mutter</orig><reg>Wehe-Mutter</reg></choice>
    urtheilete nach ihrem Verſtande; das Kind
    <lb/>ſtuͤnde recht/ und weil ich nicht anders wußte/ als was
    <lb/>ſie mir vorſagte/ kreißte ich bis in den dritten Tag/ <choice><orig>a-<lb break="no"/>ber</orig><reg>aber</reg></choice>
ohne erloͤſet zu werden: Man holete eine Wehe-
    <lb/>Mutter nach der andern/ bis gar ihrer Viere waren/
    <lb/>welche einſtimmig mit der erſten/ das Kind ſtuͤnde recht
    <lb/>(da doch kein Kind verhanden) muͤßte alſo nach ihrer
    <lb/>Meinung in die <num>14.</num> Tage geqvaͤlet und auf die Marter-
    <lb/>Banck gehalten werden/ und waͤre mir ehe die Seele
<pb n="):( 5.r"/>
ausgetrieben/ als ein Kind abgebracht; Wie dann
    <lb/>auch dieſes der letzte Troſt der Wehe-Mutter war:
    <lb/>Ich wuͤrde mit dem Kinde muͤſſen ſterben. So <choice><orig>erfah-<lb break="no"/>ren</orig><reg>erfahren</reg></choice>
war ſie nach der gemeinen Arth/ in ihrer <choice><orig>Wiſſen-<lb break="no"/>ſchafft</orig><reg>Wiſſenſchafft</reg></choice>/ von mir ein Kind zu haben/ das ich doch nicht
truge. GOtt aber erbarmete ſich meiner/ und ſchickte
    <lb/>von ohngefehr eines Soldaten Weib/ in das Dorff/
    <lb/>wo ich lag: dieſelbe ward von meinem Manne und
    <lb/>Mutter zu mir in dieſer euſerſten Noth geholet; Und/
    <lb/>weil ſie mehr Grund und Verſtand/ als die auch eine
    <lb/>Wehe-Mutter war/ in dieſem Beruff hatte/ <choice><orig>urtheile-<lb break="no"/>te</orig><reg>urtheilete</reg></choice>
ſie: daß kein Kind/ ſondern eine Verſtopffung des
    <lb/>Gebluͤtes bey mir waͤr/ dabey auch eine große <choice><orig>Mut-<lb break="no"/>ter-Kranckheit</orig><reg>Mutter-Kranckheit</reg></choice>
und Senckung; Darauf dann einem
    <lb/><foreign xml:lang="Latin" rend="antiqua">Doctor Medicinæ</foreign> gebrauchte/ der mich durch Gottes
    <lb/>Segen und gute Mittel wieder zu rechte brachte.</p>
<p>Dieſe Gefahr nun/ nachdem ſie uͤberſtanden/ wie
   <lb/>ich in dem <num>IV.</num> <abbr>Cap.</abbr> dieſes Buchs/ <abbr>p.</abbr> <num>37.</num> umſtaͤndlich <choice><orig>er-<lb break="no"/>zehlet</orig><reg>erzehlet</reg></choice>/
 war die erſte Stuffe zu meinem Beruff/ daß
   <lb/>wie ich mich wieder erholete/ begierich war/ in den <choice><orig>Buͤ-<lb break="no"/>chern</orig><reg>Buͤchern</reg></choice>
 und Abriſſen/ die ich von dieſer materie mir <choice><orig>ſchaf-<lb break="no"/>fete</orig><reg>ſchaffete</reg></choice>/
 mich zu uͤben/ um eines und das andere auf <choice><orig>mei-<lb break="no"/>nem</orig><reg>meinem</reg></choice>
 Zuſtand zu lernen: Und war dieſes der erſte <choice><orig>Be-<lb break="no"/>griff</orig><reg>Begriff</reg></choice>
 dieſer Wiſſenſchafft/ und Erlernung der Geburten:
   <lb/>ohne daß ich jemahlen einen Vorſatz hatte/ davon Werck
   <lb/>zu machen: wann nicht GOtt mir dazu haͤtte <choice><orig>Gele-<lb break="no"/>genheit</orig><reg>Gelegenheit</reg></choice>
 gegeben/ und zugleich einem Trieb aus <choice><orig>Chriſt-<pb break="no" n="):( 5.v"/>licher</orig><reg>Chriſtlicher</reg></choice> 
 Liebe und Andencken meiner ausgeſtandenen Noth/
   <lb/>meinem Naͤheſten zu dienen/ ja gleichſam ohne mein
   <lb/>Gedencken darzu beruffen.</p>
<p>Dann weil ich mich zugleich mit den <choice><orig>vorgedach-<lb break="no"/>ten</orig><reg>vorgedachten</reg></choice>
 Wehe-Muͤttern fleißig unterredete/ und ſie <choice><orig>derglei-<lb break="no"/>chen</orig><reg>dergleichen</reg></choice>
 Buͤcher und Abbildungen von unterſchiedenen <choice><orig>Ge-<lb break="no"/>burten</orig><reg>Geburten</reg></choice>
 bey mir ſahen/ auch von mir die Meinung <choice><orig>hat-<lb break="no"/>ten</orig><reg>hatten</reg></choice>:
 als haͤtte ich darinnen Grund und Verſtand <choice><orig>ge-<lb break="no"/>faſſet</orig><reg>gefaſſet</reg></choice>/
 geſchahe es/ daß ich in einer euſerſten Noth zu
   <lb/>einer kreißenden Baͤurinnen (wie im <num>IV.</num> <abbr>Cap.</abbr> des Buchs/
   <lb/><abbr>p.</abbr> <num>35.</num> <num>36.</num> umſtaͤndlich zu leſen/) von einer dieſer Wehe-
   <lb/>Mutter erbaͤten ward. Ich war noch jung und nur
   <lb/><num>23.</num> Jahr alt/ und außer/ was ich in den Buͤchern <choice><orig>ge-<lb break="no"/>leſen</orig><reg>geleſen</reg></choice>/
 und die Abbildungen mir eingebildet hatten/ <choice><orig>kei-<lb break="no"/>nen</orig><reg>keinen</reg></choice>
 Verſuch gehabt. Die Noth war groß/ die <choice><orig>ar-<lb break="no"/>me</orig><reg>arme</reg></choice>
 Baͤuerin hatte ſchon in den dritten Tag gekreißet/ die
   <lb/>Wehe-Mutter/ die doch die Schwiegerin von dieſer
   <lb/>Kreißerin/ wuſte keinen Rath: weil das Haͤndlein mit
   <lb/>dem halben Arm außer dem Leibe heraus gedrungen;
   <lb/>Weil man auf mich drung/ zu verſuchen/ und ich aus
   <lb/>Liebe gegen meinen Naͤchſten/ mich bereden ließ/ und
   <lb/>Hand anlegete/ nach dem <num>I.</num> Kupffer und Umſtaͤnden der
   <lb/><num>37.</num> <num>38.</num> Seite im <num>IV.</num> <abbr>Cap.</abbr> gab GOtt ſeine Gnade/
   <lb/>mehr/ als ich noch zu der Zeit wußte/ und dieſe <choice><orig>un-<lb break="no"/>rechte</orig><reg>unrechte</reg></choice>
 Geburt verſtand/ daß das Kind/ ob zwar ſchwach/
   <lb/>gebohren/ und die Mutter erloͤſet ward.</p>
<p>Dannenhero ich deſto mehr Luſt und Liebe bey
 <pb n="):():( 2.r"/>
 mir fand/ als einem Trieb des Goͤttlichen Beruffes/
   <lb/>noch fleißiger nachzuleſen und zu ſinnen/ ſonderlich weil
   <lb/>dieſe gedachte Wehe-Mutter mich dazu anmahnete/
   <lb/>und bey vielen Kreißenden mitnahme/ wodurch ich je
   <lb/>mehr in mehrere Erfahrung kam/ und ſonderlich bey
   <lb/>den armen Dorff-Leuten; wann eine Gefahr ſich wieſe/
   <lb/>ſchwere Geburten waren/ von einem Orth zum andern
   <lb/>geruffen ward/ daß offtermahlen die Kinder ſchon tod/
   <lb/>ich alſo durch Gottes Gnade die Muͤtter zu retten <choice><orig>die-<lb break="no"/>nen</orig><reg>dienen</reg></choice>
 muſte. In ſolcher Schule habe ich mich wohl <num>12.</num>
   <lb/>Jahr geuͤbet/ wie mein Mann zu der Zeit Amptmann
   <lb/>in den Wartenbergiſchen war/ und ich/ nachdem eine
   <lb/>nach der andern von mir gehoͤret/ wohl auf <num>4.</num> <num>6.</num> <num>8.</num>
   <lb/>Meilen geholet ward; aber zu lauter ſchweren Faͤllen
   <lb/>und Bauers Leuten: da ich denn niemahln/ ob zwar
   <lb/>davon keine Belohnung hoffen konte/ mich gewegert/
   <lb/>ſondern weil ich ſahe/ daß GOtt meine Arbeit <choice><orig>ſegne-<lb break="no"/>te</orig><reg>ſegnete</reg></choice>/
 war mir dieſes Lohn genug/ daß ich meinem <choice><orig>Nech-<lb break="no"/>ſten</orig><reg>Nechſten</reg></choice>
 koͤnte dienen/ und mehr durch die Erfahrung/
   <lb/>Grund in dieſer Wiſſenſchafft erlangen. Nachdem ich
   <lb/>alſo uͤber <num>12.</num> Jahr die Lehr-Jahre bey den armen <choice><orig>Bau-<lb break="no"/>er-Weibern</orig><reg>Bauer-Weibern</reg></choice> 
   ausgeſtanden/ und bey mancher ſchweren
   <lb/>Geburt/ unrechte Stellungen der Kinder gelernet/ auch
   <lb/>wie ein Kind zu wenden/ und Gefahr zu verhuͤten/ <choice><orig>ge-<lb break="no"/>faſſet</orig><reg>gefaſſet</reg></choice>/
 war ich zwar noch nicht willens von dieſem <choice><orig>Wer-<lb break="no"/>cke</orig><reg>Wercke</reg></choice>
 <hi rend="antiqua">profeſſion</hi> zu machen; angeſehen ich ſonſt mit <choice><orig>mei-<lb break="no"/>nem</orig><reg>meinem</reg></choice>
 Manne verſorget war/ und dieſes Werck nicht <choice><orig>na-<lb break="no" n="):():( 2.v"/>ders</orig><reg>naders</reg></choice>/
 als wie vor erwehnet/ bey ſchweren Geburten/
   <lb/>und wann ich erfordert ward/ uͤbete. So geſchahe es
   <lb/>doch/ daß ich auch zu einigen Pfarr-Frauen und <choice><orig>end-<lb break="no"/>lich</orig><reg>endlich</reg></choice>
 zu Adelichen/ in ſchweren Faͤllen geruffen/ und <choice><orig>al-<lb break="no"/>ſo</orig><reg>alſo</reg></choice>
 den <foreign xml:lang="Latin" rend="antiqua">Medicis</foreign> bekant ward/ deren einer bey dem
   <lb/>Lignitzſchen <hi rend="antiqua">Magiſtrat</hi> es ohne mein Wiſſen und <choice><orig>Su-<lb break="no"/>chen</orig><reg>Suchen</reg></choice>
 dahin brachte/ daß ſie mich zu einer <choice><orig>Wehe-Mut-<lb break="no"/>ter</orig><reg>Wehe-Mutter</reg></choice>
 fuͤr ihre Stadt verlangeten/ und erhielten. In <choice><orig>die-<lb break="no"/>ſem</orig><reg>dieſem</reg></choice>
 Beruff/ wie ich ſuchte GOtt und meinen Nechſten
   <lb/>zu dienen/ und einige Jahre hingebracht/ und dabey
   <lb/>noch taͤglich wahrgenommen/ wie ein Tag den andern
   <lb/>lehrete/ und mir GOtt immer mehr Licht in meinem
   <lb/>Beruff zeigete; Trug ſich ein ſonderbarer Fall zu/ der
   <lb/>mir zu großen Nachſinnen Anlaß/ und in meiner <choice><orig>Wiſ-<lb break="no"/>ſenſchafft</orig><reg>Wiſſenſchafft</reg></choice>
 mercklichen Grund gab: Es war eine hohe
   <lb/>Perſon/ der ein Gewaͤchß in der Mutter <choice><orig>Angewach-<lb break="no"/>ſen</orig><reg>Angewachſen</reg></choice>/
 das ſchon anfing zu faulen/ und wo es nicht wurde
   <lb/>weggenommen/ ihr den gewiſſen Tod drohete. Ich
   <lb/>haͤtte mich nicht unterſtanden dieſes hier anzufuͤhren/
   <lb/>(weiln/ wie mein GOtt weiß/ ihm in allem die Ehre gebe)
   <lb/>wenn es nicht andere zur Nachricht dienlich gehalten/
   <lb/>und in gegenwaͤrtigen Kupfferbilde anzuweiſen/ mir <choice><orig>ge-<lb break="no"/>rathen</orig><reg>gerathen</reg></choice>;
 Gedachte hohe Perſon war toͤdtlich kranck/
   <lb/>hatte ſchwere Zufaͤlle/ ſo/ daß einer von den <foreign xml:lang="Latin" rend="antiqua">Medicis</foreign> auf
   <lb/>die Gedancken kam/ ob ein Mohn-Kind verhanden.
   <lb/>Es wurden unterſchiedliche Heb-Ammen geſuchet; mir
   <lb/>aber ſonderlich von gedachten <foreign xml:lang="Latin" rend="antiqua">Medico</foreign> ein Licht gegeben/
 <pb n="):():( 3.r"/>
 und gerathen zu verſuchen/ ob ich etwas ergruͤnden
   <lb/>koͤnte: Fand alſo/ daß in dem innern Mutter-Munde
   <lb/>an der rechten Seiten ein Gewaͤchß: Wie alſo dieſes
   <lb/>weg zu bringen/ war die Frage/ und das eintzige <choice><orig>Mit-<lb break="no"/>tel</orig><reg>Mittel</reg></choice>;
 Ich verſuchte/ wie das Bild weiſet/ es zu faſſen/
   <lb/>mit einem Haaken/ in Meinung/ es allmaͤhlig heraus
   <lb/>zu ziehen/ fand es aber angewachſen/ gab alſo mir GOtt
   <lb/>dieſen Einfall ein; Ich nahm ein weißes Band/ <choice><orig>mach-<lb break="no"/>te</orig><reg>machte</reg></choice>
 draus eine Schlinge/ und brachte dieſe vermittelſt
   <lb/>meiner rechten Hand und Finger (wie im Kupfferbilde zu
   <lb/>ſehen) uͤber dem Gewaͤchſe/ und wie das Gewaͤchs recht
   <lb/>gefaſſet/ zog ich die Schlinge mit der lincken Handzu/ und
   <lb/>ſchnitte hernach durch eine lange Scheere das Gewaͤchſe
   <lb/>ab/ ſo gluͤcklich/ daß dieſe hohe Perſon noch neun Jahr
   <lb/>hernach lebete. Wie dieſes geſchehen/ weiſen die drey
   <lb/>Kupffere/ das erſte/ das Anhaaken und Anſchlingen/
   <lb/>das andere/ die Zuziehung der Schlingen/ das dritte/
   <lb/>den Schnitt mit der Scheere/ dabey denn die <choice><orig>geſchling-<lb break="no"/>te</orig><reg>geſchlingte</reg></choice>
 Schnure um die letzte zwey Finger/ hatte gewunden/
   <lb/>damit das Gewaͤchs unter wehrenden Schnitt nicht zu
   <lb/>ruͤcke weichen koͤnte. Durch dieſe gluͤckliche <hi rend="antiqua">Operation</hi>,
   <lb/>fand ich nicht allein mehr Licht im meiner Wiſſenſchafft/
   <lb/>ſondern mehr Gelegenheit an unterſchiedlichen Orten
   <lb/>verlangt zu werden/ alſo daß ich durch die <abbr>Fuͤrſtl.</abbr> <choice><orig>Herr-<lb break="no"/>ſchafft</orig><reg>Herrſchafft</reg></choice>/
 von der Stadt Lignitz/ und im einer ordentlichen-
   <lb/>Bedienung frey gemacht/ und dem Hoff zu folgen/ <choice><orig>ver-<lb break="no"/>bunden</orig><reg>verbunden</reg></choice>
 wurde. In dieſem Beruff ward ich bald nach
 <pb n="):():( 3.v"/>
 Sachſen/ bald in Schleßien/ und von manchen loß
   <lb/>gebethen und gebraucht: wordurch ich dann Gelegenheit
   <lb/>erhielt meinem Beruff beßer noch nachzudencken/ und
   <lb/>von unterſchiedlichen gelehrten <foreign xml:lang="Latin" rend="antiqua">Medicis</foreign> zu lernen.</p>
<p>Endlich fuͤgete es GOtt/ daß einer gewiſſen <choice><orig>Frau-<lb break="no"/>en</orig><reg>Frauen</reg></choice>
 zu gefallen hieher/ ihr beyzuſtehen in der <choice><orig>bevorſtehen-<lb break="no"/>den</orig><reg>bevorſtehenden</reg></choice>
 Geburt herreiſete/ und dadurch Gelegenheit <choice><orig>erlan-<lb break="no"/>gete</orig><reg>erlangete</reg></choice>
 dem hochſeligſten Churfuͤrſten/ glorwuͤrdigſten <choice><orig>An-<lb break="no"/>denckens</orig><reg>Andenckens</reg></choice>
 Friedrich Wilhelm/ <hi rend="antiqua">recommendir</hi>et/ und
   <lb/>von Demſelben gnaͤdigſt zu einer <choice><orig>Hoff-Wehe-Mut-<lb break="no"/>ter</orig><reg>Hoff-Wehe-Mutter</reg></choice>/
 beruffen zu werden/ in welchem Beruff/ auch ietzt <choice><orig>re-<lb break="no"/>gierende</orig><reg>regierende</reg></choice>
 <abbr>Churfl. Durchl.</abbr> Friderich der <num>III.</num> gnaͤdigſt
   <lb/>mich <hi rend="antiqua">confirmir</hi>en laſſen: Auf ſolche Wege hat mich
   <lb/>GOtt beruffen/ und noch bishero geſegnet/ daß ich <choice><orig>mei-<lb break="no"/>nen</orig><reg>meinen</reg></choice>
 Nechſten habe dienen koͤnnen/ nicht allein hohen und
   <lb/>erlauchten Perſonen/ die ich hier benennen koͤnte/
   <lb/>ſondern/ auch den allergeringſten/ ſonderlich/ wann ich
   <lb/>ſie in der Gefahr geſehen/ und darzu geruffen worden/
   <lb/>habe mich nichts abhalten laſſen/ nach Vermoͤgen zu
   <lb/>rahten und zu retten. Dieſes iſt alſo das Erſte/
   <lb/>das ich den Chriſtlichen Leſer habe vorberichten wollen/
   <lb/>wie ich zu dieſem Beruff und Wiſſenſchafft <choice><orig>ge-<lb break="no"/>kommen</orig><reg>gekommen</reg></choice>;
 daß/ ob ich gleich kein Kind gehabt/
   <lb/>doch vielen in ſchweren Faͤllen von ihren <choice><orig>Kin-<lb break="no"/>dern</orig><reg>Kindern</reg></choice>
 loß zu werden/ oder ihre Kinder zu retten/
 <pb n="):():( 4.r"/>
 habe dienen muͤßen. GOtt hat mich darzu <choice><orig>beruf-<lb break="no"/>fen</orig><reg>beruffen</reg></choice>/
 dem ſey auch Lob und Danck geſaget.</p></div>
 <div type="section" n="2"><head>II.</head>
<p>Was aber zum Andern anlanget/ warum
   <lb/>ich dieſes Buch geſchrieben/ und nun zum Druck
   <lb/>heraus gebe/ auch mit wenigen zu berichten/ iſt zu <choice><orig>wiſ-<lb break="no"/>ſen</orig><reg>wiſſen</reg></choice>:
 Daß/ weil ich von vielen Jaren herd an <choice><orig>unterſchied-<lb break="no"/>liche</orig><reg>unterſchiedliche</reg></choice>
Oerther habe reiſen/ und bis zu der Niederkunfft
   <lb/>derer Frauen/ ſo mich verlanget/ aufhalten muͤſſen/
   <lb/>fand ich keine beßere Zeit-Vertreib/ als meine <choice><orig>Ge-<lb break="no"/>dancken</orig><reg>Gedancken</reg></choice>
 und Anmerckungen/ bey den ſchwehren <choice><orig>Faͤl-<lb break="no"/>len</orig><reg>Faͤllen</reg></choice>/
 zu Papier zu bringen: Es war mir leicht eine
   <lb/>Feder und Papier zu haben/ und den Vorrath hatte
   <lb/>ich in meinen Gedancken/ aus der angemerckten <choice><orig>Er-<lb break="no"/>fahrung</orig><reg>Erfahrung</reg></choice>.
 Wann ich alſo ein muͤßiges Stuͤndchen ſahe/
   <lb/>ſchrieb ich etwas zuſammen/ ohne zu gedencken/ daß das
   <lb/>ſolte ein Buch fuͤr der Welt werden; Sondern ich <choice><orig>ſchrie-<lb break="no"/>be</orig><reg>ſchriebe</reg></choice>
 eine und andere Zufaͤlle auf fuͤr mir/ es nicht zu <choice><orig>ver-<lb break="no"/>geſſen</orig><reg>vergeſſen</reg></choice>/
 und bey andern deſto gruͤndlicher davon zu <choice><orig>re-<lb break="no"/>den</orig><reg>reden</reg></choice>;
 ſonderlich/ weil ich hoͤren muſte/ wie ungegruͤndet
   <lb/>ſo wohl Wehe-Muͤtter/ als andere kluge Frauen offt
   <lb/>von unterſchiedlichen Zufaͤllen redeten. Es kam noch
   <lb/>dazu/ daß ich in einer gewiſſen Angelegenheit/ die ich
   <lb/>in dem Buch an ſeinem Orth anfuͤhre/ mich zu <choice><orig>ver-<lb break="no"/>thaͤtigen</orig><reg>verthaͤtigen</reg></choice>/
 vornehmer <foreign xml:lang="Latin" rend="antiqua">Medicorum</foreign> Gutachten und <choice><orig>Aus-<lb break="no"/>ſpruch</orig><reg>Ausſpruch</reg></choice>
 einholen muͤſte/ dadurch ward mir Anlaß <choice><orig>gege-<pb break="no" n="):():( 4.v"/>ben</orig><reg>gegeben</reg></choice>/
 aus voriger Jahre Erfahrung/ mich der ſchweren
   <lb/>Geburten/ die mir vorgefallen/ zu erinnern: in dem ich
   <lb/>alſo anfing zu ſchreiben/ wuchs mir eine Frage aus der
   <lb/>andern (und ſehe deren noch kein Ende/) daß ich <choice><orig>end-<lb break="no"/>lich</orig><reg>endlich</reg></choice>
 dieſen Schluß faſſete/ es in ein Geſpraͤch zu <choice><orig>brin-<lb break="no"/>gen</orig><reg>bringen</reg></choice>/
 daß von Zeit zu Zeit vermehret und verbeßert/ auch
   <lb/>mit vielen Hochgelahrten <abbr>Hn.</abbr> <foreign xml:lang="Latin" rend="antiqua">Medicis</foreign> daruͤber geredet/ und
   <lb/>vielfaͤltig vornehmen Frauen daraus vorgeleſen
   <lb/>habe/ die mich offters zum Druck dieſes zu geben <choice><orig>ange-<lb break="no"/>mahnet</orig><reg>angemahnet</reg></choice>:
 Ich habe mich aber niemahl recht dazu faſſen
   <lb/>koͤnnen/ weil bald dieſes/ bald jenes mich davon abhielte:
   <lb/>bis ich vorm Jahre auf gnaͤdigſten Befehl Seiner
   <lb/><abbr>Churfuͤrſtl. Durchl.</abbr> Meines gnaͤdigſten Herrn
   <lb/>Ihre <abbr>Durchl.</abbr> die Princeßin von Naßau/ bey
   <lb/>ihrer Niederkunfft unterthaͤnigſt zu dienen in <choice><orig>Frieß-<lb break="no"/>land</orig><reg>Frießland</reg></choice>/
 und von dar weiters nach dem Haag/ in
   <lb/>Holland/ reiſen muſte/ und in dem ich allda/ ſo wohl
   <lb/>vor/ als nach der gluͤcklichen Niederkunfft/ mich ein <choice><orig>Zeit-<lb break="no"/>lang</orig><reg>Zeitlang</reg></choice>
 aufhielte/ und die Gnade hatte/ Ihro <choice><orig>Maje-<lb break="no"/>ſtaͤt</orig><reg>Majeſtaͤt</reg></choice>
der jetz-regierenden Koͤnigin in Engelland/
   <lb/>dieſe von mir zuſammen getragene und mit einigen <choice><orig>Abriſ-<lb break="no"/>ſen</orig><reg>Abriſſen</reg></choice>
ſchon verſehenen Schrifft zu weiſen. Erzeigeten
   <lb/>nicht allein Ihre Majeſtaͤt hieruͤber ein gnaͤdigſtes
   <lb/>Gefallẽ/ ſondern habẽ mich auch angemahnet/ dieſes <choice><orig>for-<lb break="no"/>derſamſt</orig><reg>forderſamſt</reg></choice>
zum Druck zu verfertigen; uͤber das/ weil auch/
<pb n="):():():(.r"/>
   unterſchiedliche <foreign xml:lang="Latin" rend="antiqua">Doctores</foreign>; ſonderlich die <abbr>Hochfuͤrſtl.</abbr>
   <lb/>Naßowiſche Leib-<foreign xml:lang="Latin" rend="antiqua">Medici</foreign>, mir eben dieſes riethen/
   <lb/>und darzu ihre Huͤlffe antrugen/ nahm ich dieſem Schluß/
   <lb/>und dabey die Gelegenheit war/ die noch benoͤthigte
   <lb/>Kupffer dort anzugeben und ſtechen zu laſſen/ und alſo
   <lb/>das Werck zum Druck zu verfertigen. Reiſete auch <choice><orig>deß-<lb break="no"/>wegen</orig><reg>deßwegen</reg></choice>
alſobald/ nachverrichteter Hollaͤndiſcher Reiſe
   <lb/>nach Franckfurt/ an der Oder/ um dieſes mein <choice><orig>Vorha-<lb break="no"/>ben</orig><reg>Vorhaben</reg></choice>
 und Buch der <hi rend="antiqua">Medicini</hi>ſchen <hi rend="antiqua">Facul</hi>taͤt <choice><orig>hochverſtaͤndi-<lb break="no"/>gem</orig><reg>hochverſtaͤndigem</reg></choice>
 <hi rend="antiqua">Cenſur</hi> zu untergebẽ/ die dañ darzu ſich auch <choice><orig>wilfaͤh-<lb break="no"/>rig</orig><reg>wilfaͤhrig</reg></choice>
erwieſen/ und nach Durchleſung meines Buchs mich
   <lb/>auch zum Druck ermahneten. Solchergeſtalt iſt <choice><orig>die-<lb break="no"/>ſes</orig><reg>dieſes</reg></choice>
Buch/ das lange/ wie in einer Geburt geſtecket/ ans
   <lb/>Liecht gekommen/ und ſol/ weil ich keine Kinder zur Welt
   <lb/>gebohren/ das ſeyn/ was ich der Welt hinterlaſſe: <choice><orig>Ha-<lb break="no"/>be</orig><reg>Habe</reg></choice>
ich alſo nicht noͤthig weitlaͤufftig die Urſachen des
   <lb/>Drucks zu rechtfertigen. Einjeder iſt ja ſchuldig <choice><orig>ſei-<lb break="no"/>ne</orig><reg>ſeine</reg></choice>
Gabe und Wiſſenſchafft ſeinem Nechſten zum beſten
   <lb/>anzuwenden/ weil wir als Glieder in einem Leibe unter
   <lb/>einander ſeyn verbunden/ und kan ich ja nicht beſſer <choice><orig>mei-<lb break="no"/>nen</orig><reg>meinen</reg></choice>
Nechſten dienen/ als daß ich ihnen das durch den
   <lb/>Druck offenbahre/ was ich durch viele Jahre <choice><orig>Wiſſen-<lb break="no"/>ſchafft</orig><reg>Wiſſenſchafft</reg></choice>
und Erfahrung gefaſſet habe: mit dem hertzlichen
   <lb/>Wunſch/ daß es moͤge durch GOttes Gnade/ wo es <choice><orig>noͤ-<lb break="no"/>thig</orig><reg>noͤthig</reg></choice>/
 mit Nutz angewendet werden. Und weil ſonderlich
   <lb/>mein Beruff von der hochſeligſten <choice><orig>Churfuͤrſtli-<lb break="no" n="):( ):( ):(.v"/>chen</orig><reg>Churfuͤrſtlichen</reg></choice> 
 Herrſchafft hieſiger Orten dahin ziehlet/ andern
   <lb/>Wehe-Muͤttern in ſchwehren Faͤllen beyzuſtehen/ auch
   <lb/>andere zu ſolcher Wiſſenſchafft anzufuͤhren/ zu welchem
   <lb/>Beruff ich auch noch verbundẽ; Ich aber noch wenig <choice><orig>ge-<lb break="no"/>ſehen</orig><reg>geſehen</reg></choice>/
 die von mir Unterricht verlangen/ auſſer daß/ wann
   <lb/>die Noht bey den Kreiſenden auffs euſſerſte/ ſie mich <choice><orig>ruf-<lb break="no"/>fen</orig><reg>ruffen</reg></choice>
 laſſen; Habe ich meine Pflicht nicht beſſer <choice><orig>abzuſtat-<lb break="no"/>ten</orig><reg>abzuſtatten</reg></choice>
gemeinet/ als wann ich einen deutlichen Unterricht/
   <lb/>wie dañ dieſe Unterredung iſt/ drucken lieſſe/ daraus nicht
   <lb/>allein die Wehe-Muͤtter lernen; ſondern auch/ was Sie
   <lb/>fuͤr Grund in ihrer Wiſſenſchafft haben/ koͤnten gefraget
   <lb/>und manche ſchwere Faͤlle bey den Geburten durch <choice><orig>Got-<lb break="no"/>tes</orig><reg>Gottes</reg></choice>
Gnade vorſichtig abzuwenden/ angewieſen werden.
   <lb/>Endlich/ weil ich auch taͤglich ab- und in dem Verlangen
   <lb/>des Ewigen zunehme/ und mein Ende vor Augen ſehe;
   <lb/>Habe ich mein Pfund/ das iſt/ die von GOtt verliehene
   <lb/>Wiſſenſchafft/ und die von dreyßig Jahren hero bey <choice><orig>die-<lb break="no"/>ſen</orig><reg>dieſen</reg></choice>
Beruff gehabte Erfahrung/ nicht begraben wollen;
   <lb/>ſondern GOtt zu Ehren/ dem gemeinen Beſten zu <choice><orig>Nu-<lb break="no"/>tzen</orig><reg>Nutzen</reg></choice>/
 und aus Liebe zu meinem Nechſten/ die Bilder zu
   <lb/>den Stellungen der Geburt auf mein eigen Unkoſten <choice><orig>laſ-<lb break="no"/>ſen</orig><reg>laſſen</reg></choice>
ſtechen und drucken/ und dieſes Buch/ wie es itzund
   <lb/>heraus kommt/ verfertigen/ damit ich der Welt nichts
   <lb/>ſchuldig bleibe/ als die Liebe: und das Licht/ das mir
   <lb/>GOtt in dieſer Welt gegeben/ in dieſer Wiſſenſchafft und
   <lb/>Erfahrung/ nach meinem Tod in der Welt laſſe. <choice><orig>Die-<lb break="no"/>ſes</orig><reg>Dieſes</reg></choice>
ſind meine Urſachen/ zu dieſem Druck/ wil jemand
<pb n="):():():( 2.r"/>
mir andere antichten/ der wird ſich betrogen finden/ und
   <lb/>von mir keiner andern Antwort gewertig ſeyn/ als daß
   <lb/>GOtt unſere Hertzen kenne und wiſſe: daß mich nichts
   <lb/>anders/ auſſer dem vorgedachten Befehl/ und meinem
   <lb/>Beruff/ zu dieſem Druck gebracht/ als die Begierde <choice><orig>mei-<lb break="no"/>nem</orig><reg>meinem</reg></choice> 
   Nechſten zu dienen/ in der Zuverſicht/ daß vielleicht
   <lb/>die itzund Bedencken tragen mich muͤndlich zu fragen/
   <lb/>durch dieſe Schrifft Unterricht werden annehmen/ mit
   <lb/>mehrerm Grund in vorfallenden ſchwehren Geburten/
   <lb/>nuͤtzliche Dienſte zu leiſten/ welches GOTT aus Gna-
   <lb/>den verleihen wolle;</p></div> <div type="section" n="3"><p>Und das
      <lb/><label>III.</label>
      <lb/>Iſt alſo Drittens mein eintziger Zweck in dieſer
      <lb/>Arbeit/ und bey dieſen Unkoſten dem allgemeinem
      <lb/>Weſen zu dienen; Und zu dem Ende ſonderlich den <choice><orig>We-<lb break="no"/>he-Muͤttern</orig><reg>Wehe-Muͤttern</reg></choice>
 ein Liecht zu geben/ ſo gar/ daß ich <choice><orig>wuͤnſch-<lb break="no"/>te</orig><reg>wuͤnſchte</reg></choice>/
 daß ich alles koͤnte mittheilen/ umb dadurch den <choice><orig>ar-<lb break="no"/>men</orig><reg>armen</reg></choice>
Kreiſſenden zu rahten. Ich wil hier nicht Klage
      <lb/>fuͤhren uͤber die groſſe Unwiſſenheit/ die bey vielen zu <choice><orig>groſ-<lb break="no"/>ſer</orig><reg>groſſer</reg></choice>
Gefahr der darunter Leidenden/ geſpuͤhret wird.
      <lb/>Es ſind viele die es nie gruͤndlich erfahren: Es ſind <choice><orig>an-<lb break="no"/>dere</orig><reg>andere</reg></choice>
die etwas eigenſinnig. Allen iſt hoͤchſt-noͤhtig/ daß
      <lb/>ſie dieſen Unterricht leſen/ und dann/ was ſie wiſſen/ und
      <lb/>noch nicht wiſſen/ draus erkennen/ und taͤglich mehr <choice><orig>nach-<lb break="no"/>ſinnen</orig><reg>nachſinnen</reg></choice>.
 Sonderlich/ daß ſie bald von Anfangs in dem
      <lb/>rechten Begriff der Geburten und ihrer Stellungen/ <choice><orig>ei-<pb break="no" n="):():():( 2.v"/>nen</orig><reg>einen</reg></choice> 
 guten Grund faſſen/ und ihnen nach den <choice><orig>Abbildun-<lb break="no"/>gen</orig><reg>Abbildungen</reg></choice>
der Figuren einen gruͤndlichen Eindruck einbilden/
      <lb/>wie die Kinder in Mutterleibe liegen/ und in was <choice><orig>Ge-<lb break="no"/>ſtalten</orig><reg>Geſtalten</reg></choice>
      ſie zur Geburt ſich ſchicken/ und woraus ſie <choice><orig>die-<lb break="no"/>ſes</orig><reg>dieſes</reg></choice>/
 und auf was Grund ergruͤnden koͤnnen; Ob gleich
      <lb/>dieſes in dem gantzen Buch angewieſen/ ſo habe doch in
      <lb/>dieſem Vor-Bericht zu beſſern Eindruck ein <choice><orig>Kupf-<lb break="no"/>fer-Bild</orig><reg>Kupffer-Bild</reg></choice>/
 ſamt einem vollkommenem Kinde/
      <lb/>wie es in Mutterleibe krum; bald ſo/ bald anders/ doch
      <lb/>allemal krum zu liegen pfleget/ vorſtellen wollẽ/ umb deſto
      <lb/>beſſer den Wehe-Muͤttern/ die hiervon noch keinen
      <lb/>Grund haben/ einzubilden: das/ was ſie in dem <choice><orig>folgen-<lb break="no"/>den</orig><reg>folgenden</reg></choice>
 Kupffern/ die nur die Mutter/ und die darinn <choice><orig>liegen-<lb break="no"/>de</orig><reg>liegende</reg></choice>
Kinder vorſtellen/ nicht ſo wol faſſen koͤnnen: Iſt
      <lb/>derowegen wol zu betrachten dieſes groſſe Kupffer-
      <lb/>Bild/ welches weiſet durch folgende ordentliche <choice><orig>Buch-<lb break="no"/>ſtaben</orig><reg>Buchſtaben</reg></choice>/
 und dero Benennung.
<list><item n="a"><label rend="antiqua">A.</label> Der Mutter-Kuchen/ oder
   <lb/>Nachgeburt.</item>
 <item n="b"><label rend="antiqua">B.</label> Das Haͤutlein <foreign xml:lang="Latin" rend="antiqua">chorion</foreign>, <choice><orig>o-<lb break="no"/>der</orig><reg>oder</reg></choice>
Ader-Haut.</item>
<item n="c"><label rend="antiqua">C.</label> Des Harnhaͤutleins Theile.</item>
<item n="d"><label rend="antiqua">D.</label> Die Mutter.</item>
<item n="e"><label rend="antiqua">E.</label> Die Decken des Bauches.</item>
<item n="f"><label rend="antiqua">F.</label> Das Kind.</item>
<item n="g"><label rend="antiqua">G.</label> Das Haͤutlein <foreign xml:lang="Latin" rend="antiqua">Amnion</foreign>, oder
   <lb/>Schaaffs/ auch <choice><orig>durchſchei-<lb break="no"/>nende</orig><reg>durchſcheinende</reg></choice>
Geburtshaut ſonſt
   <lb/>Hellm genannt.</item>
<item n="h"><label rend="antiqua">H.</label> Der Stabel/ oder die Nabel-</item>
<item n="i"><label rend="antiqua">I.</label> Des Kindes Kopff. (ſchnur.</item>
<item n="k"><label rend="antiqua">K.</label> Der Ellebogen.</item>
<item n="l"><label rend="antiqua">L.</label> Das Knie.</item>
<item n="m"><label rend="antiqua">M.</label> Die Haͤnde.</item>
<item n="n"><label rend="antiqua">N.</label> Die Bruft.</item>
<item n="o"><label rend="antiqua">O.</label> Der Hals.</item>
<item n="p"><label rend="antiqua" >P.</label> Die Fuͤſſe.</item></list>
 wie ein ſchwanger Leib/ ſambt dem darinnen <choice><orig>lie-<pb break="no" n="):():():( 3.r"/>genden</orig><reg>liegenden</reg></choice>
 Kinde/ und deſſen Nachgebuhrt/ mit allen
      <lb/>zugehoͤrigen Haͤutlein beſchaffen ſey; wornach ſich die
      <lb/>Wehe-Muͤtter richten koͤnnen und ſollen/ wann Sie
      <lb/>Ihren Beruff vorſichtig und Chriſtlich zu <choice><orig>verrich-<lb break="no"/>ten</orig><reg>verrichten</reg></choice>
geſinnet ſeyn: denn es iſt nicht genug/ daß eine
      <lb/>Wehe-Mutter ſagen kan: Sie habe viel ſchwehre <choice><orig>Ge-<lb break="no"/>buhrten</orig><reg>Gebuhrten</reg></choice>
unterhaͤnden gehabt; beſſer iſt es wenn ſchwere
      <lb/>Gebuhrten Sie zu verhuͤten weiß/ daß nicht zwey biß
      <lb/>dreytaͤgiges Kreiſſen folgen muͤſſe und doͤrffte. Es ſind
      <lb/>mir unterſchiedene unwiſſende Wehe-Muͤtter <choice><orig>vorkom-<lb break="no"/>men</orig><reg>vorkommen</reg></choice>/ 
 die viel ſchwere Gebuhrten erzehlet/ welche Ihnen
      <lb/>bey langwierigem Kreiſſen/ endlich noch gluͤcklich fuͤr die
      <lb/>Mutter/ offters auch fuͤr die Kinder von ſtatten <choice><orig>gegan-<lb break="no"/>gen</orig><reg>gegangen</reg></choice>/
 und iſt ihnen ohn allen Verſtand und Wiſſenſchaft
      <lb/>gerahten: gleich den Spruͤchwort/ wie einer blinden
      <lb/>Henne/ wenn ſie ein Weitzen Korn findet. Es kan <choice><orig>un-<lb break="no"/>muͤglich</orig><reg>unmuͤglich</reg></choice>
anders ſeyn/ weil ſie nicht wiſſen/ wie es/ da
      <lb/>das Kind gebohren worden/ zugegangen. Sie ſagen
      <lb/>zwar: Wir haben des Kindes Haͤndlein/ ſo offt es <choice><orig>her-<lb break="no"/>auß</orig><reg>herauß</reg></choice>
gekommen wieder eingebracht/ biß der liebe Gott
      <lb/>geholffen/ und die rechte Stunde zur Gebuhrt <choice><orig>verhan-<lb break="no"/>den</orig><reg>verhanden</reg></choice>
 geweſen; als dann ſey es gluͤcklich von ſtatten <choice><orig>ge-<lb break="no"/>gangen</orig><reg>gegangen</reg></choice>:
 wenn ich aber wiſſen wolte/ wie dann dieſe
      <lb/>Kinder endlich gekommen/ als ſie gebohren worden/
      <lb/>ob die Armen bey dem Kopff/ und die Frucht ſehr klein
      <lb/>geweſen? So haben ſie Nein geſagt. Darauff ich
      <lb/>weiter gefragt: ob den die Fuͤſſe ſambt den Haͤndlein
<pb n="):():():( 3.v"/>
zugleiche durch und eingedrungen? hat es wieder Nein
      <lb/>geheiſſen. Dann hab ich abermals fragen muͤſſen: ob
      <lb/>es denn mit dem Hinterſten kommen/ und ſo als doppelt
      <lb/>beyſammen gebohren worden? Hat es dennoch <choice><orig>be-<lb break="no"/>ſtaͤndig</orig><reg>beſtaͤndig</reg></choice>
Nein geheiſſen. Als dann iſt der Unterricht
      <lb/>Ihnen hoͤchſt noͤhtig geweſen: daß nemlich die Kinder/
      <lb/>wenn Sie vollkommen/ und rechter Groͤſſe ſeyn/ wie
      <lb/>Sie ſeyn ſollen und muͤſſen/ dofern Sie leben ſollen/
      <lb/>auff keine andere/ als erwehnte drey Arten koͤnten
      <lb/>gebohren werden. Zwar/ es iſt eines gröſſer und kleiner/
      <lb/>als daß andere/ doch kan unter vollkommener Geburt
      <lb/>auch das kleineſte anders nicht/ als auff dieſe drey
      <lb/>Arten gebohren werden/ es weren denn unzeitige
      <lb/>Kinder/ als bey dem Mißkram oder Mißgebuhrten/
      <lb/>von zwantzig oder etzliche zwantzig wochen/ dieſe koͤnnen
      <lb/>mit der Nachgebuhrt/ und einen klumpen zuſammen
      <lb/>gepreſſet kommen/ welches ein vollkommen Kind wohl
      <lb/>muß bleiben laſſen. Wenn ich Ihnen den ferner <choice><orig>zu-<lb break="no"/>geredet</orig><reg>zugeredet</reg></choice>:
 Sie ſolten ja und muͤſten wiſſen/ auff <choice><orig>welcher-<lb break="no"/>ley</orig><reg>welcherley</reg></choice>
 Art unter beſagten dreyen die Kinder waͤren <choice><orig>kom-<lb break="no"/>men</orig><reg>kommen</reg></choice>
und gebohren worden/ weil Sie anders nicht/ als
      <lb/>wie geſagt kom̃en koͤnten/ entweder von ſich ſelber/ durch
      <lb/>langwierige Wehen endlich gezwungen/ oder auch durch
      <lb/>Wendung. So iſt doch keine beſſere Rede und Antwort
      <lb/>erfolget/ in dem Sie gantz keinen Verſtand von der <choice><orig>noͤh-<lb break="no"/>tigen</orig><reg>noͤhtigen</reg></choice>
 Wendung gehabt; darumb iſt auch Ihre <choice><orig>ver-<lb break="no"/>meinte</orig><reg>vermeinte</reg></choice>
Huͤlffe nichtig geweſen/ und hat der liebe GOtt
<pb n="):():():( 4.r"/>
und die Natur freylich daß beſte dabey thun muͤſſen.
      <lb/>Wenn ich denn ſo gar nachdruͤcklich den Grund Ihrer
      <lb/>beywohnenden Wiſſenſchaft zuerforſchen nicht ablaſſen
      <lb/>wollen/ ſo ſeynd Sie endlich zornig worden/ und haben
      <lb/>mir tolle Gebuhrten daher geſaget: Als wenn die <choice><orig>Kin-<lb break="no"/>der</orig><reg>Kinder</reg></choice>
in einem Klumpen beyſammen/ mit dem Kopff/
      <lb/>ſampt den Haͤnden und Fuͤſſen zugleiche weren <choice><orig>geboh-<lb break="no"/>ren</orig><reg>gebohren</reg></choice>
 worden; Ja ſie kaͤmen auch wol mit dem <choice><orig>Hinter-<lb break="no"/>ſten</orig><reg>Hinterſten</reg></choice>/
 und haͤtten den Kopff doch zwiſchen den Beinen/
      <lb/>wuͤrden auch ſo in der Runde gebohren. <choice><orig>Zugeſchwei-<lb break="no"/>gen</orig><reg>Zugeſchweigen</reg></choice>
anderer Gebuhrten/ die Sie wieder alle Vernunfft
      <lb/>erzehlet haben. Dieſen denn zugefallen/ weil mich <choice><orig>ge-<lb break="no"/>aͤrgert</orig><reg>geaͤrgert</reg></choice>
ſolch thumb Ding zu hören/ habe ich dieſen
      <lb/>Unterricht wollen ſchreiben und noch dazu dieſes
      <lb/>Kupferbild vorſetzen/ darumb/ daß dergleichen
      <lb/>Wehe-Muͤtter ſich ſollen erkennen lernen/ daß Sie noch
      <lb/>keine Wiſſenſchafft haben/ und mit deſto mehrer <choice><orig>Be-<lb break="no"/>gierde</orig><reg>Begierde</reg></choice>
 nach dem rechten Grunde forſchen ſollen. <choice><orig>Wie-<lb break="no"/>derhohle</orig><reg>Wiederhohle</reg></choice>
alſo billich noch einmal: Daß die Kinder auf
      <lb/>keine andere Weiſe koͤnnen gebohren werden/ als auf <choice><orig>o-<lb break="no"/>ben</orig><reg>oben</reg></choice>
 erzehlete drey Arten/ es waͤre denn/ daß eine <choice><orig>un-<lb break="no"/>wiſſende</orig><reg>unwiſſende</reg></choice>
Wehe-Mutter dazukaͤme/ und dem Kinde mit
      <lb/>Gewalt die Armen/ (wie ich woll auff allzuſpaͤtes <choice><orig>er-<lb break="no"/>fordern</orig><reg>erfordern</reg></choice>/
 dergleichen vermeinte/ doch klaͤgliche Huͤlffe
      <lb/>veruͤben ſehen) ſambt den Rippen/ Lunge/ Leber/ <choice><orig>im-<lb break="no"/>gleichen</orig><reg>imgleichen</reg></choice>
 die Beine/ und ſo gar die Daͤrme/ gantz <choice><orig>un-<lb break="no"/>vernuͤnfftig</orig><reg>unvernuͤnfftig</reg></choice>
außreiſſe. Wenn nun die Kinder nicht allzu
<pb n="):():():( 4.v"/>
groß ſeyn/ daß ſich dergeſtalt ein Stuͤck nach dem andern
      <lb/>abreiſſen laͤſt/ ſo mag der Mutter manches mahl das
      <lb/>Leben gerettet werden/ allein die Geſundheit wird ſie
      <lb/>ſchwerlich behalten/ doch gehet es/ (wo ja gar nicht)
      <lb/>doch ſelten ohne groſſe Gewalt und Schaden an/ und
      <lb/>ob es bey einer ſtarcken Frauen und kleinem Kinde <choice><orig>an-<lb break="no"/>gehet</orig><reg>angehet</reg></choice>/
 ſo iſt es doch gewaltſahm/ unvernuͤnfftig und
      <lb/>gantz unverantwortlich gehandelt. Solten denn nun
      <lb/>ſolche Wehe-Muͤtter nicht verpflichtet ſeyn/ GOtt <choice><orig>zu-<lb break="no"/>fuͤrchten</orig><reg>zufuͤrchten</reg></choice>/
 und es beſſer zu lernen/ wenn Sie Ihr <choice><orig>Ge-<lb break="no"/>wiſſen</orig><reg>Gewiſſen</reg></choice>
 bewahren/ und Ihrem Beruff Chriſtlich <choice><orig>zufuͤh-<lb break="no"/>ren</orig><reg>zufuͤhren</reg></choice>
trachteten? So lange Sie keinen beſſeren Grund
      <lb/>wiſſen/ ſehen/ hoͤhren oder leſen/ ſo moͤchte man Sie in
      <lb/>etwas entſchuldigen/ wenn aber ein Licht Ihnen <choice><orig>auff-<lb break="no"/>geſtecket</orig><reg>auffgeſtecket</reg></choice>
wird/ und Sie dennoch aus hartem verkehrtem
      <lb/>Sinn/ im Finſtern tappen/ oder den guthertzig <choice><orig>mitge-<lb break="no"/>theilten</orig><reg>mitgetheilten</reg></choice>
Grund der Sache/ nicht annehmen/ moͤglichſten
      <lb/>Fleiſſes nachdencken/ und dem nohtleidenden Nechſten
      <lb/>zum beſten anwenden wollen/ ſo wird ſolcher eigen
      <lb/>Sinn dermahleinſt ſchwere Verandwortung nach ſich
      <lb/>ziehen. Solches ſtelle ich denen Streitt-Begierigen/
      <lb/>Nachlaͤßigen/ Wehe-Muͤttern/ wohl zu behertzigen
      <lb/>anheim/ und will hoffen/ wenn Sie meinen guten <choice><orig>Wil-<lb break="no"/>len</orig><reg>Willen</reg></choice>
len des Unterrichtes von ſchweren Gebuhrten/
      <lb/>und wo moͤglich/ Verhuͤtung derſelben/ auch von <choice><orig>ge-<lb break="no"/>ſchickter</orig><reg>geſchickter</reg></choice>
 Wendung derer unrechtſtehenden <choice><orig>Gebuhr-<lb break="no"/>ten</orig><reg>Gebuhrten</reg></choice>/
 ohne <hi rend="antiqua">Affect</hi>en/ nachdencklich leſen/ dem <choice><orig>gele-<lb break="no"/>ſenen</orig><reg>geleſenen</reg></choice>
<pb n="):():():():(.r"/>
 gruͤndlich nachdencken/ auch bey Ihren <choice><orig>Bedienun-<lb break="no"/>gen</orig><reg>Bedienungen</reg></choice>
 auszuuͤben beſſere Achtung geben werden/ Sie <choice><orig>wer-<lb break="no"/>den</orig><reg>werden</reg></choice>
ſolchen Untericht/ wo ja nicht offentlich mit Ihrem
      <lb/>Munde/ jedoch als in Ihrem Hertzen und Gewiſſen
      <lb/>uͤberzeuget/ Beyfall geben/ Ihre bißherige <choice><orig>unbedacht-<lb break="no"/>ſame</orig><reg>unbedachtſame</reg></choice>
 blinde Feindſchafft zum theil/ in einſtim̃ige <choice><orig>Freund-<lb break="no"/>ſchafft</orig><reg>Freundſchafft</reg></choice>
 wandeln/ und mich als eine tuͤchtige Wehe-
      <lb/>Mutter unter Ihrer Geſellſchafft nehmen/ ob ich
      <lb/>gleich keine Kinder gehabt/ in dem ich erwieſen/
      <lb/>daß es wenig zur Wiſſenſchafft helffen oder ſchaden
      <lb/>koͤnne/ ſondern vielmehr offenbar ſey/ daß viel <choice><orig>unwiſ-<lb break="no"/>ſende</orig><reg>unwiſſende</reg></choice>
Wehe-Muͤtter zufinden/ die doch ſelbſten viel
      <lb/>Kinder gehabt/ und dennoch nichtes kluͤger davon <choice><orig>ge-<lb break="no"/>worden</orig><reg>geworden</reg></choice>
ſind.</p>
 <p>GOtt bindet ſeine Gaben an keine gewiſſe <choice><orig>Perſo-<lb break="no"/>nen</orig><reg>Perſonen</reg></choice>/
ſondern giebt ſie/ wem er wil; Denen er ſie aber <choice><orig>gie-<lb break="no"/>bet</orig><reg>giebet</reg></choice>/
giebt er auch zugleich Luſt und Begierde <choice><orig>nachzufor-<lb break="no"/>ſchen</orig><reg>nachzuforſchen</reg></choice>
und nachzuſinnen/ und in dieſe Wege ſegnet er <choice><orig>als-<lb break="no"/>dann</orig><reg>alsdann</reg></choice>
 den Fleiß mit mehrerm Gaben und Liecht. In
    <lb/>allen ſey auch Ihm die Ehre/ wann mein Nechſter mit
    <lb/>dieſer Arbeit kan erbauet werden. Ich habe <choice><orig>wollmei-<lb break="no"/>nend</orig><reg>wollmeinend</reg></choice>
es zu dem Ende geſchrieben/ und noch uͤber <choice><orig>die-<lb break="no"/>ſes</orig><reg>dieſes</reg></choice>/
vorhergehenden Bericht zu mehrem Licht <choice><orig>voran-<lb break="no"/>ſetzen</orig><reg>voranſetzen</reg></choice>
 wollen. Muß aber noch etwas hinzuſetzen/ ehe
    <lb/>ich ſchlieſſe.</p>
 <p>Es kan ſeyn/ daß einige gar/ wann Sie von <choice><orig>die-<lb break="no"/>ſem</orig><reg>dieſem</reg></choice>
Buch hoͤhren werden/ bald dagegen reden: Es ſey
<pb n="):():():():(.v"/>
aus meinem Gehirn nicht gewachſen; andere aber/
    <lb/>wann Sie es leſen/ fuͤr gar zu einfaͤltig halten werden.
    <lb/>Was das Erſte angehet/ kan ich jedem gerne ſeine
    <lb/>Gedancken frey laſſen/ und wird die Art des Buchs
    <lb/>gnugſam zeigen/ daß es meine Arbeit; dann ſo wie
    <lb/>ich es taͤglich bey meinem Beruff finde/ ſo pflege ich
    <lb/>davon zu reden/ und wie ich davon rede/ ſo habe ich
    <lb/>hier davon geſchrieben/ darumb es dann auch allzu <choice><orig>ein-<lb break="no"/>faͤltig</orig><reg>einfaͤltig</reg></choice>
vielen anſcheinen wird/ denen auch zur <choice><orig>Nach-<lb break="no"/>richt</orig><reg>Nachricht</reg></choice>
dienen moͤchte: Eben darumb/ weil ich es nach
    <lb/>meinem Gutduͤncken geſchrieben/ kan es nicht anders
    <lb/>als in dieſer Geſtalt erſcheinen; und da ich meine auch
    <lb/>am meiſten meinen Zweck mit zuerreichen. Dann ich
    <lb/>keinem andern zu gute die Fragen zuſammen getragen/
    <lb/>als anfaͤnglich bey ſo vielen erfahrnen Exempeln/ daß
    <lb/>durch ein geringes Verſehen/ [daß doch leicht haͤtte <choice><orig>koͤn-<lb break="no"/>nen</orig><reg>koͤnnen</reg></choice>
verhuͤtet werden] Mutter und Kind in euſſerſte <choice><orig>Ge-<lb break="no"/>fahr</orig><reg>Gefahr</reg></choice>
gerahten/ einigen Freunden ein Licht zugeben/ daß
    <lb/>ihnen nicht allein durch eine gewiſſe Erfindung/ wie
    <lb/>ein Kind koͤnne zu rechtem Geſchick gelencket/ oder wann
    <lb/>es unrecht ſtuͤnde/ gewendet werden/ augenſcheinlich vor
    <lb/>bildete; ſondern auch deutlich beſchrieben/ und dadurch
    <lb/>auch den Wehe-Muͤttern ein Licht zu geben und mehr <choice><orig>zu-<lb break="no"/>ſchreiben</orig><reg>zuſchreiben</reg></choice>
von vielen angemahnet ward. Und zu <choice><orig>die-<lb break="no"/>ſem</orig><reg>dieſem</reg></choice>
Ende war ja noͤhtig auffs aller deutlichſte dieſe <choice><orig>Zu-<lb break="no"/>faͤlle</orig><reg>Zufaͤlle</reg></choice>/
die ſo wenig bekand/ vorzuſtellen/ und offt ein
    <lb/>Ding zu wiederhohlen/ damit es auch die <choice><orig>Allereinfaͤl-<pb break="no" n="):():():():( 2.r"/>tigſten</orig><reg>Allereinfaͤltigſten</reg></choice> 
begreiffen moͤgen. Gelahrte Dinge gehoͤren
    <lb/>fuͤr die Gelahrte/ die aus meinen Unterricht nur <choice><orig>die-<lb break="no"/>ſes</orig><reg>dieſes</reg></choice>
koͤnnen ſehen/ wie ein vorſichtiger Angrieff die <choice><orig>Ge-<lb break="no"/>fahr</orig><reg>Gefahr</reg></choice>
ergruͤnden/ und ein ſorgfaͤltiger Handgriff durch
    <lb/>Gottes Gnade in der Gefahr dienen und helffen kan.
    <lb/>Dafern nicht alles nach der Gelahrten Sinn <choice><orig>geſchrie-<lb break="no"/>ben</orig><reg>geſchrieben</reg></choice>/
will mich gerne weiſen laſſen/ und ſolte eines und das
    <lb/>ander noch beſſer muͤſſen erklaͤhret werden/ auch allzeit
    <lb/>dazu willig mich ſtellen/ ſo weit/ als ich aus dem <choice><orig>Be-<lb break="no"/>grieff</orig><reg>Begrieff</reg></choice>
und der Erfahrung davon redenkan. Wo ich <choice><orig>ge-<lb break="no"/>irret</orig><reg>geirret</reg></choice>
habe/ will ich dem dancken/ der mich beſſer mit
    <lb/>Grund unterweiſet: Im Fall auch noch einige Faͤlle/
    <lb/>die hier nicht berichtet/ mir an die Hand gegeben <choice><orig>wer-<lb break="no"/>den</orig><reg>werden</reg></choice>/
wird es mir lieb ſeyn/ dieſelbe zu wiſſen/ zu <choice><orig>meh-<lb break="no"/>rern</orig><reg>mehrern</reg></choice>
Grund/ weil in der Erfahrung wir taͤglich kluͤger
    <lb/>werden koͤnnen und muͤſſen. Wenn alſo mein Zweck
    <lb/>und meine Perſon recht betrachtet wird/ da ich als eine
    <lb/>Wehe-Mutter andere zu unterrichten ſuche/ wird <choice><orig>nie-<lb break="no"/>mand</orig><reg>niemand</reg></choice>
eine andere Art von ſchreiben/ als dieſe deutliche
    <lb/>und einfaͤltige von mir erwarten/ und alſo deßwegen
    <lb/>nicht die darunter vorgeſtellete noͤhtige und nuͤtzliche
    <lb/>Dinge verachten. Daß unter dieſer einfaͤltigen <choice><orig>Re-<lb break="no"/>dens-Art</orig><reg>Redens-Art</reg></choice>
viele gute Dinge enthalten ſeyn/ iſt das <choice><orig>Zeug-<lb break="no"/>nuͤß</orig><reg>Zeugnuͤß</reg></choice>
der hochloͤblichen Mediciniſchen Faculitaͤt zu
    <lb/>Franckfurt/ die ehe ich es zum Druck gegeben/ geleſen;
    <lb/>und daß nichts Aberglaubiſch und wieder Gottes Wort
    <lb/>darinn vorgeſtellet/ zeugen nach angeſtelleter <choice><orig>durchle-<pb break="no" n="):():():():( 2.v"/>ſung</orig><reg>durchleſung</reg></choice> 
die Churfuͤrſtlichen Herren Hoff-Predigere/ derer
    <lb/>Zeugnuͤß umb die <foreign xml:lang="Latin" rend="antiqua">Privilegia</foreign> zu haben/ habe einhohlen
    <lb/>muͤſſen: Beyde ſetzen dem Leſer zur Nachricht hier bey/
    <lb/>als auß welchem kan dieſe meine einfaͤltige Arbeit/ ſo
    <lb/>weit es noͤhtig iſt/ gerechtfertiget/ und womit fuͤglich
    <lb/>dieſer Vorbericht beſchloſſen werden.
    <lb/>GOtt zu ehren/ durch ſeine Gaben/ meinem Nechſten
    <lb/>zu dienen mit meinem Beruff/ iſt geweſen mein Zweck in
    <lb/>dieſem Wercke/ und ſoll auch ſeyn mein Ziehl/ ſo lange
    <lb/>Gott Kraͤffte und Leben giebet/ zu deſſen Gnade den
    <lb/>geneigten Leſer und mich empfehle/ mit dem Wunſch das
    <lb/>Gott uns alle in dieſer Zeit wolle zu bereiten/ zu
    <lb/>ſeinem Lob und ewigen Seeligkeit
    <lb/>Amen.</p></div>
 <pb n="):():():():( 3.r"/>
<div><p>WIr Endesunterſchriebene bekennen
   <lb/>und <hi rend="antiqua">Atteſti</hi>ren hiermit/ daß im Durchleſung
   <lb/>des Buches von ſchweren Geburthen/ und
   <lb/>wo moͤglich/ Verhuͤttung derſelben/ wie auch
   <lb/>von Wendungen der unrechten Gebuhrten/ durch <abbr>Fr.</abbr>
   <lb/>Juſtinen Siegmundin/ <abbr>Churfuͤrſtl. Brandenb.</abbr> <choice><orig>ge-<lb break="no"/>ſchwornen</orig><reg>geſchwornen</reg></choice>
 Hof-Wehe-Mutter/ in Frag und Antwort
   <lb/>geſtellet/ und Uns zu gehoͤriger <hi rend="antiqua">Cenſur</hi> uͤbergeben/ Wir
   <lb/>nichtes befunden/ was wieder Gott und ſein heiliges
   <lb/>Wort ſtreite/ oder dem Chriſtlichen Glauben im <choice><orig>ge-<lb break="no"/>ringſten</orig><reg>geringſten</reg></choice>
 nachtheilig/ ſondern vielmehr alles/ ohne <choice rend="antiqua"><orig>ſu-<lb break="no"/>perſtition</orig><reg>ſuperſtition</reg></choice>,
 der Erbarkeit gemaͤß eingerichtet ſey; ſo daß
   <lb/>ihre Chriſtliche intention billich zu loben/ und ſolcher
   <lb/>ihr Unterricht gar wol und mit Nutzen dem <foreign xml:lang="Latin" rend="antiqua">Publico</foreign>
   <lb/>zum beſten gedrucket werden koͤnne.</p> <dateline>Gegeben Coͤlln
      <lb/>an der Spree den 5. <hi rend="antiqua">April</hi>. 1689.</dateline>
   <lb/><signed><abbr rend="antiqua">G. C. BERGIUS. D.</abbr>
      <lb/><abbr>Churf. Brandenb.</abbr> Elteſter
      <lb/>Hof-Prediger und <choice><orig>Con-<lb break="no"/>ſiſtorial</orig><reg>Coſiſtorial</reg></choice>
Rath.</signed>
   <lb/><signed>Heinrich Schmettow/
      <lb/><abbr>Churf.</abbr> Hof-Prediger.</signed>
   <lb/><signed><hi rend="antiqua">ANTONIUS BRUNSENIUS</hi>,
      <lb/><abbr>Churfuͤrſtl.</abbr> Hof-Prediger.</signed></div>
 <pb n="):():():():( 3.v"/>
<div><p>WIr <foreign xml:lang="Latin" rend="antiqua">Decanus, Senior, Doctores</foreign> und
   <lb/><foreign xml:lang="Latin" rend="antiqua">Profeſſores Ordinarii</foreign>, der Mediciniſchen <choice><orig>Fa-<lb break="no"/>cultaͤt</orig><reg>Facultaͤt</reg></choice>/
 auff der <abbr>Churfuͤrſtl. Brandenb.</abbr> <choice><orig>Uni-<lb break="no"/>verſitaͤt</orig><reg>Univerſitaͤt</reg></choice>
 zu Franckfurt an der Oder/ geben
   <lb/>hiermit zu vernehmen/ das Frau Juſtina <choice><orig>Sigis-<lb break="no"/>mundin</orig><reg>Sigismundin</reg></choice>
 mundin bey Uns eingegeben und zuverleſen gebehten/
   <lb/>ein Buch beſtehend in zweyen Theilen/ derer Titel ſind:
   <lb/><num>[I.]</num> Ein Geſpraͤch zweyer Friedliebenden Wehe-
   <lb/>Muͤtter/ welche/ wegen ihres Beruffs oder Ambts ſich
   <lb/>treuhertzig mit einander unterreden/ wegen ſchwehrer
   <lb/>Gebuhrten/ wie auch wegen Wendung der unrechten
   <lb/>Gebuhrten/ darinnen die unterredende Perſonen ſeynd
   <lb/>Chriſtina/ Juſtina. <num>[II.]</num> Ein ander Geſpraͤch/
   <lb/>worinnen hinwieder Juſtina von Chriſtinen durch
   <lb/>vielle Fragen vernimmet: Ob Sie auch Ihren <choice><orig>Unter-<lb break="no"/>richt</orig><reg>Unterricht</reg></choice>
 verſtanden und gefaſſet? Mit angehenchtem <choice><orig>Be-<lb break="no"/>richt</orig><reg>Bericht</reg></choice>/
 daß wir den darinn befindlichen einfaͤltigen <foreign xml:lang="Latin" rend="antiqua">Stylum</foreign>
 Uns nicht befrembden laſſen moͤchten/ maſſen Sie <choice><orig>ſelb-<lb break="no"/>ſten</orig><reg>ſelbſten</reg></choice>
 ohne andere Huͤlffe es alſo zuſammen geſchrieben/
   <lb/>vornehmlich zu dem Ende/ daß einfaͤltige <choice><orig>Wehe-Muͤt-<lb break="no"/>ter</orig><reg>Wehe-Muͤtter</reg></choice>
 deſto leichter die darinnen enthaltene Dinge <choice><orig>begreif-<lb break="no"/>fen</orig><reg>begreiffen</reg></choice>
 und ſich darauß zum gemeinen Nutzen der <choice><orig>Schwan-<lb break="no"/>gern</orig><reg>Schwangern</reg></choice>
 und Gebaͤhrenden erbauen koͤnten.</p>
 <p>Wie wir nun dieſe Ihre gute <hi rend="antiqua">Intention</hi> allerdings
    <lb/><hi rend="antiqua">approbi</hi>ren/ alſo haben Wir auch bey Durchleſung <choice><orig>deſſel-<lb break="no"/>ben</orig><reg>deſſelben</reg></choice>
befunden/ daß unter ſolcher Schreibens-Art vielle
    <lb/>gute und nuͤtzliche Dinge/ geſchickliche Hand-Griffe und
    <lb/>Wendungen/ ſo vielen/ ja leider! den meiſten Wehe-
<pb n="):():():():( 4.r"/>
Muͤttern/ zum nicht geringen Nachtheil vieler <choice><orig>geſeegne-<lb break="no"/>ten</orig><reg>geſeegneten</reg></choice>
Frauen/ bißher wenig bekant ſeynd/ angegeben/ und
    <lb/>nach eigener Erfahrung deutlich beſchrieben ſeynd.
    <lb/>Dannenhero Wir denn der Meynung und Hoffnung
    <lb/>leben/ daß es mit guten Nutzen in offentlichen Druck
    <lb/>gegeben/ und von denen Wehe-Muͤtteren werde geleſen/
    <lb/>auch von den ſaͤmbtlichen Frauen-Zimmer mit groſſen
    <lb/>Danck angenommen werden. Solche Unſere <choice><orig>Hoff-<lb break="no"/>nunge</orig><reg>Hoffnunge</reg></choice>
wolle der Hoͤchſte erfuͤllen/ und Ihren Beruff
    <lb/>wie bißher/ alſo ferner nach ihren eigenen Wunſche
    <lb/>geſeegenen.</p> <dateline>Gegeben unter Unſer Facultaͤt Inſiegel/
       <lb/>Franckfurt an der Oder/ den 28ten. <hi rend="antiqua">Martii</hi>. Anno 1689.</dateline>
   <lb/><closer><foreign xml:lang="Latin" rend="antiqua">Decanus, Senior, Doctores</foreign> und
      <lb/><foreign xml:lang="Latin" rend="antiqua">Profeſſores Ordinarii</foreign> der <choice><orig>Medici-<lb break="no"/>niſchen</orig><reg>Mediciniſchen</reg></choice>
 Faculitaͤt auff der <abbr>Churf.
    <lb/>Brandenb.</abbr> Univerſitaͤt zu <choice><orig>Franck-<lb break="no"/>furth</orig><reg>Frankfurth</reg></choice>
an der Oder.</closer>
   <lb/><signed>(<abbr rend="antiqua">L. S.</abbr>)</signed></div></div>
</body>
   </text>
</TEI>