<?xml version="1.0" encoding="UTF-8"?>
<TEI xmlns="http://www.tei-c.org/ns/1.0">
  <teiHeader type="ESBD-ER">
    <fileDesc>
      <titleStmt>
        <title type="main">The Nottingham Corpus of Early Modern German Midwifery and Women's Medicine (ca. 1500-1700)</title>
        <title type="alternative">The GeMi Corpus</title>
        <author>Richard J Whitt</author>
      </titleStmt>
      <editionStmt>
        <edition/>
      </editionStmt>
      <extent>
        <seg type="designation">CollectionText</seg>
        <seg type="size">48 files: ca. 4.4 MB</seg>
      </extent>
      <publicationStmt>
        <authority>[Depositor details removed]<date>2016-09-09</date></authority>
        <distributor>
          <name key="ota" type="organisation">University of Oxford Text Archive</name>
          <name type="place">Oxford</name>
          <address>
            <addrLine>
              <name key="ota" type="organisation">OTA</name>
            </addrLine>
            <addrLine>IT Services</addrLine>
            <addrLine>7-19 Banbury Road</addrLine>
            <addrLine>Oxford</addrLine>
            <addrLine>OX2 6NN</addrLine>
            <addrLine>
              <name type="email">ota@bodleian.ox.ac.uk</name>
            </addrLine>
          </address>
        </distributor>
        <idno type="OTA">2562</idno>
        <idno type="ota">2562</idno>
	<idno type="PURL">http://purl.ox.ac.uk/ota/2562</idno>
        <availability n="OTA-new" status="free" rend="visible">
          <licence target="http://creativecommons.org/licenses/by-nc-sa/3.0/">
          Distributed by the University of Oxford under a Creative Commons Attribution-NonCommercial-ShareAlike 3.0 Unported License.
          </licence>
        </availability>
        <date>2016-09-09</date>
      </publicationStmt>
      <notesStmt>
        <note type="summary"><p>The resource is a text corpus, with digital text files, in plain text, and TEI XML versions.</p>
</note>
<note><p>
Texts are taken primarily from digital facsimile copies available on-line via the University of Würzburg’s web-based library interface, Digitale Volltexte zur Geschichte der deutschen Fach- und Wissenschaftssprachen (<link target="http://www.fachtexte.germanistik.uni-wuerzburg.de/">http://www.fachtexte.germanistik.uni-wuerzburg.de/</link>), particularly from the subcategory of Gynäkologie ‘gynaecology’ (<link target="http://www.fachtexte.germanistik.uni-wuerzburg.de/suche.php?suche=sachbereich&amp;formular=go&amp;sachbereich=30">http://www.fachtexte.germanistik.uni-wuerzburg.de/suche.php?suche=sachbereich&amp;formular=go&amp;sachbereich=30</link>). Where this is not the case (mainly in the texts by Rösslin and Rüff), a 1910 facsimile copy (ed. Gustav Klein) was used as the basis of transcription instead.</p>
<p>Diplomatic transcription, double keying, and proofreading. The data represent partial copies of the works in question (sometimes the majority of text was keyed in, but there always some omissions in one form or another).</p></note>
      </notesStmt>
      <sourceDesc>
        <bibl><p>The Nottingham Corpus of Early Modern German Midwifery and Women’s Medicine (ca. 1500-1700), or the GeMi Corpus, provides a representative sample of the earliest German-language medical writing to appear in print, particularly in the areas of midwifery and women’s medicine related to pregnancy and childbirth. It is the first corpus devoted exclusively to Fachsprache, or specialised language usage, thus complementing extant corpora for German that focus more on several genres or just literary discourse. This is a particularly interesting time in the history of midwifery and gynaecology, for it is the period when there is increased vernacularization of European languages in scientific/medical writing, scholastic-based models of medicine are being abandoned, and practising midwives such as Louise Bourgeois and Justine Siegemund – frustrated with the perceived inadequecies of texts written by learned physicians – begin writing their own midwifery treatises.
        </p></bibl>
      </sourceDesc>
    </fileDesc>
    <encodingDesc>
      <projectDesc>
        <p>This corpus has been developed as part of the research project “Evidentiality and Genre in the Histories of English and German”: A corpus-driven investigation into the connection between genre and the development of evidential markers in the histories of English and German from the early modern period to the present. After some initial broad investigations, it was decided to focus on the development of evidential markers in the domain of scientific writing, specifically medical writing. However, it quickly became apparent that there were far more corpus resources available for early modern English than for early modern German, and thus the current corpus was created to partly remedy this.
          
        </p>
      </projectDesc>
      <samplingDecl>
<p>
Texts are taken primarily from digital facsimile copies available on-line via the University of Würzburg’s web-based library interface, Digitale Volltexte zur Geschichte der deutschen Fach- und Wissenschaftssprachen (<link target="http://www.fachtexte.germanistik.uni-wuerzburg.de/">http://www.fachtexte.germanistik.uni-wuerzburg.de/</link>), particularly from the subcategory of Gynäkologie ‘gynaecology’ (<link target="http://www.fachtexte.germanistik.uni-wuerzburg.de/suche.php?suche=sachbereich&amp;formular=go&amp;sachbereich=30">http://www.fachtexte.germanistik.uni-wuerzburg.de/suche.php?suche=sachbereich&amp;formular=go&amp;sachbereich=30</link>). Where this is not the case (mainly in the texts by Rösslin and Rüff), a 1910 facsimile copy (ed. Gustav Klein) was used as the basis of transcription instead.</p>
<p>Diplomatic transcription, double keying, and proofreading. The data represent partial copies of the works in question (sometimes the majority of text was keyed in, but there always some omissions in one form or another).</p>
</samplingDecl>
      <editorialDecl>
        <p>Encoding format: plain text, XML markup</p>
      </editorialDecl>
      <refsDecl>
        <p/>
      </refsDecl>
      <classDecl>
        <taxonomy xml:id="OTASH">
          <bibl>University of Oxford Text Archive Subject Headings</bibl>
        </taxonomy>
        <taxonomy xml:id="LCSH">
          <bibl>Library of Congress Subject Headings</bibl>
        </taxonomy>
      </classDecl>
    </encodingDesc>
    <profileDesc>
      <creation>
        <date from="2015-08" to="2016-08">2015-2016
</date>
      </creation>
      <langUsage>
        <language ident="deu">German</language>
      </langUsage>
      <textClass>
        <keywords scheme="#OTASH">
          <term type="genre">Linguistic corpora</term>
        </keywords>
        <keywords scheme="#OTASH">
          <term type="resource_type">Corpus</term>
        </keywords>
        <keywords scheme="#LCSH">
          <term type="genre">Linguistics</term>
        </keywords>
        <keywords scheme="#LCSH">
          <term type="genre">Linguistics analysis (Linguistics)</term>
        </keywords>
        <keywords scheme="#LCSH">
          <term type="genre">German language--Written German</term>
        </keywords>
        <keywords scheme="#LCSH">
          <term type="genre">Midwifery</term>
        </keywords>
        <keywords scheme="#LCSH">
          <term type="genre">Midwifery in Literature</term>
        </keywords>
      </textClass>
      <textClass>
        <keywords scheme="http://www.ota.ox.ac.uk/processing">
          <term type="class">corpus</term>
          <term type="license">CC BY-NC-ND 4.0</term>
        </keywords>
      </textClass>
    </profileDesc>
    <revisionDesc>
      <change><date>2016-09-09</date><label>cataloguer</label><name>Wynne, Martin</name>TEIXML header composed
 </change>
    </revisionDesc>
  </teiHeader>
  <text>
    <body>
      <div type="OTA-filemap" rend="visible" n="unrestricted">
        <ab type="dir">
          <seg type="part">1</seg>
          <ptr type="resourcePart" target="GeMiCorpus"/>
        </ab>
      </div>
    </body>
  </text>
</TEI>
